date,machine_name,region_id,sex,genotype,compound,vial_date,start_hour,concentration,baseline_days
2019-10-15,ETHOSCOPE_111,1,male,CS,solvent,02/10/2019,ZT1,1000,0
2019-10-15,ETHOSCOPE_111,2,male,CS,solvent,02/10/2019,ZT1,1000,0
2019-10-15,ETHOSCOPE_111,3,male,CS,pymetrozine,02/10/2019,ZT1,1000,0
2019-10-15,ETHOSCOPE_111,4,male,CS,pymetrozine,02/10/2019,ZT1,1000,0
2019-10-15,ETHOSCOPE_111,5,male,CS,solvent,02/10/2019,ZT1,1000,0
2019-10-15,ETHOSCOPE_111,6,male,CS,solvent,02/10/2019,ZT1,1000,0
2019-10-15,ETHOSCOPE_111,7,male,CS,pymetrozine,02/10/2019,ZT1,1000,0
2019-10-15,ETHOSCOPE_111,8,male,CS,pymetrozine,02/10/2019,ZT1,1000,0
2019-10-15,ETHOSCOPE_111,9,male,CS,solvent,02/10/2019,ZT1,1000,0
2019-10-15,ETHOSCOPE_111,10,male,CS,solvent,02/10/2019,ZT1,1000,0
2019-10-15,ETHOSCOPE_111,11,male,CS,pymetrozine,02/10/2019,ZT1,1000,0
2019-10-15,ETHOSCOPE_111,12,male,CS,pymetrozine,02/10/2019,ZT1,1000,0
2019-10-15,ETHOSCOPE_111,13,male,CS,solvent,02/10/2019,ZT1,1000,0
2019-10-15,ETHOSCOPE_111,14,male,CS,solvent,02/10/2019,ZT1,1000,0
2019-10-15,ETHOSCOPE_111,15,male,CS,pymetrozine,02/10/2019,ZT1,1000,0
2019-10-15,ETHOSCOPE_111,16,male,CS,pymetrozine,02/10/2019,ZT1,1000,0
2019-10-15,ETHOSCOPE_111,17,male,CS,solvent,02/10/2019,ZT1,1000,0
2019-10-15,ETHOSCOPE_111,18,male,CS,solvent,02/10/2019,ZT1,1000,0
2019-10-15,ETHOSCOPE_111,19,male,CS,pymetrozine,02/10/2019,ZT1,1000,0
2019-10-15,ETHOSCOPE_111,20,male,CS,pymetrozine,02/10/2019,ZT1,1000,0
2019-10-15,ETHOSCOPE_111,21,male,CS,solvent,02/10/2019,ZT1,1000,0
2019-10-15,ETHOSCOPE_111,22,male,CS,solvent,02/10/2019,ZT1,1000,0
2019-10-15,ETHOSCOPE_111,23,male,CS,pymetrozine,02/10/2019,ZT1,1000,0
2019-10-15,ETHOSCOPE_111,24,male,CS,pymetrozine,02/10/2019,ZT1,1000,0
2019-10-15,ETHOSCOPE_110,1,male,CS,solvent,02/10/2019,ZT1,1000,0
2019-10-15,ETHOSCOPE_110,2,male,CS,solvent,02/10/2019,ZT1,1000,0
2019-10-15,ETHOSCOPE_110,3,male,CS,spirindoline,02/10/2019,ZT1,1000,0
2019-10-15,ETHOSCOPE_110,4,male,CS,spirindoline,02/10/2019,ZT1,1000,0
2019-10-15,ETHOSCOPE_110,5,male,CS,solvent,02/10/2019,ZT1,1000,0
2019-10-15,ETHOSCOPE_110,6,male,CS,solvent,02/10/2019,ZT1,1000,0
2019-10-15,ETHOSCOPE_110,7,male,CS,spirindoline,02/10/2019,ZT1,1000,0
2019-10-15,ETHOSCOPE_110,8,male,CS,spirindoline,02/10/2019,ZT1,1000,0
2019-10-15,ETHOSCOPE_110,9,male,CS,solvent,02/10/2019,ZT1,1000,0
2019-10-15,ETHOSCOPE_110,10,male,CS,solvent,02/10/2019,ZT1,1000,0
2019-10-15,ETHOSCOPE_110,11,male,CS,spirindoline,02/10/2019,ZT1,1000,0
2019-10-15,ETHOSCOPE_110,12,male,CS,spirindoline,02/10/2019,ZT1,1000,0
2019-10-15,ETHOSCOPE_110,13,male,CS,solvent,02/10/2019,ZT1,1000,0
2019-10-15,ETHOSCOPE_110,14,male,CS,solvent,02/10/2019,ZT1,1000,0
2019-10-15,ETHOSCOPE_110,15,male,CS,spirindoline,02/10/2019,ZT1,1000,0
2019-10-15,ETHOSCOPE_110,16,male,CS,spirindoline,02/10/2019,ZT1,1000,0
2019-10-15,ETHOSCOPE_110,17,male,CS,solvent,02/10/2019,ZT1,1000,0
2019-10-15,ETHOSCOPE_110,18,male,CS,solvent,02/10/2019,ZT1,1000,0
2019-10-15,ETHOSCOPE_110,19,male,CS,spirindoline,02/10/2019,ZT1,1000,0
2019-10-15,ETHOSCOPE_110,20,male,CS,spirindoline,02/10/2019,ZT1,1000,0
2019-10-15,ETHOSCOPE_110,21,male,CS,solvent,02/10/2019,ZT1,1000,0
2019-10-15,ETHOSCOPE_110,22,male,CS,solvent,02/10/2019,ZT1,1000,0
2019-10-15,ETHOSCOPE_110,23,male,CS,spirindoline,02/10/2019,ZT1,1000,0
2019-10-15,ETHOSCOPE_110,24,male,CS,spirindoline,02/10/2019,ZT1,1000,0
2019-10-15,ETHOSCOPE_107,1,male,CS,solvent,02/10/2019,ZT1,1000,0
2019-10-15,ETHOSCOPE_107,2,male,CS,solvent,02/10/2019,ZT1,1000,0
2019-10-15,ETHOSCOPE_107,3,male,CS,pymetrozine,02/10/2019,ZT1,1000,0
2019-10-15,ETHOSCOPE_107,4,male,CS,pymetrozine,02/10/2019,ZT1,1000,0
2019-10-15,ETHOSCOPE_107,5,male,CS,solvent,02/10/2019,ZT1,1000,0
2019-10-15,ETHOSCOPE_107,6,male,CS,solvent,02/10/2019,ZT1,1000,0
2019-10-15,ETHOSCOPE_107,7,male,CS,pymetrozine,02/10/2019,ZT1,1000,0
2019-10-15,ETHOSCOPE_107,8,male,CS,pymetrozine,02/10/2019,ZT1,1000,0
2019-10-15,ETHOSCOPE_107,9,male,CS,solvent,02/10/2019,ZT1,1000,0
2019-10-15,ETHOSCOPE_107,10,male,CS,solvent,02/10/2019,ZT1,1000,0
2019-10-15,ETHOSCOPE_107,11,male,CS,pymetrozine,02/10/2019,ZT1,1000,0
2019-10-15,ETHOSCOPE_107,12,male,CS,pymetrozine,02/10/2019,ZT1,1000,0
2019-10-15,ETHOSCOPE_107,13,male,CS,solvent,02/10/2019,ZT1,1000,0
2019-10-15,ETHOSCOPE_107,14,male,CS,solvent,02/10/2019,ZT1,1000,0
2019-10-15,ETHOSCOPE_107,15,male,CS,pymetrozine,02/10/2019,ZT1,1000,0
2019-10-15,ETHOSCOPE_107,16,male,CS,pymetrozine,02/10/2019,ZT1,1000,0
2019-10-15,ETHOSCOPE_107,17,male,CS,solvent,02/10/2019,ZT1,1000,0
2019-10-15,ETHOSCOPE_107,18,male,CS,solvent,02/10/2019,ZT1,1000,0
2019-10-15,ETHOSCOPE_107,19,male,CS,pymetrozine,02/10/2019,ZT1,1000,0
2019-10-15,ETHOSCOPE_107,20,male,CS,pymetrozine,02/10/2019,ZT1,1000,0
2019-10-15,ETHOSCOPE_107,21,male,CS,solvent,02/10/2019,ZT1,1000,0
2019-10-15,ETHOSCOPE_107,22,male,CS,solvent,02/10/2019,ZT1,1000,0
2019-10-15,ETHOSCOPE_107,23,male,CS,pymetrozine,02/10/2019,ZT1,1000,0
2019-10-15,ETHOSCOPE_107,24,male,CS,pymetrozine,02/10/2019,ZT1,1000,0
2019-10-15,ETHOSCOPE_103,1,male,CS,solvent,02/10/2019,ZT1,1000,0
2019-10-15,ETHOSCOPE_103,2,male,CS,solvent,02/10/2019,ZT1,1000,0
2019-10-15,ETHOSCOPE_103,3,male,CS,spirindoline,02/10/2019,ZT1,1000,0
2019-10-15,ETHOSCOPE_103,4,male,CS,spirindoline,02/10/2019,ZT1,1000,0
2019-10-15,ETHOSCOPE_103,5,male,CS,solvent,02/10/2019,ZT1,1000,0
2019-10-15,ETHOSCOPE_103,6,male,CS,solvent,02/10/2019,ZT1,1000,0
2019-10-15,ETHOSCOPE_103,7,male,CS,spirindoline,02/10/2019,ZT1,1000,0
2019-10-15,ETHOSCOPE_103,8,male,CS,spirindoline,02/10/2019,ZT1,1000,0
2019-10-15,ETHOSCOPE_103,9,male,CS,solvent,02/10/2019,ZT1,1000,0
2019-10-15,ETHOSCOPE_103,10,male,CS,solvent,02/10/2019,ZT1,1000,0
2019-10-15,ETHOSCOPE_103,11,male,CS,spirindoline,02/10/2019,ZT1,1000,0
2019-10-15,ETHOSCOPE_103,12,male,CS,spirindoline,02/10/2019,ZT1,1000,0
2019-10-15,ETHOSCOPE_103,13,male,CS,solvent,02/10/2019,ZT1,1000,0
2019-10-15,ETHOSCOPE_103,14,male,CS,solvent,02/10/2019,ZT1,1000,0
2019-10-15,ETHOSCOPE_103,15,male,CS,spirindoline,02/10/2019,ZT1,1000,0
2019-10-15,ETHOSCOPE_103,16,male,CS,spirindoline,02/10/2019,ZT1,1000,0
2019-10-15,ETHOSCOPE_103,17,male,CS,solvent,02/10/2019,ZT1,1000,0
2019-10-15,ETHOSCOPE_103,18,male,CS,solvent,02/10/2019,ZT1,1000,0
2019-10-15,ETHOSCOPE_103,19,male,CS,spirindoline,02/10/2019,ZT1,1000,0
2019-10-15,ETHOSCOPE_103,20,male,CS,spirindoline,02/10/2019,ZT1,1000,0
2019-10-15,ETHOSCOPE_103,21,male,CS,solvent,02/10/2019,ZT1,1000,0
2019-10-15,ETHOSCOPE_103,22,male,CS,solvent,02/10/2019,ZT1,1000,0
2019-10-15,ETHOSCOPE_103,23,male,CS,spirindoline,02/10/2019,ZT1,1000,0
2019-10-15,ETHOSCOPE_103,24,male,CS,spirindoline,02/10/2019,ZT1,1000,0
2020-09-20,ETHOSCOPE_148,1,male,CS,ryanodine,21/08/2020,ZT0,1000,0
2020-09-20,ETHOSCOPE_148,2,male,CS,ryanodine,21/08/2020,ZT0,1000,0
2020-09-20,ETHOSCOPE_148,3,male,CS,ryanodine,21/08/2020,ZT0,1000,0
2020-09-20,ETHOSCOPE_148,4,male,CS,ryanodine,21/08/2020,ZT0,1000,0
2020-09-20,ETHOSCOPE_148,5,male,CS,ryanodine,21/08/2020,ZT0,1000,0
2020-09-20,ETHOSCOPE_148,6,male,CS,ryanodine,21/08/2020,ZT0,1000,0
2020-09-20,ETHOSCOPE_148,7,male,CS,ryanodine,21/08/2020,ZT0,1000,0
2020-09-20,ETHOSCOPE_148,8,male,CS,ryanodine,21/08/2020,ZT0,1000,0
2020-09-20,ETHOSCOPE_148,9,male,CS,ryanodine,21/08/2020,ZT0,1000,0
2020-09-20,ETHOSCOPE_148,10,male,CS,ryanodine,21/08/2020,ZT0,1000,0
2020-09-20,ETHOSCOPE_148,11,male,CS,ryanodine,21/08/2020,ZT0,1000,0
2020-09-20,ETHOSCOPE_148,12,male,CS,ryanodine,21/08/2020,ZT0,1000,0
2020-09-20,ETHOSCOPE_148,13,male,CS,ryanodine,21/08/2020,ZT0,1000,0
2020-09-20,ETHOSCOPE_148,14,male,CS,ryanodine,21/08/2020,ZT0,1000,0
2020-09-20,ETHOSCOPE_148,15,male,CS,ryanodine,21/08/2020,ZT0,1000,0
2020-09-20,ETHOSCOPE_148,16,male,CS,ryanodine,21/08/2020,ZT0,1000,0
2020-09-20,ETHOSCOPE_148,17,male,CS,ryanodine,21/08/2020,ZT0,1000,0
2020-09-20,ETHOSCOPE_148,18,male,CS,ryanodine,21/08/2020,ZT0,1000,0
2020-09-20,ETHOSCOPE_148,19,male,CS,ryanodine,21/08/2020,ZT0,1000,0
2020-09-20,ETHOSCOPE_148,20,male,CS,ryanodine,21/08/2020,ZT0,1000,0
2020-09-20,ETHOSCOPE_148,21,male,CS,ryanodine,21/08/2020,ZT0,1000,0
2020-09-20,ETHOSCOPE_148,22,male,CS,ryanodine,21/08/2020,ZT0,1000,0
2020-09-20,ETHOSCOPE_148,23,male,CS,ryanodine,21/08/2020,ZT0,1000,0
2020-09-20,ETHOSCOPE_148,24,male,CS,ryanodine,21/08/2020,ZT0,1000,0
2020-09-20,ETHOSCOPE_219,1,male,CS,dieldrin,21/08/2020,ZT0,1000,0
2020-09-20,ETHOSCOPE_219,2,male,CS,dieldrin,21/08/2020,ZT0,1000,0
2020-09-20,ETHOSCOPE_219,3,male,CS,dieldrin,21/08/2020,ZT0,1000,0
2020-09-20,ETHOSCOPE_219,4,male,CS,dieldrin,21/08/2020,ZT0,1000,0
2020-09-20,ETHOSCOPE_219,5,male,CS,dieldrin,21/08/2020,ZT0,1000,0
2020-09-20,ETHOSCOPE_219,6,male,CS,dieldrin,21/08/2020,ZT0,1000,0
2020-09-20,ETHOSCOPE_219,7,male,CS,dieldrin,21/08/2020,ZT0,1000,0
2020-09-20,ETHOSCOPE_219,8,male,CS,dieldrin,21/08/2020,ZT0,1000,0
2020-09-20,ETHOSCOPE_219,9,male,CS,dieldrin,21/08/2020,ZT0,1000,0
2020-09-20,ETHOSCOPE_219,10,male,CS,dieldrin,21/08/2020,ZT0,1000,0
2020-09-20,ETHOSCOPE_219,11,male,CS,dieldrin,21/08/2020,ZT0,1000,0
2020-09-20,ETHOSCOPE_219,12,male,CS,dieldrin,21/08/2020,ZT0,1000,0
2020-09-20,ETHOSCOPE_219,13,male,CS,dieldrin,21/08/2020,ZT0,1000,0
2020-09-20,ETHOSCOPE_219,14,male,CS,dieldrin,21/08/2020,ZT0,1000,0
2020-09-20,ETHOSCOPE_219,15,male,CS,dieldrin,21/08/2020,ZT0,1000,0
2020-09-20,ETHOSCOPE_219,16,male,CS,dieldrin,21/08/2020,ZT0,1000,0
2020-09-20,ETHOSCOPE_219,17,male,CS,dieldrin,21/08/2020,ZT0,1000,0
2020-09-20,ETHOSCOPE_219,18,male,CS,dieldrin,21/08/2020,ZT0,1000,0
2020-09-20,ETHOSCOPE_219,19,male,CS,dieldrin,21/08/2020,ZT0,1000,0
2020-09-20,ETHOSCOPE_219,20,male,CS,dieldrin,21/08/2020,ZT0,1000,0
2020-09-20,ETHOSCOPE_219,21,male,CS,dieldrin,21/08/2020,ZT0,1000,0
2020-09-20,ETHOSCOPE_219,22,male,CS,dieldrin,21/08/2020,ZT0,1000,0
2020-09-20,ETHOSCOPE_219,23,male,CS,dieldrin,21/08/2020,ZT0,1000,0
2020-09-20,ETHOSCOPE_219,24,male,CS,dieldrin,21/08/2020,ZT0,1000,0
2020-09-20,ETHOSCOPE_218,1,male,CS,solvent,21/08/2020,ZT0,1000,0
2020-09-20,ETHOSCOPE_218,2,male,CS,solvent,21/08/2020,ZT0,1000,0
2020-09-20,ETHOSCOPE_218,3,male,CS,solvent,21/08/2020,ZT0,1000,0
2020-09-20,ETHOSCOPE_218,4,male,CS,solvent,21/08/2020,ZT0,1000,0
2020-09-20,ETHOSCOPE_218,5,male,CS,solvent,21/08/2020,ZT0,1000,0
2020-09-20,ETHOSCOPE_218,6,male,CS,solvent,21/08/2020,ZT0,1000,0
2020-09-20,ETHOSCOPE_218,7,male,CS,solvent,21/08/2020,ZT0,1000,0
2020-09-20,ETHOSCOPE_218,8,male,CS,solvent,21/08/2020,ZT0,1000,0
2020-09-20,ETHOSCOPE_218,9,male,CS,solvent,21/08/2020,ZT0,1000,0
2020-09-20,ETHOSCOPE_218,10,male,CS,solvent,21/08/2020,ZT0,1000,0
2020-09-20,ETHOSCOPE_218,11,male,CS,solvent,21/08/2020,ZT0,1000,0
2020-09-20,ETHOSCOPE_218,12,male,CS,solvent,21/08/2020,ZT0,1000,0
2020-09-20,ETHOSCOPE_218,13,male,CS,solvent,21/08/2020,ZT0,1000,0
2020-09-20,ETHOSCOPE_218,14,male,CS,solvent,21/08/2020,ZT0,1000,0
2020-09-20,ETHOSCOPE_218,15,male,CS,solvent,21/08/2020,ZT0,1000,0
2020-09-20,ETHOSCOPE_218,16,male,CS,solvent,21/08/2020,ZT0,1000,0
2020-09-20,ETHOSCOPE_218,17,male,CS,solvent,21/08/2020,ZT0,1000,0
2020-09-20,ETHOSCOPE_218,18,male,CS,solvent,21/08/2020,ZT0,1000,0
2020-09-20,ETHOSCOPE_218,19,male,CS,solvent,21/08/2020,ZT0,1000,0
2020-09-20,ETHOSCOPE_218,20,male,CS,solvent,21/08/2020,ZT0,1000,0
2020-09-20,ETHOSCOPE_218,21,male,CS,solvent,21/08/2020,ZT0,1000,0
2020-09-20,ETHOSCOPE_218,22,male,CS,solvent,21/08/2020,ZT0,1000,0
2020-09-20,ETHOSCOPE_218,23,male,CS,solvent,21/08/2020,ZT0,1000,0
2020-09-20,ETHOSCOPE_218,24,male,CS,solvent,21/08/2020,ZT0,1000,0
2020-09-20,ETHOSCOPE_141,1,male,CS,solvent,21/08/2020,ZT0,1000,0
2020-09-20,ETHOSCOPE_141,2,male,CS,solvent,21/08/2020,ZT0,1000,0
2020-09-20,ETHOSCOPE_141,3,male,CS,solvent,21/08/2020,ZT0,1000,0
2020-09-20,ETHOSCOPE_141,4,male,CS,solvent,21/08/2020,ZT0,1000,0
2020-09-20,ETHOSCOPE_141,5,male,CS,solvent,21/08/2020,ZT0,1000,0
2020-09-20,ETHOSCOPE_141,6,male,CS,solvent,21/08/2020,ZT0,1000,0
2020-09-20,ETHOSCOPE_141,7,male,CS,solvent,21/08/2020,ZT0,1000,0
2020-09-20,ETHOSCOPE_141,8,male,CS,solvent,21/08/2020,ZT0,1000,0
2020-09-20,ETHOSCOPE_141,9,male,CS,solvent,21/08/2020,ZT0,1000,0
2020-09-20,ETHOSCOPE_141,10,male,CS,solvent,21/08/2020,ZT0,1000,0
2020-09-20,ETHOSCOPE_141,11,male,CS,solvent,21/08/2020,ZT0,1000,0
2020-09-20,ETHOSCOPE_141,12,male,CS,solvent,21/08/2020,ZT0,1000,0
2020-09-20,ETHOSCOPE_141,13,male,CS,solvent,21/08/2020,ZT0,1000,0
2020-09-20,ETHOSCOPE_141,14,male,CS,solvent,21/08/2020,ZT0,1000,0
2020-09-20,ETHOSCOPE_141,15,male,CS,solvent,21/08/2020,ZT0,1000,0
2020-09-20,ETHOSCOPE_141,16,male,CS,solvent,21/08/2020,ZT0,1000,0
2020-09-20,ETHOSCOPE_141,17,male,CS,solvent,21/08/2020,ZT0,1000,0
2020-09-20,ETHOSCOPE_141,18,male,CS,solvent,21/08/2020,ZT0,1000,0
2020-09-20,ETHOSCOPE_141,19,male,CS,solvent,21/08/2020,ZT0,1000,0
2020-09-20,ETHOSCOPE_141,20,male,CS,solvent,21/08/2020,ZT0,1000,0
2020-09-20,ETHOSCOPE_141,21,male,CS,solvent,21/08/2020,ZT0,1000,0
2020-09-20,ETHOSCOPE_141,22,male,CS,solvent,21/08/2020,ZT0,1000,0
2020-09-20,ETHOSCOPE_141,23,male,CS,solvent,21/08/2020,ZT0,1000,0
2020-09-20,ETHOSCOPE_141,24,male,CS,solvent,21/08/2020,ZT0,1000,0
2020-09-07,ETHOSCOPE_148,1,male,CS,dieldrin,26/08/2020,ZT1,1000,0
2020-09-07,ETHOSCOPE_148,2,male,CS,dieldrin,26/08/2020,ZT1,1000,0
2020-09-07,ETHOSCOPE_148,3,male,CS,dieldrin,26/08/2020,ZT1,1000,0
2020-09-07,ETHOSCOPE_148,4,male,CS,dieldrin,26/08/2020,ZT1,1000,0
2020-09-07,ETHOSCOPE_148,5,male,CS,dieldrin,26/08/2020,ZT1,1000,0
2020-09-07,ETHOSCOPE_148,6,male,CS,dieldrin,26/08/2020,ZT1,1000,0
2020-09-07,ETHOSCOPE_148,7,male,CS,dieldrin,26/08/2020,ZT1,1000,0
2020-09-07,ETHOSCOPE_148,8,male,CS,dieldrin,26/08/2020,ZT1,1000,0
2020-09-07,ETHOSCOPE_148,9,male,CS,dieldrin,26/08/2020,ZT1,1000,0
2020-09-07,ETHOSCOPE_148,10,male,CS,dieldrin,26/08/2020,ZT1,1000,0
2020-09-07,ETHOSCOPE_148,11,male,CS,dieldrin,26/08/2020,ZT1,1000,0
2020-09-07,ETHOSCOPE_148,12,male,CS,dieldrin,26/08/2020,ZT1,1000,0
2020-09-07,ETHOSCOPE_148,13,male,CS,dieldrin,26/08/2020,ZT1,1000,0
2020-09-07,ETHOSCOPE_148,14,male,CS,dieldrin,26/08/2020,ZT1,1000,0
2020-09-07,ETHOSCOPE_148,15,male,CS,dieldrin,26/08/2020,ZT1,1000,0
2020-09-07,ETHOSCOPE_148,16,male,CS,dieldrin,26/08/2020,ZT1,1000,0
2020-09-07,ETHOSCOPE_148,17,male,CS,dieldrin,26/08/2020,ZT1,1000,0
2020-09-07,ETHOSCOPE_148,18,male,CS,dieldrin,26/08/2020,ZT1,1000,0
2020-09-07,ETHOSCOPE_148,19,male,CS,dieldrin,26/08/2020,ZT1,1000,0
2020-09-07,ETHOSCOPE_148,20,male,CS,dieldrin,26/08/2020,ZT1,1000,0
2020-09-07,ETHOSCOPE_148,21,male,CS,dieldrin,26/08/2020,ZT1,1000,0
2020-09-07,ETHOSCOPE_148,22,male,CS,dieldrin,26/08/2020,ZT1,1000,0
2020-09-07,ETHOSCOPE_148,23,male,CS,dieldrin,26/08/2020,ZT1,1000,0
2020-09-07,ETHOSCOPE_148,24,male,CS,dieldrin,26/08/2020,ZT1,1000,0
2020-09-07,ETHOSCOPE_219,1,male,CS,ryanodine,26/08/2020,ZT1,1000,0
2020-09-07,ETHOSCOPE_219,2,male,CS,ryanodine,26/08/2020,ZT1,1000,0
2020-09-07,ETHOSCOPE_219,3,male,CS,ryanodine,26/08/2020,ZT1,1000,0
2020-09-07,ETHOSCOPE_219,4,male,CS,ryanodine,26/08/2020,ZT1,1000,0
2020-09-07,ETHOSCOPE_219,5,male,CS,ryanodine,26/08/2020,ZT1,1000,0
2020-09-07,ETHOSCOPE_219,6,male,CS,ryanodine,26/08/2020,ZT1,1000,0
2020-09-07,ETHOSCOPE_219,7,male,CS,ryanodine,26/08/2020,ZT1,1000,0
2020-09-07,ETHOSCOPE_219,8,male,CS,ryanodine,26/08/2020,ZT1,1000,0
2020-09-07,ETHOSCOPE_219,9,male,CS,ryanodine,26/08/2020,ZT1,1000,0
2020-09-07,ETHOSCOPE_219,10,male,CS,ryanodine,26/08/2020,ZT1,1000,0
2020-09-07,ETHOSCOPE_219,11,male,CS,ryanodine,26/08/2020,ZT1,1000,0
2020-09-07,ETHOSCOPE_219,12,male,CS,ryanodine,26/08/2020,ZT1,1000,0
2020-09-07,ETHOSCOPE_219,13,male,CS,ryanodine,26/08/2020,ZT1,1000,0
2020-09-07,ETHOSCOPE_219,14,male,CS,ryanodine,26/08/2020,ZT1,1000,0
2020-09-07,ETHOSCOPE_219,15,male,CS,ryanodine,26/08/2020,ZT1,1000,0
2020-09-07,ETHOSCOPE_219,16,male,CS,ryanodine,26/08/2020,ZT1,1000,0
2020-09-07,ETHOSCOPE_219,17,male,CS,ryanodine,26/08/2020,ZT1,1000,0
2020-09-07,ETHOSCOPE_219,18,male,CS,ryanodine,26/08/2020,ZT1,1000,0
2020-09-07,ETHOSCOPE_219,19,male,CS,ryanodine,26/08/2020,ZT1,1000,0
2020-09-07,ETHOSCOPE_219,20,male,CS,ryanodine,26/08/2020,ZT1,1000,0
2020-09-07,ETHOSCOPE_219,21,male,CS,ryanodine,26/08/2020,ZT1,1000,0
2020-09-07,ETHOSCOPE_219,22,male,CS,ryanodine,26/08/2020,ZT1,1000,0
2020-09-07,ETHOSCOPE_219,23,male,CS,ryanodine,26/08/2020,ZT1,1000,0
2020-09-07,ETHOSCOPE_219,24,male,CS,ryanodine,26/08/2020,ZT1,1000,0
2020-09-07,ETHOSCOPE_218,1,male,CS,solvent,26/08/2020,ZT1,100,0
2020-09-07,ETHOSCOPE_218,2,male,CS,solvent,26/08/2020,ZT1,100,0
2020-09-07,ETHOSCOPE_218,3,male,CS,solvent,26/08/2020,ZT1,100,0
2020-09-07,ETHOSCOPE_218,4,male,CS,solvent,26/08/2020,ZT1,100,0
2020-09-07,ETHOSCOPE_218,5,male,CS,solvent,26/08/2020,ZT1,100,0
2020-09-07,ETHOSCOPE_218,6,male,CS,solvent,26/08/2020,ZT1,100,0
2020-09-07,ETHOSCOPE_218,7,male,CS,solvent,26/08/2020,ZT1,100,0
2020-09-07,ETHOSCOPE_218,8,male,CS,solvent,26/08/2020,ZT1,100,0
2020-09-07,ETHOSCOPE_218,9,male,CS,solvent,26/08/2020,ZT1,100,0
2020-09-07,ETHOSCOPE_218,10,male,CS,solvent,26/08/2020,ZT1,100,0
2020-09-07,ETHOSCOPE_218,11,male,CS,solvent,26/08/2020,ZT1,100,0
2020-09-07,ETHOSCOPE_218,12,male,CS,solvent,26/08/2020,ZT1,100,0
2020-09-07,ETHOSCOPE_218,13,male,CS,solvent,26/08/2020,ZT1,100,0
2020-09-07,ETHOSCOPE_218,14,male,CS,solvent,26/08/2020,ZT1,100,0
2020-09-07,ETHOSCOPE_218,15,male,CS,solvent,26/08/2020,ZT1,100,0
2020-09-07,ETHOSCOPE_218,16,male,CS,solvent,26/08/2020,ZT1,100,0
2020-09-07,ETHOSCOPE_218,17,male,CS,solvent,26/08/2020,ZT1,100,0
2020-09-07,ETHOSCOPE_218,18,male,CS,solvent,26/08/2020,ZT1,100,0
2020-09-07,ETHOSCOPE_218,19,male,CS,solvent,26/08/2020,ZT1,100,0
2020-09-07,ETHOSCOPE_218,20,male,CS,solvent,26/08/2020,ZT1,100,0
2020-09-07,ETHOSCOPE_218,21,male,CS,solvent,26/08/2020,ZT1,100,0
2020-09-07,ETHOSCOPE_218,22,male,CS,solvent,26/08/2020,ZT1,100,0
2020-09-07,ETHOSCOPE_218,23,male,CS,solvent,26/08/2020,ZT1,100,0
2020-09-07,ETHOSCOPE_218,24,male,CS,solvent,26/08/2020,ZT1,100,0
2020-09-07,ETHOSCOPE_141,1,male,CS,solvent,26/08/2020,ZT1,1000,0
2020-09-07,ETHOSCOPE_141,2,male,CS,solvent,26/08/2020,ZT1,1000,0
2020-09-07,ETHOSCOPE_141,3,male,CS,solvent,26/08/2020,ZT1,1000,0
2020-09-07,ETHOSCOPE_141,4,male,CS,solvent,26/08/2020,ZT1,1000,0
2020-09-07,ETHOSCOPE_141,5,male,CS,solvent,26/08/2020,ZT1,1000,0
2020-09-07,ETHOSCOPE_141,6,male,CS,solvent,26/08/2020,ZT1,1000,0
2020-09-07,ETHOSCOPE_141,7,male,CS,solvent,26/08/2020,ZT1,1000,0
2020-09-07,ETHOSCOPE_141,8,male,CS,solvent,26/08/2020,ZT1,1000,0
2020-09-07,ETHOSCOPE_141,9,male,CS,solvent,26/08/2020,ZT1,1000,0
2020-09-07,ETHOSCOPE_141,10,male,CS,solvent,26/08/2020,ZT1,1000,0
2020-09-07,ETHOSCOPE_141,11,male,CS,solvent,26/08/2020,ZT1,1000,0
2020-09-07,ETHOSCOPE_141,12,male,CS,solvent,26/08/2020,ZT1,1000,0
2020-09-07,ETHOSCOPE_141,13,male,CS,solvent,26/08/2020,ZT1,1000,0
2020-09-07,ETHOSCOPE_141,14,male,CS,solvent,26/08/2020,ZT1,1000,0
2020-09-07,ETHOSCOPE_141,15,male,CS,solvent,26/08/2020,ZT1,1000,0
2020-09-07,ETHOSCOPE_141,16,male,CS,solvent,26/08/2020,ZT1,1000,0
2020-09-07,ETHOSCOPE_141,17,male,CS,solvent,26/08/2020,ZT1,1000,0
2020-09-07,ETHOSCOPE_141,18,male,CS,solvent,26/08/2020,ZT1,1000,0
2020-09-07,ETHOSCOPE_141,19,male,CS,solvent,26/08/2020,ZT1,1000,0
2020-09-07,ETHOSCOPE_141,20,male,CS,solvent,26/08/2020,ZT1,1000,0
2020-09-07,ETHOSCOPE_141,21,male,CS,solvent,26/08/2020,ZT1,1000,0
2020-09-07,ETHOSCOPE_141,22,male,CS,solvent,26/08/2020,ZT1,1000,0
2020-09-07,ETHOSCOPE_141,23,male,CS,solvent,26/08/2020,ZT1,1000,0
2020-09-07,ETHOSCOPE_141,24,male,CS,solvent,26/08/2020,ZT1,1000,0
2020-07-03,ETHOSCOPE_141,1,male,CS,ryanodine,19/06/2020,ZT1,1000,0
2020-07-03,ETHOSCOPE_141,2,male,CS,ryanodine,19/06/2020,ZT1,1000,0
2020-07-03,ETHOSCOPE_141,3,male,CS,ryanodine,19/06/2020,ZT1,1000,0
2020-07-03,ETHOSCOPE_141,4,male,CS,ryanodine,19/06/2020,ZT1,1000,0
2020-07-03,ETHOSCOPE_141,5,male,CS,ryanodine,19/06/2020,ZT1,1000,0
2020-07-03,ETHOSCOPE_141,6,male,CS,ryanodine,19/06/2020,ZT1,1000,0
2020-07-03,ETHOSCOPE_141,7,male,CS,ryanodine,19/06/2020,ZT1,1000,0
2020-07-03,ETHOSCOPE_141,8,male,CS,ryanodine,19/06/2020,ZT1,1000,0
2020-07-03,ETHOSCOPE_141,9,male,CS,ryanodine,19/06/2020,ZT1,1000,0
2020-07-03,ETHOSCOPE_141,10,male,CS,ryanodine,19/06/2020,ZT1,1000,0
2020-07-03,ETHOSCOPE_141,11,male,CS,ryanodine,19/06/2020,ZT1,1000,0
2020-07-03,ETHOSCOPE_141,12,male,CS,ryanodine,19/06/2020,ZT1,1000,0
2020-07-03,ETHOSCOPE_141,13,male,CS,ryanodine,19/06/2020,ZT1,1000,0
2020-07-03,ETHOSCOPE_141,14,male,CS,ryanodine,19/06/2020,ZT1,1000,0
2020-07-03,ETHOSCOPE_141,15,male,CS,ryanodine,19/06/2020,ZT1,1000,0
2020-07-03,ETHOSCOPE_141,16,male,CS,ryanodine,19/06/2020,ZT1,1000,0
2020-07-03,ETHOSCOPE_141,17,male,CS,ryanodine,19/06/2020,ZT1,1000,0
2020-07-03,ETHOSCOPE_141,18,male,CS,ryanodine,19/06/2020,ZT1,1000,0
2020-07-03,ETHOSCOPE_141,19,male,CS,ryanodine,19/06/2020,ZT1,1000,0
2020-07-03,ETHOSCOPE_141,20,male,CS,ryanodine,19/06/2020,ZT1,1000,0
2020-07-03,ETHOSCOPE_141,21,male,CS,ryanodine,19/06/2020,ZT1,1000,0
2020-07-03,ETHOSCOPE_141,22,male,CS,ryanodine,19/06/2020,ZT1,1000,0
2020-07-03,ETHOSCOPE_141,23,male,CS,ryanodine,19/06/2020,ZT1,1000,0
2020-07-03,ETHOSCOPE_141,24,male,CS,ryanodine,19/06/2020,ZT1,1000,0
2020-07-03,ETHOSCOPE_108,1,male,CS,solvent,19/06/2020,ZT1,1000,0
2020-07-03,ETHOSCOPE_108,2,male,CS,solvent,19/06/2020,ZT1,1000,0
2020-07-03,ETHOSCOPE_108,3,male,CS,solvent,19/06/2020,ZT1,1000,0
2020-07-03,ETHOSCOPE_108,4,male,CS,solvent,19/06/2020,ZT1,1000,0
2020-07-03,ETHOSCOPE_108,5,male,CS,solvent,19/06/2020,ZT1,1000,0
2020-07-03,ETHOSCOPE_108,6,male,CS,solvent,19/06/2020,ZT1,1000,0
2020-07-03,ETHOSCOPE_108,7,male,CS,solvent,19/06/2020,ZT1,1000,0
2020-07-03,ETHOSCOPE_108,8,male,CS,solvent,19/06/2020,ZT1,1000,0
2020-07-03,ETHOSCOPE_108,9,male,CS,solvent,19/06/2020,ZT1,1000,0
2020-07-03,ETHOSCOPE_108,10,male,CS,solvent,19/06/2020,ZT1,1000,0
2020-07-03,ETHOSCOPE_108,11,male,CS,solvent,19/06/2020,ZT1,1000,0
2020-07-03,ETHOSCOPE_108,12,male,CS,solvent,19/06/2020,ZT1,1000,0
2020-07-03,ETHOSCOPE_108,13,male,CS,solvent,19/06/2020,ZT1,1000,0
2020-07-03,ETHOSCOPE_108,14,male,CS,solvent,19/06/2020,ZT1,1000,0
2020-07-03,ETHOSCOPE_108,15,male,CS,solvent,19/06/2020,ZT1,1000,0
2020-07-03,ETHOSCOPE_108,16,male,CS,solvent,19/06/2020,ZT1,1000,0
2020-07-03,ETHOSCOPE_108,17,male,CS,solvent,19/06/2020,ZT1,1000,0
2020-07-03,ETHOSCOPE_108,18,male,CS,solvent,19/06/2020,ZT1,1000,0
2020-07-03,ETHOSCOPE_108,19,male,CS,solvent,19/06/2020,ZT1,1000,0
2020-07-03,ETHOSCOPE_108,20,male,CS,solvent,19/06/2020,ZT1,1000,0
2020-07-03,ETHOSCOPE_108,21,male,CS,solvent,19/06/2020,ZT1,1000,0
2020-07-03,ETHOSCOPE_108,22,male,CS,solvent,19/06/2020,ZT1,1000,0
2020-07-03,ETHOSCOPE_108,23,male,CS,solvent,19/06/2020,ZT1,1000,0
2020-07-03,ETHOSCOPE_108,24,male,CS,solvent,19/06/2020,ZT1,1000,0
2020-07-04,ETHOSCOPE_151,1,male,CS,ryanodine,19/06/2020,ZT0,1000,0
2020-07-04,ETHOSCOPE_151,2,male,CS,ryanodine,19/06/2020,ZT0,1000,0
2020-07-04,ETHOSCOPE_151,3,male,CS,ryanodine,19/06/2020,ZT0,1000,0
2020-07-04,ETHOSCOPE_151,4,male,CS,ryanodine,19/06/2020,ZT0,1000,0
2020-07-04,ETHOSCOPE_151,5,male,CS,ryanodine,19/06/2020,ZT0,1000,0
2020-07-04,ETHOSCOPE_151,6,male,CS,ryanodine,19/06/2020,ZT0,1000,0
2020-07-04,ETHOSCOPE_151,7,male,CS,ryanodine,19/06/2020,ZT0,1000,0
2020-07-04,ETHOSCOPE_151,8,male,CS,ryanodine,19/06/2020,ZT0,1000,0
2020-07-04,ETHOSCOPE_151,9,male,CS,ryanodine,19/06/2020,ZT0,1000,0
2020-07-04,ETHOSCOPE_151,10,male,CS,ryanodine,19/06/2020,ZT0,1000,0
2020-07-04,ETHOSCOPE_151,11,male,CS,ryanodine,19/06/2020,ZT0,1000,0
2020-07-04,ETHOSCOPE_151,12,male,CS,ryanodine,19/06/2020,ZT0,1000,0
2020-07-04,ETHOSCOPE_151,13,male,CS,ryanodine,19/06/2020,ZT0,1000,0
2020-07-04,ETHOSCOPE_151,14,male,CS,ryanodine,19/06/2020,ZT0,1000,0
2020-07-04,ETHOSCOPE_151,15,male,CS,ryanodine,19/06/2020,ZT0,1000,0
2020-07-04,ETHOSCOPE_151,16,male,CS,ryanodine,19/06/2020,ZT0,1000,0
2020-07-04,ETHOSCOPE_151,17,male,CS,ryanodine,19/06/2020,ZT0,1000,0
2020-07-04,ETHOSCOPE_151,18,male,CS,ryanodine,19/06/2020,ZT0,1000,0
2020-07-04,ETHOSCOPE_151,19,male,CS,ryanodine,19/06/2020,ZT0,1000,0
2020-07-04,ETHOSCOPE_151,20,male,CS,ryanodine,19/06/2020,ZT0,1000,0
2020-07-04,ETHOSCOPE_151,21,male,CS,ryanodine,19/06/2020,ZT0,1000,0
2020-07-04,ETHOSCOPE_151,22,male,CS,ryanodine,19/06/2020,ZT0,1000,0
2020-07-04,ETHOSCOPE_151,23,male,CS,ryanodine,19/06/2020,ZT0,1000,0
2020-07-04,ETHOSCOPE_151,24,male,CS,ryanodine,19/06/2020,ZT0,1000,0
2020-07-04,ETHOSCOPE_197,1,male,CS,solvent,19/06/2020,ZT0,100,0
2020-07-04,ETHOSCOPE_197,2,male,CS,solvent,19/06/2020,ZT0,100,0
2020-07-04,ETHOSCOPE_197,3,male,CS,solvent,19/06/2020,ZT0,100,0
2020-07-04,ETHOSCOPE_197,4,male,CS,solvent,19/06/2020,ZT0,100,0
2020-07-04,ETHOSCOPE_197,5,male,CS,solvent,19/06/2020,ZT0,100,0
2020-07-04,ETHOSCOPE_197,6,male,CS,solvent,19/06/2020,ZT0,100,0
2020-07-04,ETHOSCOPE_197,7,male,CS,solvent,19/06/2020,ZT0,100,0
2020-07-04,ETHOSCOPE_197,8,male,CS,solvent,19/06/2020,ZT0,100,0
2020-07-04,ETHOSCOPE_197,9,male,CS,solvent,19/06/2020,ZT0,100,0
2020-07-04,ETHOSCOPE_197,10,male,CS,solvent,19/06/2020,ZT0,100,0
2020-07-04,ETHOSCOPE_197,11,male,CS,solvent,19/06/2020,ZT0,100,0
2020-07-04,ETHOSCOPE_197,12,male,CS,solvent,19/06/2020,ZT0,100,0
2020-07-04,ETHOSCOPE_197,13,male,CS,solvent,19/06/2020,ZT0,100,0
2020-07-04,ETHOSCOPE_197,14,male,CS,solvent,19/06/2020,ZT0,100,0
2020-07-04,ETHOSCOPE_197,15,male,CS,solvent,19/06/2020,ZT0,100,0
2020-07-04,ETHOSCOPE_197,16,male,CS,solvent,19/06/2020,ZT0,100,0
2020-07-04,ETHOSCOPE_197,17,male,CS,solvent,19/06/2020,ZT0,100,0
2020-07-04,ETHOSCOPE_197,18,male,CS,solvent,19/06/2020,ZT0,100,0
2020-07-04,ETHOSCOPE_197,19,male,CS,solvent,19/06/2020,ZT0,100,0
2020-07-04,ETHOSCOPE_197,20,male,CS,solvent,19/06/2020,ZT0,100,0
2020-07-04,ETHOSCOPE_197,21,male,CS,solvent,19/06/2020,ZT0,100,0
2020-07-04,ETHOSCOPE_197,22,male,CS,solvent,19/06/2020,ZT0,100,0
2020-07-04,ETHOSCOPE_197,23,male,CS,solvent,19/06/2020,ZT0,100,0
2020-07-04,ETHOSCOPE_197,24,male,CS,solvent,19/06/2020,ZT0,100,0
2020-07-07,ETHOSCOPE_151,1,male,CS,ryanodine,21/06/2020,ZT0,1000,0
2020-07-07,ETHOSCOPE_151,2,male,CS,ryanodine,21/06/2020,ZT0,1000,0
2020-07-07,ETHOSCOPE_151,3,male,CS,ryanodine,21/06/2020,ZT0,1000,0
2020-07-07,ETHOSCOPE_151,4,male,CS,ryanodine,21/06/2020,ZT0,1000,0
2020-07-07,ETHOSCOPE_151,5,male,CS,ryanodine,21/06/2020,ZT0,1000,0
2020-07-07,ETHOSCOPE_151,6,male,CS,ryanodine,21/06/2020,ZT0,1000,0
2020-07-07,ETHOSCOPE_151,7,male,CS,ryanodine,21/06/2020,ZT0,1000,0
2020-07-07,ETHOSCOPE_151,8,male,CS,ryanodine,21/06/2020,ZT0,1000,0
2020-07-07,ETHOSCOPE_151,9,male,CS,ryanodine,21/06/2020,ZT0,1000,0
2020-07-07,ETHOSCOPE_151,10,male,CS,ryanodine,21/06/2020,ZT0,1000,0
2020-07-07,ETHOSCOPE_151,11,male,CS,ryanodine,21/06/2020,ZT0,1000,0
2020-07-07,ETHOSCOPE_151,12,male,CS,ryanodine,21/06/2020,ZT0,1000,0
2020-07-07,ETHOSCOPE_151,13,male,CS,ryanodine,21/06/2020,ZT0,1000,0
2020-07-07,ETHOSCOPE_151,14,male,CS,ryanodine,21/06/2020,ZT0,1000,0
2020-07-07,ETHOSCOPE_151,15,male,CS,ryanodine,21/06/2020,ZT0,1000,0
2020-07-07,ETHOSCOPE_151,16,male,CS,ryanodine,21/06/2020,ZT0,1000,0
2020-07-07,ETHOSCOPE_151,17,male,CS,ryanodine,21/06/2020,ZT0,1000,0
2020-07-07,ETHOSCOPE_151,18,male,CS,ryanodine,21/06/2020,ZT0,1000,0
2020-07-07,ETHOSCOPE_151,19,male,CS,ryanodine,21/06/2020,ZT0,1000,0
2020-07-07,ETHOSCOPE_151,20,male,CS,ryanodine,21/06/2020,ZT0,1000,0
2020-07-07,ETHOSCOPE_151,21,male,CS,ryanodine,21/06/2020,ZT0,1000,0
2020-07-07,ETHOSCOPE_151,22,male,CS,ryanodine,21/06/2020,ZT0,1000,0
2020-07-07,ETHOSCOPE_151,23,male,CS,ryanodine,21/06/2020,ZT0,1000,0
2020-07-07,ETHOSCOPE_151,24,male,CS,ryanodine,21/06/2020,ZT0,1000,0
2020-07-07,ETHOSCOPE_197,1,male,CS,ryanodine,21/06/2020,ZT0,1000,0
2020-07-07,ETHOSCOPE_197,2,male,CS,ryanodine,21/06/2020,ZT0,1000,0
2020-07-07,ETHOSCOPE_197,3,male,CS,ryanodine,21/06/2020,ZT0,1000,0
2020-07-07,ETHOSCOPE_197,4,male,CS,ryanodine,21/06/2020,ZT0,1000,0
2020-07-07,ETHOSCOPE_197,5,male,CS,ryanodine,21/06/2020,ZT0,1000,0
2020-07-07,ETHOSCOPE_197,6,male,CS,ryanodine,21/06/2020,ZT0,1000,0
2020-07-07,ETHOSCOPE_197,7,male,CS,ryanodine,21/06/2020,ZT0,1000,0
2020-07-07,ETHOSCOPE_197,8,male,CS,ryanodine,21/06/2020,ZT0,1000,0
2020-07-07,ETHOSCOPE_197,9,male,CS,ryanodine,21/06/2020,ZT0,1000,0
2020-07-07,ETHOSCOPE_197,10,male,CS,ryanodine,21/06/2020,ZT0,1000,0
2020-07-07,ETHOSCOPE_197,11,male,CS,ryanodine,21/06/2020,ZT0,1000,0
2020-07-07,ETHOSCOPE_197,12,male,CS,ryanodine,21/06/2020,ZT0,1000,0
2020-07-07,ETHOSCOPE_197,13,male,CS,ryanodine,21/06/2020,ZT0,1000,0
2020-07-07,ETHOSCOPE_197,14,male,CS,ryanodine,21/06/2020,ZT0,1000,0
2020-07-07,ETHOSCOPE_197,15,male,CS,ryanodine,21/06/2020,ZT0,1000,0
2020-07-07,ETHOSCOPE_197,16,male,CS,ryanodine,21/06/2020,ZT0,1000,0
2020-07-07,ETHOSCOPE_197,17,male,CS,ryanodine,21/06/2020,ZT0,1000,0
2020-07-07,ETHOSCOPE_197,18,male,CS,ryanodine,21/06/2020,ZT0,1000,0
2020-07-07,ETHOSCOPE_197,19,male,CS,ryanodine,21/06/2020,ZT0,1000,0
2020-07-07,ETHOSCOPE_197,20,male,CS,ryanodine,21/06/2020,ZT0,1000,0
2020-07-07,ETHOSCOPE_197,21,male,CS,ryanodine,21/06/2020,ZT0,1000,0
2020-07-07,ETHOSCOPE_197,22,male,CS,ryanodine,21/06/2020,ZT0,1000,0
2020-07-07,ETHOSCOPE_197,23,male,CS,ryanodine,21/06/2020,ZT0,1000,0
2020-07-07,ETHOSCOPE_197,24,male,CS,ryanodine,21/06/2020,ZT0,1000,0
2020-07-28,ETHOSCOPE_108,1,male,CS,chlorantraniliprole,15/07/2020,ZT1,1000,0
2020-07-28,ETHOSCOPE_108,2,male,CS,chlorantraniliprole,15/07/2020,ZT1,1000,0
2020-07-28,ETHOSCOPE_108,3,male,CS,chlorantraniliprole,15/07/2020,ZT1,1000,0
2020-07-28,ETHOSCOPE_108,4,male,CS,chlorantraniliprole,15/07/2020,ZT1,1000,0
2020-07-28,ETHOSCOPE_108,5,male,CS,chlorantraniliprole,15/07/2020,ZT1,1000,0
2020-07-28,ETHOSCOPE_108,6,male,CS,chlorantraniliprole,15/07/2020,ZT1,1000,0
2020-07-28,ETHOSCOPE_108,7,male,CS,chlorantraniliprole,15/07/2020,ZT1,1000,0
2020-07-28,ETHOSCOPE_108,8,male,CS,chlorantraniliprole,15/07/2020,ZT1,1000,0
2020-07-28,ETHOSCOPE_108,9,male,CS,chlorantraniliprole,15/07/2020,ZT1,1000,0
2020-07-28,ETHOSCOPE_108,10,male,CS,chlorantraniliprole,15/07/2020,ZT1,1000,0
2020-07-28,ETHOSCOPE_108,11,male,CS,chlorantraniliprole,15/07/2020,ZT1,1000,0
2020-07-28,ETHOSCOPE_108,12,male,CS,chlorantraniliprole,15/07/2020,ZT1,1000,0
2020-07-28,ETHOSCOPE_108,13,male,CS,chlorantraniliprole,15/07/2020,ZT1,1000,0
2020-07-28,ETHOSCOPE_108,14,male,CS,chlorantraniliprole,15/07/2020,ZT1,1000,0
2020-07-28,ETHOSCOPE_108,15,male,CS,chlorantraniliprole,15/07/2020,ZT1,1000,0
2020-07-28,ETHOSCOPE_108,16,male,CS,chlorantraniliprole,15/07/2020,ZT1,1000,0
2020-07-28,ETHOSCOPE_108,17,male,CS,chlorantraniliprole,15/07/2020,ZT1,1000,0
2020-07-28,ETHOSCOPE_108,18,male,CS,chlorantraniliprole,15/07/2020,ZT1,1000,0
2020-07-28,ETHOSCOPE_108,19,male,CS,chlorantraniliprole,15/07/2020,ZT1,1000,0
2020-07-28,ETHOSCOPE_108,20,male,CS,chlorantraniliprole,15/07/2020,ZT1,1000,0
2020-07-28,ETHOSCOPE_108,21,male,CS,chlorantraniliprole,15/07/2020,ZT1,1000,0
2020-07-28,ETHOSCOPE_108,22,male,CS,chlorantraniliprole,15/07/2020,ZT1,1000,0
2020-07-28,ETHOSCOPE_108,23,male,CS,chlorantraniliprole,15/07/2020,ZT1,1000,0
2020-07-28,ETHOSCOPE_108,24,male,CS,chlorantraniliprole,15/07/2020,ZT1,1000,0
2020-07-28,ETHOSCOPE_139,1,male,CS,chlorantraniliprole,15/07/2020,ZT1,1000,0
2020-07-28,ETHOSCOPE_139,2,male,CS,chlorantraniliprole,15/07/2020,ZT1,1000,0
2020-07-28,ETHOSCOPE_139,3,male,CS,chlorantraniliprole,15/07/2020,ZT1,1000,0
2020-07-28,ETHOSCOPE_139,4,male,CS,chlorantraniliprole,15/07/2020,ZT1,1000,0
2020-07-28,ETHOSCOPE_139,5,male,CS,chlorantraniliprole,15/07/2020,ZT1,1000,0
2020-07-28,ETHOSCOPE_139,6,male,CS,chlorantraniliprole,15/07/2020,ZT1,1000,0
2020-07-28,ETHOSCOPE_139,7,male,CS,chlorantraniliprole,15/07/2020,ZT1,1000,0
2020-07-28,ETHOSCOPE_139,8,male,CS,chlorantraniliprole,15/07/2020,ZT1,1000,0
2020-07-28,ETHOSCOPE_139,9,male,CS,chlorantraniliprole,15/07/2020,ZT1,1000,0
2020-07-28,ETHOSCOPE_139,10,male,CS,chlorantraniliprole,15/07/2020,ZT1,1000,0
2020-07-28,ETHOSCOPE_139,11,male,CS,chlorantraniliprole,15/07/2020,ZT1,1000,0
2020-07-28,ETHOSCOPE_139,12,male,CS,chlorantraniliprole,15/07/2020,ZT1,1000,0
2020-07-28,ETHOSCOPE_139,13,male,CS,chlorantraniliprole,15/07/2020,ZT1,1000,0
2020-07-28,ETHOSCOPE_139,14,male,CS,chlorantraniliprole,15/07/2020,ZT1,1000,0
2020-07-28,ETHOSCOPE_139,15,male,CS,chlorantraniliprole,15/07/2020,ZT1,1000,0
2020-07-28,ETHOSCOPE_139,16,male,CS,chlorantraniliprole,15/07/2020,ZT1,1000,0
2020-07-28,ETHOSCOPE_139,17,male,CS,chlorantraniliprole,15/07/2020,ZT1,1000,0
2020-07-28,ETHOSCOPE_139,18,male,CS,chlorantraniliprole,15/07/2020,ZT1,1000,0
2020-07-28,ETHOSCOPE_139,19,male,CS,chlorantraniliprole,15/07/2020,ZT1,1000,0
2020-07-28,ETHOSCOPE_139,20,male,CS,chlorantraniliprole,15/07/2020,ZT1,1000,0
2020-07-28,ETHOSCOPE_139,21,male,CS,chlorantraniliprole,15/07/2020,ZT1,1000,0
2020-07-28,ETHOSCOPE_139,22,male,CS,chlorantraniliprole,15/07/2020,ZT1,1000,0
2020-07-28,ETHOSCOPE_139,23,male,CS,chlorantraniliprole,15/07/2020,ZT1,1000,0
2020-07-28,ETHOSCOPE_139,24,male,CS,chlorantraniliprole,15/07/2020,ZT1,1000,0
2020-07-28,ETHOSCOPE_109,1,male,CS,solvent,15/07/2020,ZT1,1000,0
2020-07-28,ETHOSCOPE_109,2,male,CS,solvent,15/07/2020,ZT1,1000,0
2020-07-28,ETHOSCOPE_109,3,male,CS,solvent,15/07/2020,ZT1,1000,0
2020-07-28,ETHOSCOPE_109,4,male,CS,solvent,15/07/2020,ZT1,1000,0
2020-07-28,ETHOSCOPE_109,5,male,CS,solvent,15/07/2020,ZT1,1000,0
2020-07-28,ETHOSCOPE_109,6,male,CS,solvent,15/07/2020,ZT1,1000,0
2020-07-28,ETHOSCOPE_109,7,male,CS,solvent,15/07/2020,ZT1,1000,0
2020-07-28,ETHOSCOPE_109,8,male,CS,solvent,15/07/2020,ZT1,1000,0
2020-07-28,ETHOSCOPE_109,9,male,CS,solvent,15/07/2020,ZT1,1000,0
2020-07-28,ETHOSCOPE_109,10,male,CS,solvent,15/07/2020,ZT1,1000,0
2020-07-28,ETHOSCOPE_109,11,male,CS,solvent,15/07/2020,ZT1,1000,0
2020-07-28,ETHOSCOPE_109,12,male,CS,solvent,15/07/2020,ZT1,1000,0
2020-07-28,ETHOSCOPE_109,13,male,CS,solvent,15/07/2020,ZT1,1000,0
2020-07-28,ETHOSCOPE_109,14,male,CS,solvent,15/07/2020,ZT1,1000,0
2020-07-28,ETHOSCOPE_109,15,male,CS,solvent,15/07/2020,ZT1,1000,0
2020-07-28,ETHOSCOPE_109,16,male,CS,solvent,15/07/2020,ZT1,1000,0
2020-07-28,ETHOSCOPE_109,17,male,CS,solvent,15/07/2020,ZT1,1000,0
2020-07-28,ETHOSCOPE_109,18,male,CS,solvent,15/07/2020,ZT1,1000,0
2020-07-28,ETHOSCOPE_109,19,male,CS,solvent,15/07/2020,ZT1,1000,0
2020-07-28,ETHOSCOPE_109,20,male,CS,solvent,15/07/2020,ZT1,1000,0
2020-07-28,ETHOSCOPE_109,21,male,CS,solvent,15/07/2020,ZT1,1000,0
2020-07-28,ETHOSCOPE_109,22,male,CS,solvent,15/07/2020,ZT1,1000,0
2020-07-28,ETHOSCOPE_109,23,male,CS,solvent,15/07/2020,ZT1,1000,0
2020-07-28,ETHOSCOPE_109,24,male,CS,solvent,15/07/2020,ZT1,1000,0
2020-07-28,ETHOSCOPE_151,1,male,CS,solvent,15/07/2020,ZT1,1000,0
2020-07-28,ETHOSCOPE_151,2,male,CS,solvent,15/07/2020,ZT1,1000,0
2020-07-28,ETHOSCOPE_151,3,male,CS,solvent,15/07/2020,ZT1,1000,0
2020-07-28,ETHOSCOPE_151,4,male,CS,solvent,15/07/2020,ZT1,1000,0
2020-07-28,ETHOSCOPE_151,5,male,CS,solvent,15/07/2020,ZT1,1000,0
2020-07-28,ETHOSCOPE_151,6,male,CS,solvent,15/07/2020,ZT1,1000,0
2020-07-28,ETHOSCOPE_151,7,male,CS,solvent,15/07/2020,ZT1,1000,0
2020-07-28,ETHOSCOPE_151,8,male,CS,solvent,15/07/2020,ZT1,1000,0
2020-07-28,ETHOSCOPE_151,9,male,CS,solvent,15/07/2020,ZT1,1000,0
2020-07-28,ETHOSCOPE_151,10,male,CS,solvent,15/07/2020,ZT1,1000,0
2020-07-28,ETHOSCOPE_151,11,male,CS,solvent,15/07/2020,ZT1,1000,0
2020-07-28,ETHOSCOPE_151,12,male,CS,solvent,15/07/2020,ZT1,1000,0
2020-07-28,ETHOSCOPE_151,13,male,CS,solvent,15/07/2020,ZT1,1000,0
2020-07-28,ETHOSCOPE_151,14,male,CS,solvent,15/07/2020,ZT1,1000,0
2020-07-28,ETHOSCOPE_151,15,male,CS,solvent,15/07/2020,ZT1,1000,0
2020-07-28,ETHOSCOPE_151,16,male,CS,solvent,15/07/2020,ZT1,1000,0
2020-07-28,ETHOSCOPE_151,17,male,CS,solvent,15/07/2020,ZT1,1000,0
2020-07-28,ETHOSCOPE_151,18,male,CS,solvent,15/07/2020,ZT1,1000,0
2020-07-28,ETHOSCOPE_151,19,male,CS,solvent,15/07/2020,ZT1,1000,0
2020-07-28,ETHOSCOPE_151,20,male,CS,solvent,15/07/2020,ZT1,1000,0
2020-07-28,ETHOSCOPE_151,21,male,CS,solvent,15/07/2020,ZT1,1000,0
2020-07-28,ETHOSCOPE_151,22,male,CS,solvent,15/07/2020,ZT1,1000,0
2020-07-28,ETHOSCOPE_151,23,male,CS,solvent,15/07/2020,ZT1,1000,0
2020-07-28,ETHOSCOPE_151,24,male,CS,solvent,15/07/2020,ZT1,1000,0
2020-07-27,ETHOSCOPE_141,1,male,CS,dieldrin,13/07/2020,ZT0,1000,0
2020-07-27,ETHOSCOPE_141,2,male,CS,dieldrin,13/07/2020,ZT0,1000,0
2020-07-27,ETHOSCOPE_141,3,male,CS,dieldrin,13/07/2020,ZT0,1000,0
2020-07-27,ETHOSCOPE_141,4,male,CS,dieldrin,13/07/2020,ZT0,1000,0
2020-07-27,ETHOSCOPE_141,5,male,CS,dieldrin,13/07/2020,ZT0,1000,0
2020-07-27,ETHOSCOPE_141,6,male,CS,dieldrin,13/07/2020,ZT0,1000,0
2020-07-27,ETHOSCOPE_141,7,male,CS,dieldrin,13/07/2020,ZT0,1000,0
2020-07-27,ETHOSCOPE_141,8,male,CS,dieldrin,13/07/2020,ZT0,1000,0
2020-07-27,ETHOSCOPE_141,9,male,CS,dieldrin,13/07/2020,ZT0,1000,0
2020-07-27,ETHOSCOPE_141,10,male,CS,dieldrin,13/07/2020,ZT0,1000,0
2020-07-27,ETHOSCOPE_141,11,male,CS,dieldrin,13/07/2020,ZT0,1000,0
2020-07-27,ETHOSCOPE_141,12,male,CS,dieldrin,13/07/2020,ZT0,1000,0
2020-07-27,ETHOSCOPE_141,13,male,CS,dieldrin,13/07/2020,ZT0,1000,0
2020-07-27,ETHOSCOPE_141,14,male,CS,dieldrin,13/07/2020,ZT0,1000,0
2020-07-27,ETHOSCOPE_141,15,male,CS,dieldrin,13/07/2020,ZT0,1000,0
2020-07-27,ETHOSCOPE_141,16,male,CS,dieldrin,13/07/2020,ZT0,1000,0
2020-07-27,ETHOSCOPE_141,17,male,CS,dieldrin,13/07/2020,ZT0,1000,0
2020-07-27,ETHOSCOPE_141,18,male,CS,dieldrin,13/07/2020,ZT0,1000,0
2020-07-27,ETHOSCOPE_141,19,male,CS,dieldrin,13/07/2020,ZT0,1000,0
2020-07-27,ETHOSCOPE_141,20,male,CS,dieldrin,13/07/2020,ZT0,1000,0
2020-07-27,ETHOSCOPE_141,21,male,CS,dieldrin,13/07/2020,ZT0,1000,0
2020-07-27,ETHOSCOPE_141,22,male,CS,dieldrin,13/07/2020,ZT0,1000,0
2020-07-27,ETHOSCOPE_141,23,male,CS,dieldrin,13/07/2020,ZT0,1000,0
2020-07-27,ETHOSCOPE_141,24,male,CS,dieldrin,13/07/2020,ZT0,1000,0
2020-07-27,ETHOSCOPE_176,1,male,CS,dieldrin,13/07/2020,ZT0,1000,0
2020-07-27,ETHOSCOPE_176,2,male,CS,dieldrin,13/07/2020,ZT0,1000,0
2020-07-27,ETHOSCOPE_176,3,male,CS,dieldrin,13/07/2020,ZT0,1000,0
2020-07-27,ETHOSCOPE_176,4,male,CS,dieldrin,13/07/2020,ZT0,1000,0
2020-07-27,ETHOSCOPE_176,5,male,CS,dieldrin,13/07/2020,ZT0,1000,0
2020-07-27,ETHOSCOPE_176,6,male,CS,dieldrin,13/07/2020,ZT0,1000,0
2020-07-27,ETHOSCOPE_176,7,male,CS,dieldrin,13/07/2020,ZT0,1000,0
2020-07-27,ETHOSCOPE_176,8,male,CS,dieldrin,13/07/2020,ZT0,1000,0
2020-07-27,ETHOSCOPE_176,9,male,CS,dieldrin,13/07/2020,ZT0,1000,0
2020-07-27,ETHOSCOPE_176,10,male,CS,dieldrin,13/07/2020,ZT0,1000,0
2020-07-27,ETHOSCOPE_176,11,male,CS,dieldrin,13/07/2020,ZT0,1000,0
2020-07-27,ETHOSCOPE_176,12,male,CS,dieldrin,13/07/2020,ZT0,1000,0
2020-07-27,ETHOSCOPE_176,13,male,CS,dieldrin,13/07/2020,ZT0,1000,0
2020-07-27,ETHOSCOPE_176,14,male,CS,dieldrin,13/07/2020,ZT0,1000,0
2020-07-27,ETHOSCOPE_176,15,male,CS,dieldrin,13/07/2020,ZT0,1000,0
2020-07-27,ETHOSCOPE_176,16,male,CS,dieldrin,13/07/2020,ZT0,1000,0
2020-07-27,ETHOSCOPE_176,17,male,CS,dieldrin,13/07/2020,ZT0,1000,0
2020-07-27,ETHOSCOPE_176,18,male,CS,dieldrin,13/07/2020,ZT0,1000,0
2020-07-27,ETHOSCOPE_176,19,male,CS,dieldrin,13/07/2020,ZT0,1000,0
2020-07-27,ETHOSCOPE_176,20,male,CS,dieldrin,13/07/2020,ZT0,1000,0
2020-07-27,ETHOSCOPE_176,21,male,CS,dieldrin,13/07/2020,ZT0,1000,0
2020-07-27,ETHOSCOPE_176,22,male,CS,dieldrin,13/07/2020,ZT0,1000,0
2020-07-27,ETHOSCOPE_176,23,male,CS,dieldrin,13/07/2020,ZT0,1000,0
2020-07-27,ETHOSCOPE_176,24,male,CS,dieldrin,13/07/2020,ZT0,1000,0
2020-07-27,ETHOSCOPE_148,1,male,CS,solvent,13/07/2020,ZT0,100,0
2020-07-27,ETHOSCOPE_148,2,male,CS,solvent,13/07/2020,ZT0,100,0
2020-07-27,ETHOSCOPE_148,3,male,CS,solvent,13/07/2020,ZT0,100,0
2020-07-27,ETHOSCOPE_148,4,male,CS,solvent,13/07/2020,ZT0,100,0
2020-07-27,ETHOSCOPE_148,5,male,CS,solvent,13/07/2020,ZT0,100,0
2020-07-27,ETHOSCOPE_148,6,male,CS,solvent,13/07/2020,ZT0,100,0
2020-07-27,ETHOSCOPE_148,7,male,CS,solvent,13/07/2020,ZT0,100,0
2020-07-27,ETHOSCOPE_148,8,male,CS,solvent,13/07/2020,ZT0,100,0
2020-07-27,ETHOSCOPE_148,9,male,CS,solvent,13/07/2020,ZT0,100,0
2020-07-27,ETHOSCOPE_148,10,male,CS,solvent,13/07/2020,ZT0,100,0
2020-07-27,ETHOSCOPE_148,11,male,CS,solvent,13/07/2020,ZT0,100,0
2020-07-27,ETHOSCOPE_148,12,male,CS,solvent,13/07/2020,ZT0,100,0
2020-07-27,ETHOSCOPE_148,13,male,CS,solvent,13/07/2020,ZT0,100,0
2020-07-27,ETHOSCOPE_148,14,male,CS,solvent,13/07/2020,ZT0,100,0
2020-07-27,ETHOSCOPE_148,15,male,CS,solvent,13/07/2020,ZT0,100,0
2020-07-27,ETHOSCOPE_148,16,male,CS,solvent,13/07/2020,ZT0,100,0
2020-07-27,ETHOSCOPE_148,17,male,CS,solvent,13/07/2020,ZT0,100,0
2020-07-27,ETHOSCOPE_148,18,male,CS,solvent,13/07/2020,ZT0,100,0
2020-07-27,ETHOSCOPE_148,19,male,CS,solvent,13/07/2020,ZT0,100,0
2020-07-27,ETHOSCOPE_148,20,male,CS,solvent,13/07/2020,ZT0,100,0
2020-07-27,ETHOSCOPE_148,21,male,CS,solvent,13/07/2020,ZT0,100,0
2020-07-27,ETHOSCOPE_148,22,male,CS,solvent,13/07/2020,ZT0,100,0
2020-07-27,ETHOSCOPE_148,23,male,CS,solvent,13/07/2020,ZT0,100,0
2020-07-27,ETHOSCOPE_148,24,male,CS,solvent,13/07/2020,ZT0,100,0
2020-07-27,ETHOSCOPE_147,1,male,CS,solvent,13/07/2020,ZT0,1000,0
2020-07-27,ETHOSCOPE_147,2,male,CS,solvent,13/07/2020,ZT0,1000,0
2020-07-27,ETHOSCOPE_147,3,male,CS,solvent,13/07/2020,ZT0,1000,0
2020-07-27,ETHOSCOPE_147,4,male,CS,solvent,13/07/2020,ZT0,1000,0
2020-07-27,ETHOSCOPE_147,5,male,CS,solvent,13/07/2020,ZT0,1000,0
2020-07-27,ETHOSCOPE_147,6,male,CS,solvent,13/07/2020,ZT0,1000,0
2020-07-27,ETHOSCOPE_147,7,male,CS,solvent,13/07/2020,ZT0,1000,0
2020-07-27,ETHOSCOPE_147,8,male,CS,solvent,13/07/2020,ZT0,1000,0
2020-07-27,ETHOSCOPE_147,9,male,CS,solvent,13/07/2020,ZT0,1000,0
2020-07-27,ETHOSCOPE_147,10,male,CS,solvent,13/07/2020,ZT0,1000,0
2020-07-27,ETHOSCOPE_147,11,male,CS,solvent,13/07/2020,ZT0,1000,0
2020-07-27,ETHOSCOPE_147,12,male,CS,solvent,13/07/2020,ZT0,1000,0
2020-07-27,ETHOSCOPE_147,13,male,CS,solvent,13/07/2020,ZT0,1000,0
2020-07-27,ETHOSCOPE_147,14,male,CS,solvent,13/07/2020,ZT0,1000,0
2020-07-27,ETHOSCOPE_147,15,male,CS,solvent,13/07/2020,ZT0,1000,0
2020-07-27,ETHOSCOPE_147,16,male,CS,solvent,13/07/2020,ZT0,1000,0
2020-07-27,ETHOSCOPE_147,17,male,CS,solvent,13/07/2020,ZT0,1000,0
2020-07-27,ETHOSCOPE_147,18,male,CS,solvent,13/07/2020,ZT0,1000,0
2020-07-27,ETHOSCOPE_147,19,male,CS,solvent,13/07/2020,ZT0,1000,0
2020-07-27,ETHOSCOPE_147,20,male,CS,solvent,13/07/2020,ZT0,1000,0
2020-07-27,ETHOSCOPE_147,21,male,CS,solvent,13/07/2020,ZT0,1000,0
2020-07-27,ETHOSCOPE_147,22,male,CS,solvent,13/07/2020,ZT0,1000,0
2020-07-27,ETHOSCOPE_147,23,male,CS,solvent,13/07/2020,ZT0,1000,0
2020-07-27,ETHOSCOPE_147,24,male,CS,solvent,13/07/2020,ZT0,1000,0
2020-07-29,ETHOSCOPE_151,1,male,CS,solvent,17/07/2020,ZT0,1000,0
2020-07-29,ETHOSCOPE_151,2,male,CS,solvent,17/07/2020,ZT0,1000,0
2020-07-29,ETHOSCOPE_151,3,male,CS,solvent,17/07/2020,ZT0,1000,0
2020-07-29,ETHOSCOPE_151,4,male,CS,solvent,17/07/2020,ZT0,1000,0
2020-07-29,ETHOSCOPE_151,5,male,CS,solvent,17/07/2020,ZT0,1000,0
2020-07-29,ETHOSCOPE_151,6,male,CS,solvent,17/07/2020,ZT0,1000,0
2020-07-29,ETHOSCOPE_151,7,male,CS,solvent,17/07/2020,ZT0,1000,0
2020-07-29,ETHOSCOPE_151,8,male,CS,solvent,17/07/2020,ZT0,1000,0
2020-07-29,ETHOSCOPE_151,9,male,CS,solvent,17/07/2020,ZT0,1000,0
2020-07-29,ETHOSCOPE_151,10,male,CS,solvent,17/07/2020,ZT0,1000,0
2020-07-29,ETHOSCOPE_151,11,male,CS,solvent,17/07/2020,ZT0,1000,0
2020-07-29,ETHOSCOPE_151,12,male,CS,solvent,17/07/2020,ZT0,1000,0
2020-07-29,ETHOSCOPE_151,13,male,CS,solvent,17/07/2020,ZT0,1000,0
2020-07-29,ETHOSCOPE_151,14,male,CS,solvent,17/07/2020,ZT0,1000,0
2020-07-29,ETHOSCOPE_151,15,male,CS,solvent,17/07/2020,ZT0,1000,0
2020-07-29,ETHOSCOPE_151,16,male,CS,solvent,17/07/2020,ZT0,1000,0
2020-07-29,ETHOSCOPE_151,17,male,CS,solvent,17/07/2020,ZT0,1000,0
2020-07-29,ETHOSCOPE_151,18,male,CS,solvent,17/07/2020,ZT0,1000,0
2020-07-29,ETHOSCOPE_151,19,male,CS,solvent,17/07/2020,ZT0,1000,0
2020-07-29,ETHOSCOPE_151,20,male,CS,solvent,17/07/2020,ZT0,1000,0
2020-07-29,ETHOSCOPE_151,21,male,CS,solvent,17/07/2020,ZT0,1000,0
2020-07-29,ETHOSCOPE_151,22,male,CS,solvent,17/07/2020,ZT0,1000,0
2020-07-29,ETHOSCOPE_151,23,male,CS,solvent,17/07/2020,ZT0,1000,0
2020-07-29,ETHOSCOPE_151,24,male,CS,solvent,17/07/2020,ZT0,1000,0
2020-07-29,ETHOSCOPE_109,1,male,CS,solvent,17/07/2020,ZT0,1000,0
2020-07-29,ETHOSCOPE_109,2,male,CS,solvent,17/07/2020,ZT0,1000,0
2020-07-29,ETHOSCOPE_109,3,male,CS,solvent,17/07/2020,ZT0,1000,0
2020-07-29,ETHOSCOPE_109,4,male,CS,solvent,17/07/2020,ZT0,1000,0
2020-07-29,ETHOSCOPE_109,5,male,CS,solvent,17/07/2020,ZT0,1000,0
2020-07-29,ETHOSCOPE_109,6,male,CS,solvent,17/07/2020,ZT0,1000,0
2020-07-29,ETHOSCOPE_109,7,male,CS,solvent,17/07/2020,ZT0,1000,0
2020-07-29,ETHOSCOPE_109,8,male,CS,solvent,17/07/2020,ZT0,1000,0
2020-07-29,ETHOSCOPE_109,9,male,CS,solvent,17/07/2020,ZT0,1000,0
2020-07-29,ETHOSCOPE_109,10,male,CS,solvent,17/07/2020,ZT0,1000,0
2020-07-29,ETHOSCOPE_109,11,male,CS,solvent,17/07/2020,ZT0,1000,0
2020-07-29,ETHOSCOPE_109,12,male,CS,solvent,17/07/2020,ZT0,1000,0
2020-07-29,ETHOSCOPE_109,13,male,CS,solvent,17/07/2020,ZT0,1000,0
2020-07-29,ETHOSCOPE_109,14,male,CS,solvent,17/07/2020,ZT0,1000,0
2020-07-29,ETHOSCOPE_109,15,male,CS,solvent,17/07/2020,ZT0,1000,0
2020-07-29,ETHOSCOPE_109,16,male,CS,solvent,17/07/2020,ZT0,1000,0
2020-07-29,ETHOSCOPE_109,17,male,CS,solvent,17/07/2020,ZT0,1000,0
2020-07-29,ETHOSCOPE_109,18,male,CS,solvent,17/07/2020,ZT0,1000,0
2020-07-29,ETHOSCOPE_109,19,male,CS,solvent,17/07/2020,ZT0,1000,0
2020-07-29,ETHOSCOPE_109,20,male,CS,solvent,17/07/2020,ZT0,1000,0
2020-07-29,ETHOSCOPE_109,21,male,CS,solvent,17/07/2020,ZT0,1000,0
2020-07-29,ETHOSCOPE_109,22,male,CS,solvent,17/07/2020,ZT0,1000,0
2020-07-29,ETHOSCOPE_109,23,male,CS,solvent,17/07/2020,ZT0,1000,0
2020-07-29,ETHOSCOPE_109,24,male,CS,solvent,17/07/2020,ZT0,1000,0
2020-07-29,ETHOSCOPE_108,1,male,CS,abamectin,17/07/2020,ZT0,1000,0
2020-07-29,ETHOSCOPE_108,2,male,CS,abamectin,17/07/2020,ZT0,1000,0
2020-07-29,ETHOSCOPE_108,3,male,CS,abamectin,17/07/2020,ZT0,1000,0
2020-07-29,ETHOSCOPE_108,4,male,CS,abamectin,17/07/2020,ZT0,1000,0
2020-07-29,ETHOSCOPE_108,5,male,CS,abamectin,17/07/2020,ZT0,1000,0
2020-07-29,ETHOSCOPE_108,6,male,CS,abamectin,17/07/2020,ZT0,1000,0
2020-07-29,ETHOSCOPE_108,7,male,CS,abamectin,17/07/2020,ZT0,1000,0
2020-07-29,ETHOSCOPE_108,8,male,CS,abamectin,17/07/2020,ZT0,1000,0
2020-07-29,ETHOSCOPE_108,9,male,CS,abamectin,17/07/2020,ZT0,1000,0
2020-07-29,ETHOSCOPE_108,10,male,CS,abamectin,17/07/2020,ZT0,1000,0
2020-07-29,ETHOSCOPE_108,11,male,CS,abamectin,17/07/2020,ZT0,1000,0
2020-07-29,ETHOSCOPE_108,12,male,CS,abamectin,17/07/2020,ZT0,1000,0
2020-07-29,ETHOSCOPE_108,13,male,CS,abamectin,17/07/2020,ZT0,1000,0
2020-07-29,ETHOSCOPE_108,14,male,CS,abamectin,17/07/2020,ZT0,1000,0
2020-07-29,ETHOSCOPE_108,15,male,CS,abamectin,17/07/2020,ZT0,1000,0
2020-07-29,ETHOSCOPE_108,16,male,CS,abamectin,17/07/2020,ZT0,1000,0
2020-07-29,ETHOSCOPE_108,17,male,CS,abamectin,17/07/2020,ZT0,1000,0
2020-07-29,ETHOSCOPE_108,18,male,CS,abamectin,17/07/2020,ZT0,1000,0
2020-07-29,ETHOSCOPE_108,19,male,CS,abamectin,17/07/2020,ZT0,1000,0
2020-07-29,ETHOSCOPE_108,20,male,CS,abamectin,17/07/2020,ZT0,1000,0
2020-07-29,ETHOSCOPE_108,21,male,CS,abamectin,17/07/2020,ZT0,1000,0
2020-07-29,ETHOSCOPE_108,22,male,CS,abamectin,17/07/2020,ZT0,1000,0
2020-07-29,ETHOSCOPE_108,23,male,CS,abamectin,17/07/2020,ZT0,1000,0
2020-07-29,ETHOSCOPE_108,24,male,CS,abamectin,17/07/2020,ZT0,1000,0
2020-07-29,ETHOSCOPE_139,1,male,CS,abamectin,17/07/2020,ZT0,1000,0
2020-07-29,ETHOSCOPE_139,2,male,CS,abamectin,17/07/2020,ZT0,1000,0
2020-07-29,ETHOSCOPE_139,3,male,CS,abamectin,17/07/2020,ZT0,1000,0
2020-07-29,ETHOSCOPE_139,4,male,CS,abamectin,17/07/2020,ZT0,1000,0
2020-07-29,ETHOSCOPE_139,5,male,CS,abamectin,17/07/2020,ZT0,1000,0
2020-07-29,ETHOSCOPE_139,6,male,CS,abamectin,17/07/2020,ZT0,1000,0
2020-07-29,ETHOSCOPE_139,7,male,CS,abamectin,17/07/2020,ZT0,1000,0
2020-07-29,ETHOSCOPE_139,8,male,CS,abamectin,17/07/2020,ZT0,1000,0
2020-07-29,ETHOSCOPE_139,9,male,CS,abamectin,17/07/2020,ZT0,1000,0
2020-07-29,ETHOSCOPE_139,10,male,CS,abamectin,17/07/2020,ZT0,1000,0
2020-07-29,ETHOSCOPE_139,11,male,CS,abamectin,17/07/2020,ZT0,1000,0
2020-07-29,ETHOSCOPE_139,12,male,CS,abamectin,17/07/2020,ZT0,1000,0
2020-07-29,ETHOSCOPE_139,13,male,CS,abamectin,17/07/2020,ZT0,1000,0
2020-07-29,ETHOSCOPE_139,14,male,CS,abamectin,17/07/2020,ZT0,1000,0
2020-07-29,ETHOSCOPE_139,15,male,CS,abamectin,17/07/2020,ZT0,1000,0
2020-07-29,ETHOSCOPE_139,16,male,CS,abamectin,17/07/2020,ZT0,1000,0
2020-07-29,ETHOSCOPE_139,17,male,CS,abamectin,17/07/2020,ZT0,1000,0
2020-07-29,ETHOSCOPE_139,18,male,CS,abamectin,17/07/2020,ZT0,1000,0
2020-07-29,ETHOSCOPE_139,19,male,CS,abamectin,17/07/2020,ZT0,1000,0
2020-07-29,ETHOSCOPE_139,20,male,CS,abamectin,17/07/2020,ZT0,1000,0
2020-07-29,ETHOSCOPE_139,21,male,CS,abamectin,17/07/2020,ZT0,1000,0
2020-07-29,ETHOSCOPE_139,22,male,CS,abamectin,17/07/2020,ZT0,1000,0
2020-07-29,ETHOSCOPE_139,23,male,CS,abamectin,17/07/2020,ZT0,1000,0
2020-07-29,ETHOSCOPE_139,24,male,CS,abamectin,17/07/2020,ZT0,1000,0
2020-08-17,ETHOSCOPE_218,1,male,CS,dieldrin,03/08/2020,ZT0,1000,0
2020-08-17,ETHOSCOPE_218,2,male,CS,dieldrin,03/08/2020,ZT0,1000,0
2020-08-17,ETHOSCOPE_218,3,male,CS,dieldrin,03/08/2020,ZT0,1000,0
2020-08-17,ETHOSCOPE_218,4,male,CS,dieldrin,03/08/2020,ZT0,1000,0
2020-08-17,ETHOSCOPE_218,5,male,CS,dieldrin,03/08/2020,ZT0,1000,0
2020-08-17,ETHOSCOPE_218,6,male,CS,dieldrin,03/08/2020,ZT0,1000,0
2020-08-17,ETHOSCOPE_218,7,male,CS,dieldrin,03/08/2020,ZT0,1000,0
2020-08-17,ETHOSCOPE_218,8,male,CS,dieldrin,03/08/2020,ZT0,1000,0
2020-08-17,ETHOSCOPE_218,9,male,CS,dieldrin,03/08/2020,ZT0,1000,0
2020-08-17,ETHOSCOPE_218,10,male,CS,dieldrin,03/08/2020,ZT0,1000,0
2020-08-17,ETHOSCOPE_218,11,male,CS,dieldrin,03/08/2020,ZT0,1000,0
2020-08-17,ETHOSCOPE_218,12,male,CS,dieldrin,03/08/2020,ZT0,1000,0
2020-08-17,ETHOSCOPE_218,13,male,CS,dieldrin,03/08/2020,ZT0,1000,0
2020-08-17,ETHOSCOPE_218,14,male,CS,dieldrin,03/08/2020,ZT0,1000,0
2020-08-17,ETHOSCOPE_218,15,male,CS,dieldrin,03/08/2020,ZT0,1000,0
2020-08-17,ETHOSCOPE_218,16,male,CS,dieldrin,03/08/2020,ZT0,1000,0
2020-08-17,ETHOSCOPE_218,17,male,CS,dieldrin,03/08/2020,ZT0,1000,0
2020-08-17,ETHOSCOPE_218,18,male,CS,dieldrin,03/08/2020,ZT0,1000,0
2020-08-17,ETHOSCOPE_218,19,male,CS,dieldrin,03/08/2020,ZT0,1000,0
2020-08-17,ETHOSCOPE_218,20,male,CS,dieldrin,03/08/2020,ZT0,1000,0
2020-08-17,ETHOSCOPE_218,21,male,CS,dieldrin,03/08/2020,ZT0,1000,0
2020-08-17,ETHOSCOPE_218,22,male,CS,dieldrin,03/08/2020,ZT0,1000,0
2020-08-17,ETHOSCOPE_218,23,male,CS,dieldrin,03/08/2020,ZT0,1000,0
2020-08-17,ETHOSCOPE_218,24,male,CS,dieldrin,03/08/2020,ZT0,1000,0
2020-08-17,ETHOSCOPE_217,1,male,CS,solvent,03/08/2020,ZT0,1000,0
2020-08-17,ETHOSCOPE_217,2,male,CS,solvent,03/08/2020,ZT0,1000,0
2020-08-17,ETHOSCOPE_217,3,male,CS,solvent,03/08/2020,ZT0,1000,0
2020-08-17,ETHOSCOPE_217,4,male,CS,solvent,03/08/2020,ZT0,1000,0
2020-08-17,ETHOSCOPE_217,5,male,CS,solvent,03/08/2020,ZT0,1000,0
2020-08-17,ETHOSCOPE_217,6,male,CS,solvent,03/08/2020,ZT0,1000,0
2020-08-17,ETHOSCOPE_217,7,male,CS,solvent,03/08/2020,ZT0,1000,0
2020-08-17,ETHOSCOPE_217,8,male,CS,solvent,03/08/2020,ZT0,1000,0
2020-08-17,ETHOSCOPE_217,9,male,CS,solvent,03/08/2020,ZT0,1000,0
2020-08-17,ETHOSCOPE_217,10,male,CS,solvent,03/08/2020,ZT0,1000,0
2020-08-17,ETHOSCOPE_217,11,male,CS,solvent,03/08/2020,ZT0,1000,0
2020-08-17,ETHOSCOPE_217,12,male,CS,solvent,03/08/2020,ZT0,1000,0
2020-08-17,ETHOSCOPE_217,13,male,CS,solvent,03/08/2020,ZT0,1000,0
2020-08-17,ETHOSCOPE_217,14,male,CS,solvent,03/08/2020,ZT0,1000,0
2020-08-17,ETHOSCOPE_217,15,male,CS,solvent,03/08/2020,ZT0,1000,0
2020-08-17,ETHOSCOPE_217,16,male,CS,solvent,03/08/2020,ZT0,1000,0
2020-08-17,ETHOSCOPE_217,17,male,CS,solvent,03/08/2020,ZT0,1000,0
2020-08-17,ETHOSCOPE_217,18,male,CS,solvent,03/08/2020,ZT0,1000,0
2020-08-17,ETHOSCOPE_217,19,male,CS,solvent,03/08/2020,ZT0,1000,0
2020-08-17,ETHOSCOPE_217,20,male,CS,solvent,03/08/2020,ZT0,1000,0
2020-08-17,ETHOSCOPE_217,21,male,CS,solvent,03/08/2020,ZT0,1000,0
2020-08-17,ETHOSCOPE_217,22,male,CS,solvent,03/08/2020,ZT0,1000,0
2020-08-17,ETHOSCOPE_217,23,male,CS,solvent,03/08/2020,ZT0,1000,0
2020-08-17,ETHOSCOPE_217,24,male,CS,solvent,03/08/2020,ZT0,1000,0
2020-08-17,ETHOSCOPE_219,1,male,CS,dieldrin,03/08/2020,ZT0,1000,0
2020-08-17,ETHOSCOPE_219,2,male,CS,dieldrin,03/08/2020,ZT0,1000,0
2020-08-17,ETHOSCOPE_219,3,male,CS,dieldrin,03/08/2020,ZT0,1000,0
2020-08-17,ETHOSCOPE_219,4,male,CS,dieldrin,03/08/2020,ZT0,1000,0
2020-08-17,ETHOSCOPE_219,5,male,CS,dieldrin,03/08/2020,ZT0,1000,0
2020-08-17,ETHOSCOPE_219,6,male,CS,dieldrin,03/08/2020,ZT0,1000,0
2020-08-17,ETHOSCOPE_219,7,male,CS,dieldrin,03/08/2020,ZT0,1000,0
2020-08-17,ETHOSCOPE_219,8,male,CS,dieldrin,03/08/2020,ZT0,1000,0
2020-08-17,ETHOSCOPE_219,9,male,CS,dieldrin,03/08/2020,ZT0,1000,0
2020-08-17,ETHOSCOPE_219,10,male,CS,dieldrin,03/08/2020,ZT0,1000,0
2020-08-17,ETHOSCOPE_219,11,male,CS,dieldrin,03/08/2020,ZT0,1000,0
2020-08-17,ETHOSCOPE_219,12,male,CS,dieldrin,03/08/2020,ZT0,1000,0
2020-08-17,ETHOSCOPE_219,13,male,CS,dieldrin,03/08/2020,ZT0,1000,0
2020-08-17,ETHOSCOPE_219,14,male,CS,dieldrin,03/08/2020,ZT0,1000,0
2020-08-17,ETHOSCOPE_219,15,male,CS,dieldrin,03/08/2020,ZT0,1000,0
2020-08-17,ETHOSCOPE_219,16,male,CS,dieldrin,03/08/2020,ZT0,1000,0
2020-08-17,ETHOSCOPE_219,17,male,CS,dieldrin,03/08/2020,ZT0,1000,0
2020-08-17,ETHOSCOPE_219,18,male,CS,dieldrin,03/08/2020,ZT0,1000,0
2020-08-17,ETHOSCOPE_219,19,male,CS,dieldrin,03/08/2020,ZT0,1000,0
2020-08-17,ETHOSCOPE_219,20,male,CS,dieldrin,03/08/2020,ZT0,1000,0
2020-08-17,ETHOSCOPE_219,21,male,CS,dieldrin,03/08/2020,ZT0,1000,0
2020-08-17,ETHOSCOPE_219,22,male,CS,dieldrin,03/08/2020,ZT0,1000,0
2020-08-17,ETHOSCOPE_219,23,male,CS,dieldrin,03/08/2020,ZT0,1000,0
2020-08-17,ETHOSCOPE_219,24,male,CS,dieldrin,03/08/2020,ZT0,1000,0
2020-08-17,ETHOSCOPE_220,1,male,CS,solvent,03/08/2020,ZT0,1000,0
2020-08-17,ETHOSCOPE_220,2,male,CS,solvent,03/08/2020,ZT0,1000,0
2020-08-17,ETHOSCOPE_220,3,male,CS,solvent,03/08/2020,ZT0,1000,0
2020-08-17,ETHOSCOPE_220,4,male,CS,solvent,03/08/2020,ZT0,1000,0
2020-08-17,ETHOSCOPE_220,5,male,CS,solvent,03/08/2020,ZT0,1000,0
2020-08-17,ETHOSCOPE_220,6,male,CS,solvent,03/08/2020,ZT0,1000,0
2020-08-17,ETHOSCOPE_220,7,male,CS,solvent,03/08/2020,ZT0,1000,0
2020-08-17,ETHOSCOPE_220,8,male,CS,solvent,03/08/2020,ZT0,1000,0
2020-08-17,ETHOSCOPE_220,9,male,CS,solvent,03/08/2020,ZT0,1000,0
2020-08-17,ETHOSCOPE_220,10,male,CS,solvent,03/08/2020,ZT0,1000,0
2020-08-17,ETHOSCOPE_220,11,male,CS,solvent,03/08/2020,ZT0,1000,0
2020-08-17,ETHOSCOPE_220,12,male,CS,solvent,03/08/2020,ZT0,1000,0
2020-08-17,ETHOSCOPE_220,13,male,CS,solvent,03/08/2020,ZT0,1000,0
2020-08-17,ETHOSCOPE_220,14,male,CS,solvent,03/08/2020,ZT0,1000,0
2020-08-17,ETHOSCOPE_220,15,male,CS,solvent,03/08/2020,ZT0,1000,0
2020-08-17,ETHOSCOPE_220,16,male,CS,solvent,03/08/2020,ZT0,1000,0
2020-08-17,ETHOSCOPE_220,17,male,CS,solvent,03/08/2020,ZT0,1000,0
2020-08-17,ETHOSCOPE_220,18,male,CS,solvent,03/08/2020,ZT0,1000,0
2020-08-17,ETHOSCOPE_220,19,male,CS,solvent,03/08/2020,ZT0,1000,0
2020-08-17,ETHOSCOPE_220,20,male,CS,solvent,03/08/2020,ZT0,1000,0
2020-08-17,ETHOSCOPE_220,21,male,CS,solvent,03/08/2020,ZT0,1000,0
2020-08-17,ETHOSCOPE_220,22,male,CS,solvent,03/08/2020,ZT0,1000,0
2020-08-17,ETHOSCOPE_220,23,male,CS,solvent,03/08/2020,ZT0,1000,0
2020-08-17,ETHOSCOPE_220,24,male,CS,solvent,03/08/2020,ZT0,1000,0
2020-08-21,ETHOSCOPE_217,1,male,CS,chlorantraniliprole,07/08/2020,ZT0,1000,0
2020-08-21,ETHOSCOPE_217,2,male,CS,chlorantraniliprole,07/08/2020,ZT0,1000,0
2020-08-21,ETHOSCOPE_217,3,male,CS,chlorantraniliprole,07/08/2020,ZT0,1000,0
2020-08-21,ETHOSCOPE_217,4,male,CS,chlorantraniliprole,07/08/2020,ZT0,1000,0
2020-08-21,ETHOSCOPE_217,5,male,CS,chlorantraniliprole,07/08/2020,ZT0,1000,0
2020-08-21,ETHOSCOPE_217,6,male,CS,chlorantraniliprole,07/08/2020,ZT0,1000,0
2020-08-21,ETHOSCOPE_217,7,male,CS,chlorantraniliprole,07/08/2020,ZT0,1000,0
2020-08-21,ETHOSCOPE_217,8,male,CS,chlorantraniliprole,07/08/2020,ZT0,1000,0
2020-08-21,ETHOSCOPE_217,9,male,CS,chlorantraniliprole,07/08/2020,ZT0,1000,0
2020-08-21,ETHOSCOPE_217,10,male,CS,chlorantraniliprole,07/08/2020,ZT0,1000,0
2020-08-21,ETHOSCOPE_217,11,male,CS,chlorantraniliprole,07/08/2020,ZT0,1000,0
2020-08-21,ETHOSCOPE_217,12,male,CS,chlorantraniliprole,07/08/2020,ZT0,1000,0
2020-08-21,ETHOSCOPE_217,13,male,CS,chlorantraniliprole,07/08/2020,ZT0,1000,0
2020-08-21,ETHOSCOPE_217,14,male,CS,chlorantraniliprole,07/08/2020,ZT0,1000,0
2020-08-21,ETHOSCOPE_217,15,male,CS,chlorantraniliprole,07/08/2020,ZT0,1000,0
2020-08-21,ETHOSCOPE_217,16,male,CS,chlorantraniliprole,07/08/2020,ZT0,1000,0
2020-08-21,ETHOSCOPE_217,17,male,CS,chlorantraniliprole,07/08/2020,ZT0,1000,0
2020-08-21,ETHOSCOPE_217,18,male,CS,chlorantraniliprole,07/08/2020,ZT0,1000,0
2020-08-21,ETHOSCOPE_217,19,male,CS,chlorantraniliprole,07/08/2020,ZT0,1000,0
2020-08-21,ETHOSCOPE_217,20,male,CS,chlorantraniliprole,07/08/2020,ZT0,1000,0
2020-08-21,ETHOSCOPE_217,21,male,CS,chlorantraniliprole,07/08/2020,ZT0,1000,0
2020-08-21,ETHOSCOPE_217,22,male,CS,chlorantraniliprole,07/08/2020,ZT0,1000,0
2020-08-21,ETHOSCOPE_217,23,male,CS,chlorantraniliprole,07/08/2020,ZT0,1000,0
2020-08-21,ETHOSCOPE_217,24,male,CS,chlorantraniliprole,07/08/2020,ZT0,1000,0
2020-08-21,ETHOSCOPE_218,1,male,CS,solvent,07/08/2020,ZT0,1000,0
2020-08-21,ETHOSCOPE_218,2,male,CS,solvent,07/08/2020,ZT0,1000,0
2020-08-21,ETHOSCOPE_218,3,male,CS,solvent,07/08/2020,ZT0,1000,0
2020-08-21,ETHOSCOPE_218,4,male,CS,solvent,07/08/2020,ZT0,1000,0
2020-08-21,ETHOSCOPE_218,5,male,CS,solvent,07/08/2020,ZT0,1000,0
2020-08-21,ETHOSCOPE_218,6,male,CS,solvent,07/08/2020,ZT0,1000,0
2020-08-21,ETHOSCOPE_218,7,male,CS,solvent,07/08/2020,ZT0,1000,0
2020-08-21,ETHOSCOPE_218,8,male,CS,solvent,07/08/2020,ZT0,1000,0
2020-08-21,ETHOSCOPE_218,9,male,CS,solvent,07/08/2020,ZT0,1000,0
2020-08-21,ETHOSCOPE_218,10,male,CS,solvent,07/08/2020,ZT0,1000,0
2020-08-21,ETHOSCOPE_218,11,male,CS,solvent,07/08/2020,ZT0,1000,0
2020-08-21,ETHOSCOPE_218,12,male,CS,solvent,07/08/2020,ZT0,1000,0
2020-08-21,ETHOSCOPE_218,13,male,CS,solvent,07/08/2020,ZT0,1000,0
2020-08-21,ETHOSCOPE_218,14,male,CS,solvent,07/08/2020,ZT0,1000,0
2020-08-21,ETHOSCOPE_218,15,male,CS,solvent,07/08/2020,ZT0,1000,0
2020-08-21,ETHOSCOPE_218,16,male,CS,solvent,07/08/2020,ZT0,1000,0
2020-08-21,ETHOSCOPE_218,17,male,CS,solvent,07/08/2020,ZT0,1000,0
2020-08-21,ETHOSCOPE_218,18,male,CS,solvent,07/08/2020,ZT0,1000,0
2020-08-21,ETHOSCOPE_218,19,male,CS,solvent,07/08/2020,ZT0,1000,0
2020-08-21,ETHOSCOPE_218,20,male,CS,solvent,07/08/2020,ZT0,1000,0
2020-08-21,ETHOSCOPE_218,21,male,CS,solvent,07/08/2020,ZT0,1000,0
2020-08-21,ETHOSCOPE_218,22,male,CS,solvent,07/08/2020,ZT0,1000,0
2020-08-21,ETHOSCOPE_218,23,male,CS,solvent,07/08/2020,ZT0,1000,0
2020-08-21,ETHOSCOPE_218,24,male,CS,solvent,07/08/2020,ZT0,1000,0
2020-08-24,ETHOSCOPE_211,1,male,CS,solvent,10/08/2020,ZT0,1000,0
2020-08-24,ETHOSCOPE_211,2,male,CS,solvent,10/08/2020,ZT0,1000,0
2020-08-24,ETHOSCOPE_211,3,male,CS,solvent,10/08/2020,ZT0,1000,0
2020-08-24,ETHOSCOPE_211,4,male,CS,solvent,10/08/2020,ZT0,1000,0
2020-08-24,ETHOSCOPE_211,5,male,CS,solvent,10/08/2020,ZT0,1000,0
2020-08-24,ETHOSCOPE_211,6,male,CS,solvent,10/08/2020,ZT0,1000,0
2020-08-24,ETHOSCOPE_211,7,male,CS,solvent,10/08/2020,ZT0,1000,0
2020-08-24,ETHOSCOPE_211,8,male,CS,solvent,10/08/2020,ZT0,1000,0
2020-08-24,ETHOSCOPE_211,9,male,CS,solvent,10/08/2020,ZT0,1000,0
2020-08-24,ETHOSCOPE_211,10,male,CS,solvent,10/08/2020,ZT0,1000,0
2020-08-24,ETHOSCOPE_211,11,male,CS,solvent,10/08/2020,ZT0,1000,0
2020-08-24,ETHOSCOPE_211,12,male,CS,solvent,10/08/2020,ZT0,1000,0
2020-08-24,ETHOSCOPE_211,13,male,CS,solvent,10/08/2020,ZT0,1000,0
2020-08-24,ETHOSCOPE_211,14,male,CS,solvent,10/08/2020,ZT0,1000,0
2020-08-24,ETHOSCOPE_211,15,male,CS,solvent,10/08/2020,ZT0,1000,0
2020-08-24,ETHOSCOPE_211,16,male,CS,solvent,10/08/2020,ZT0,1000,0
2020-08-24,ETHOSCOPE_211,17,male,CS,solvent,10/08/2020,ZT0,1000,0
2020-08-24,ETHOSCOPE_211,18,male,CS,solvent,10/08/2020,ZT0,1000,0
2020-08-24,ETHOSCOPE_211,19,male,CS,solvent,10/08/2020,ZT0,1000,0
2020-08-24,ETHOSCOPE_211,20,male,CS,solvent,10/08/2020,ZT0,1000,0
2020-08-24,ETHOSCOPE_211,21,male,CS,solvent,10/08/2020,ZT0,1000,0
2020-08-24,ETHOSCOPE_211,22,male,CS,solvent,10/08/2020,ZT0,1000,0
2020-08-24,ETHOSCOPE_211,23,male,CS,solvent,10/08/2020,ZT0,1000,0
2020-08-24,ETHOSCOPE_211,24,male,CS,solvent,10/08/2020,ZT0,1000,0
2020-08-24,ETHOSCOPE_139,1,male,CS,solvent,10/08/2020,ZT0,1000,0
2020-08-24,ETHOSCOPE_139,2,male,CS,solvent,10/08/2020,ZT0,1000,0
2020-08-24,ETHOSCOPE_139,3,male,CS,solvent,10/08/2020,ZT0,1000,0
2020-08-24,ETHOSCOPE_139,4,male,CS,solvent,10/08/2020,ZT0,1000,0
2020-08-24,ETHOSCOPE_139,5,male,CS,solvent,10/08/2020,ZT0,1000,0
2020-08-24,ETHOSCOPE_139,6,male,CS,solvent,10/08/2020,ZT0,1000,0
2020-08-24,ETHOSCOPE_139,7,male,CS,solvent,10/08/2020,ZT0,1000,0
2020-08-24,ETHOSCOPE_139,8,male,CS,solvent,10/08/2020,ZT0,1000,0
2020-08-24,ETHOSCOPE_139,9,male,CS,solvent,10/08/2020,ZT0,1000,0
2020-08-24,ETHOSCOPE_139,10,male,CS,solvent,10/08/2020,ZT0,1000,0
2020-08-24,ETHOSCOPE_139,11,male,CS,solvent,10/08/2020,ZT0,1000,0
2020-08-24,ETHOSCOPE_139,12,male,CS,solvent,10/08/2020,ZT0,1000,0
2020-08-24,ETHOSCOPE_139,13,male,CS,solvent,10/08/2020,ZT0,1000,0
2020-08-24,ETHOSCOPE_139,14,male,CS,solvent,10/08/2020,ZT0,1000,0
2020-08-24,ETHOSCOPE_139,15,male,CS,solvent,10/08/2020,ZT0,1000,0
2020-08-24,ETHOSCOPE_139,16,male,CS,solvent,10/08/2020,ZT0,1000,0
2020-08-24,ETHOSCOPE_139,17,male,CS,solvent,10/08/2020,ZT0,1000,0
2020-08-24,ETHOSCOPE_139,18,male,CS,solvent,10/08/2020,ZT0,1000,0
2020-08-24,ETHOSCOPE_139,19,male,CS,solvent,10/08/2020,ZT0,1000,0
2020-08-24,ETHOSCOPE_139,20,male,CS,solvent,10/08/2020,ZT0,1000,0
2020-08-24,ETHOSCOPE_139,21,male,CS,solvent,10/08/2020,ZT0,1000,0
2020-08-24,ETHOSCOPE_139,22,male,CS,solvent,10/08/2020,ZT0,1000,0
2020-08-24,ETHOSCOPE_139,23,male,CS,solvent,10/08/2020,ZT0,1000,0
2020-08-24,ETHOSCOPE_139,24,male,CS,solvent,10/08/2020,ZT0,1000,0
2020-08-24,ETHOSCOPE_108,1,male,CS,abamectin,10/08/2020,ZT0,1000,0
2020-08-24,ETHOSCOPE_108,2,male,CS,abamectin,10/08/2020,ZT0,1000,0
2020-08-24,ETHOSCOPE_108,3,male,CS,abamectin,10/08/2020,ZT0,1000,0
2020-08-24,ETHOSCOPE_108,4,male,CS,abamectin,10/08/2020,ZT0,1000,0
2020-08-24,ETHOSCOPE_108,5,male,CS,abamectin,10/08/2020,ZT0,1000,0
2020-08-24,ETHOSCOPE_108,6,male,CS,abamectin,10/08/2020,ZT0,1000,0
2020-08-24,ETHOSCOPE_108,7,male,CS,abamectin,10/08/2020,ZT0,1000,0
2020-08-24,ETHOSCOPE_108,8,male,CS,abamectin,10/08/2020,ZT0,1000,0
2020-08-24,ETHOSCOPE_108,9,male,CS,abamectin,10/08/2020,ZT0,1000,0
2020-08-24,ETHOSCOPE_108,10,male,CS,abamectin,10/08/2020,ZT0,1000,0
2020-08-24,ETHOSCOPE_108,11,male,CS,abamectin,10/08/2020,ZT0,1000,0
2020-08-24,ETHOSCOPE_108,12,male,CS,abamectin,10/08/2020,ZT0,1000,0
2020-08-24,ETHOSCOPE_108,13,male,CS,abamectin,10/08/2020,ZT0,1000,0
2020-08-24,ETHOSCOPE_108,14,male,CS,abamectin,10/08/2020,ZT0,1000,0
2020-08-24,ETHOSCOPE_108,15,male,CS,abamectin,10/08/2020,ZT0,1000,0
2020-08-24,ETHOSCOPE_108,16,male,CS,abamectin,10/08/2020,ZT0,1000,0
2020-08-24,ETHOSCOPE_108,17,male,CS,abamectin,10/08/2020,ZT0,1000,0
2020-08-24,ETHOSCOPE_108,18,male,CS,abamectin,10/08/2020,ZT0,1000,0
2020-08-24,ETHOSCOPE_108,19,male,CS,abamectin,10/08/2020,ZT0,1000,0
2020-08-24,ETHOSCOPE_108,20,male,CS,abamectin,10/08/2020,ZT0,1000,0
2020-08-24,ETHOSCOPE_108,21,male,CS,abamectin,10/08/2020,ZT0,1000,0
2020-08-24,ETHOSCOPE_108,22,male,CS,abamectin,10/08/2020,ZT0,1000,0
2020-08-24,ETHOSCOPE_108,23,male,CS,abamectin,10/08/2020,ZT0,1000,0
2020-08-24,ETHOSCOPE_108,24,male,CS,abamectin,10/08/2020,ZT0,1000,0
2020-08-24,ETHOSCOPE_109,1,male,CS,chlorantraniliprole,10/08/2020,ZT0,1000,0
2020-08-24,ETHOSCOPE_109,2,male,CS,chlorantraniliprole,10/08/2020,ZT0,1000,0
2020-08-24,ETHOSCOPE_109,3,male,CS,chlorantraniliprole,10/08/2020,ZT0,1000,0
2020-08-24,ETHOSCOPE_109,4,male,CS,chlorantraniliprole,10/08/2020,ZT0,1000,0
2020-08-24,ETHOSCOPE_109,5,male,CS,chlorantraniliprole,10/08/2020,ZT0,1000,0
2020-08-24,ETHOSCOPE_109,6,male,CS,chlorantraniliprole,10/08/2020,ZT0,1000,0
2020-08-24,ETHOSCOPE_109,7,male,CS,chlorantraniliprole,10/08/2020,ZT0,1000,0
2020-08-24,ETHOSCOPE_109,8,male,CS,chlorantraniliprole,10/08/2020,ZT0,1000,0
2020-08-24,ETHOSCOPE_109,9,male,CS,chlorantraniliprole,10/08/2020,ZT0,1000,0
2020-08-24,ETHOSCOPE_109,10,male,CS,chlorantraniliprole,10/08/2020,ZT0,1000,0
2020-08-24,ETHOSCOPE_109,11,male,CS,chlorantraniliprole,10/08/2020,ZT0,1000,0
2020-08-24,ETHOSCOPE_109,12,male,CS,chlorantraniliprole,10/08/2020,ZT0,1000,0
2020-08-24,ETHOSCOPE_109,13,male,CS,chlorantraniliprole,10/08/2020,ZT0,1000,0
2020-08-24,ETHOSCOPE_109,14,male,CS,chlorantraniliprole,10/08/2020,ZT0,1000,0
2020-08-24,ETHOSCOPE_109,15,male,CS,chlorantraniliprole,10/08/2020,ZT0,1000,0
2020-08-24,ETHOSCOPE_109,16,male,CS,chlorantraniliprole,10/08/2020,ZT0,1000,0
2020-08-24,ETHOSCOPE_109,17,male,CS,chlorantraniliprole,10/08/2020,ZT0,1000,0
2020-08-24,ETHOSCOPE_109,18,male,CS,chlorantraniliprole,10/08/2020,ZT0,1000,0
2020-08-24,ETHOSCOPE_109,19,male,CS,chlorantraniliprole,10/08/2020,ZT0,1000,0
2020-08-24,ETHOSCOPE_109,20,male,CS,chlorantraniliprole,10/08/2020,ZT0,1000,0
2020-08-24,ETHOSCOPE_109,21,male,CS,chlorantraniliprole,10/08/2020,ZT0,1000,0
2020-08-24,ETHOSCOPE_109,22,male,CS,chlorantraniliprole,10/08/2020,ZT0,1000,0
2020-08-24,ETHOSCOPE_109,23,male,CS,chlorantraniliprole,10/08/2020,ZT0,1000,0
2020-08-24,ETHOSCOPE_109,24,male,CS,chlorantraniliprole,10/08/2020,ZT0,1000,0
2020-08-26,ETHOSCOPE_217,1,male,CS,solvent,12/08/2020,ZT0,1000,0
2020-08-26,ETHOSCOPE_217,2,male,CS,solvent,12/08/2020,ZT0,1000,0
2020-08-26,ETHOSCOPE_217,3,male,CS,solvent,12/08/2020,ZT0,1000,0
2020-08-26,ETHOSCOPE_217,4,male,CS,solvent,12/08/2020,ZT0,1000,0
2020-08-26,ETHOSCOPE_217,5,male,CS,solvent,12/08/2020,ZT0,1000,0
2020-08-26,ETHOSCOPE_217,6,male,CS,solvent,12/08/2020,ZT0,1000,0
2020-08-26,ETHOSCOPE_217,7,male,CS,solvent,12/08/2020,ZT0,1000,0
2020-08-26,ETHOSCOPE_217,8,male,CS,solvent,12/08/2020,ZT0,1000,0
2020-08-26,ETHOSCOPE_217,9,male,CS,solvent,12/08/2020,ZT0,1000,0
2020-08-26,ETHOSCOPE_217,10,male,CS,solvent,12/08/2020,ZT0,1000,0
2020-08-26,ETHOSCOPE_217,11,male,CS,solvent,12/08/2020,ZT0,1000,0
2020-08-26,ETHOSCOPE_217,12,male,CS,solvent,12/08/2020,ZT0,1000,0
2020-08-26,ETHOSCOPE_217,13,male,CS,solvent,12/08/2020,ZT0,1000,0
2020-08-26,ETHOSCOPE_217,14,male,CS,solvent,12/08/2020,ZT0,1000,0
2020-08-26,ETHOSCOPE_217,15,male,CS,solvent,12/08/2020,ZT0,1000,0
2020-08-26,ETHOSCOPE_217,16,male,CS,solvent,12/08/2020,ZT0,1000,0
2020-08-26,ETHOSCOPE_217,17,male,CS,solvent,12/08/2020,ZT0,1000,0
2020-08-26,ETHOSCOPE_217,18,male,CS,solvent,12/08/2020,ZT0,1000,0
2020-08-26,ETHOSCOPE_217,19,male,CS,solvent,12/08/2020,ZT0,1000,0
2020-08-26,ETHOSCOPE_217,20,male,CS,solvent,12/08/2020,ZT0,1000,0
2020-08-26,ETHOSCOPE_217,21,male,CS,solvent,12/08/2020,ZT0,1000,0
2020-08-26,ETHOSCOPE_217,22,male,CS,solvent,12/08/2020,ZT0,1000,0
2020-08-26,ETHOSCOPE_217,23,male,CS,solvent,12/08/2020,ZT0,1000,0
2020-08-26,ETHOSCOPE_217,24,male,CS,solvent,12/08/2020,ZT0,1000,0
2020-08-26,ETHOSCOPE_139,1,male,CS,solvent,12/08/2020,ZT0,1000,0
2020-08-26,ETHOSCOPE_139,2,male,CS,solvent,12/08/2020,ZT0,1000,0
2020-08-26,ETHOSCOPE_139,3,male,CS,solvent,12/08/2020,ZT0,1000,0
2020-08-26,ETHOSCOPE_139,4,male,CS,solvent,12/08/2020,ZT0,1000,0
2020-08-26,ETHOSCOPE_139,5,male,CS,solvent,12/08/2020,ZT0,1000,0
2020-08-26,ETHOSCOPE_139,6,male,CS,solvent,12/08/2020,ZT0,1000,0
2020-08-26,ETHOSCOPE_139,7,male,CS,solvent,12/08/2020,ZT0,1000,0
2020-08-26,ETHOSCOPE_139,8,male,CS,solvent,12/08/2020,ZT0,1000,0
2020-08-26,ETHOSCOPE_139,9,male,CS,solvent,12/08/2020,ZT0,1000,0
2020-08-26,ETHOSCOPE_139,10,male,CS,solvent,12/08/2020,ZT0,1000,0
2020-08-26,ETHOSCOPE_139,11,male,CS,solvent,12/08/2020,ZT0,1000,0
2020-08-26,ETHOSCOPE_139,12,male,CS,solvent,12/08/2020,ZT0,1000,0
2020-08-26,ETHOSCOPE_139,13,male,CS,solvent,12/08/2020,ZT0,1000,0
2020-08-26,ETHOSCOPE_139,14,male,CS,solvent,12/08/2020,ZT0,1000,0
2020-08-26,ETHOSCOPE_139,15,male,CS,solvent,12/08/2020,ZT0,1000,0
2020-08-26,ETHOSCOPE_139,16,male,CS,solvent,12/08/2020,ZT0,1000,0
2020-08-26,ETHOSCOPE_139,17,male,CS,solvent,12/08/2020,ZT0,1000,0
2020-08-26,ETHOSCOPE_139,18,male,CS,solvent,12/08/2020,ZT0,1000,0
2020-08-26,ETHOSCOPE_139,19,male,CS,solvent,12/08/2020,ZT0,1000,0
2020-08-26,ETHOSCOPE_139,20,male,CS,solvent,12/08/2020,ZT0,1000,0
2020-08-26,ETHOSCOPE_139,21,male,CS,solvent,12/08/2020,ZT0,1000,0
2020-08-26,ETHOSCOPE_139,22,male,CS,solvent,12/08/2020,ZT0,1000,0
2020-08-26,ETHOSCOPE_139,23,male,CS,solvent,12/08/2020,ZT0,1000,0
2020-08-26,ETHOSCOPE_139,24,male,CS,solvent,12/08/2020,ZT0,1000,0
2020-08-26,ETHOSCOPE_109,1,male,CS,chlorantraniliprole,12/08/2020,ZT0,1000,0
2020-08-26,ETHOSCOPE_109,2,male,CS,chlorantraniliprole,12/08/2020,ZT0,1000,0
2020-08-26,ETHOSCOPE_109,3,male,CS,chlorantraniliprole,12/08/2020,ZT0,1000,0
2020-08-26,ETHOSCOPE_109,4,male,CS,chlorantraniliprole,12/08/2020,ZT0,1000,0
2020-08-26,ETHOSCOPE_109,5,male,CS,chlorantraniliprole,12/08/2020,ZT0,1000,0
2020-08-26,ETHOSCOPE_109,6,male,CS,chlorantraniliprole,12/08/2020,ZT0,1000,0
2020-08-26,ETHOSCOPE_109,7,male,CS,chlorantraniliprole,12/08/2020,ZT0,1000,0
2020-08-26,ETHOSCOPE_109,8,male,CS,chlorantraniliprole,12/08/2020,ZT0,1000,0
2020-08-26,ETHOSCOPE_109,9,male,CS,chlorantraniliprole,12/08/2020,ZT0,1000,0
2020-08-26,ETHOSCOPE_109,10,male,CS,chlorantraniliprole,12/08/2020,ZT0,1000,0
2020-08-26,ETHOSCOPE_109,11,male,CS,chlorantraniliprole,12/08/2020,ZT0,1000,0
2020-08-26,ETHOSCOPE_109,12,male,CS,chlorantraniliprole,12/08/2020,ZT0,1000,0
2020-08-26,ETHOSCOPE_109,13,male,CS,chlorantraniliprole,12/08/2020,ZT0,1000,0
2020-08-26,ETHOSCOPE_109,14,male,CS,chlorantraniliprole,12/08/2020,ZT0,1000,0
2020-08-26,ETHOSCOPE_109,15,male,CS,chlorantraniliprole,12/08/2020,ZT0,1000,0
2020-08-26,ETHOSCOPE_109,16,male,CS,chlorantraniliprole,12/08/2020,ZT0,1000,0
2020-08-26,ETHOSCOPE_109,17,male,CS,chlorantraniliprole,12/08/2020,ZT0,1000,0
2020-08-26,ETHOSCOPE_109,18,male,CS,chlorantraniliprole,12/08/2020,ZT0,1000,0
2020-08-26,ETHOSCOPE_109,19,male,CS,chlorantraniliprole,12/08/2020,ZT0,1000,0
2020-08-26,ETHOSCOPE_109,20,male,CS,chlorantraniliprole,12/08/2020,ZT0,1000,0
2020-08-26,ETHOSCOPE_109,21,male,CS,chlorantraniliprole,12/08/2020,ZT0,1000,0
2020-08-26,ETHOSCOPE_109,22,male,CS,chlorantraniliprole,12/08/2020,ZT0,1000,0
2020-08-26,ETHOSCOPE_109,23,male,CS,chlorantraniliprole,12/08/2020,ZT0,1000,0
2020-08-26,ETHOSCOPE_109,24,male,CS,chlorantraniliprole,12/08/2020,ZT0,1000,0
2020-08-26,ETHOSCOPE_108,1,male,CS,abamectin,12/08/2020,ZT0,1000,0
2020-08-26,ETHOSCOPE_108,2,male,CS,abamectin,12/08/2020,ZT0,1000,0
2020-08-26,ETHOSCOPE_108,3,male,CS,abamectin,12/08/2020,ZT0,1000,0
2020-08-26,ETHOSCOPE_108,4,male,CS,abamectin,12/08/2020,ZT0,1000,0
2020-08-26,ETHOSCOPE_108,5,male,CS,abamectin,12/08/2020,ZT0,1000,0
2020-08-26,ETHOSCOPE_108,6,male,CS,abamectin,12/08/2020,ZT0,1000,0
2020-08-26,ETHOSCOPE_108,7,male,CS,abamectin,12/08/2020,ZT0,1000,0
2020-08-26,ETHOSCOPE_108,8,male,CS,abamectin,12/08/2020,ZT0,1000,0
2020-08-26,ETHOSCOPE_108,9,male,CS,abamectin,12/08/2020,ZT0,1000,0
2020-08-26,ETHOSCOPE_108,10,male,CS,abamectin,12/08/2020,ZT0,1000,0
2020-08-26,ETHOSCOPE_108,11,male,CS,abamectin,12/08/2020,ZT0,1000,0
2020-08-26,ETHOSCOPE_108,12,male,CS,abamectin,12/08/2020,ZT0,1000,0
2020-08-26,ETHOSCOPE_108,13,male,CS,abamectin,12/08/2020,ZT0,1000,0
2020-08-26,ETHOSCOPE_108,14,male,CS,abamectin,12/08/2020,ZT0,1000,0
2020-08-26,ETHOSCOPE_108,15,male,CS,abamectin,12/08/2020,ZT0,1000,0
2020-08-26,ETHOSCOPE_108,16,male,CS,abamectin,12/08/2020,ZT0,1000,0
2020-08-26,ETHOSCOPE_108,17,male,CS,abamectin,12/08/2020,ZT0,1000,0
2020-08-26,ETHOSCOPE_108,18,male,CS,abamectin,12/08/2020,ZT0,1000,0
2020-08-26,ETHOSCOPE_108,19,male,CS,abamectin,12/08/2020,ZT0,1000,0
2020-08-26,ETHOSCOPE_108,20,male,CS,abamectin,12/08/2020,ZT0,1000,0
2020-08-26,ETHOSCOPE_108,21,male,CS,abamectin,12/08/2020,ZT0,1000,0
2020-08-26,ETHOSCOPE_108,22,male,CS,abamectin,12/08/2020,ZT0,1000,0
2020-08-26,ETHOSCOPE_108,23,male,CS,abamectin,12/08/2020,ZT0,1000,0
2020-08-26,ETHOSCOPE_108,24,male,CS,abamectin,12/08/2020,ZT0,1000,0
2021-04-09,ETHOSCOPE_254,1,male,CS,spirindoline,25/03/2021,ZT1,1000,0.0417
2021-04-09,ETHOSCOPE_254,2,male,CS,spirindoline,25/03/2021,ZT1,1000,0.0417
2021-04-09,ETHOSCOPE_254,3,male,CS,spirindoline,25/03/2021,ZT1,1000,0.0417
2021-04-09,ETHOSCOPE_254,4,male,CS,spirindoline,25/03/2021,ZT1,1000,0.0417
2021-04-09,ETHOSCOPE_254,5,male,CS,spirindoline,25/03/2021,ZT1,1000,0.0417
2021-04-09,ETHOSCOPE_254,6,male,CS,spirindoline,25/03/2021,ZT1,1000,0.0417
2021-04-09,ETHOSCOPE_254,7,male,CS,spirindoline,25/03/2021,ZT1,1000,0.0417
2021-04-09,ETHOSCOPE_254,8,male,CS,spirindoline,25/03/2021,ZT1,1000,0.0417
2021-04-09,ETHOSCOPE_254,9,male,CS,spirindoline,25/03/2021,ZT1,1000,0.0417
2021-04-09,ETHOSCOPE_254,10,male,CS,spirindoline,25/03/2021,ZT1,1000,0.0417
2021-04-09,ETHOSCOPE_254,11,male,CS,spirindoline,25/03/2021,ZT1,1000,0.0417
2021-04-09,ETHOSCOPE_254,12,male,CS,spirindoline,25/03/2021,ZT1,1000,0.0417
2021-04-09,ETHOSCOPE_254,13,male,CS,spirindoline,25/03/2021,ZT1,1000,0.0417
2021-04-09,ETHOSCOPE_254,14,male,CS,spirindoline,25/03/2021,ZT1,1000,0.0417
2021-04-09,ETHOSCOPE_254,15,male,CS,spirindoline,25/03/2021,ZT1,1000,0.0417
2021-04-09,ETHOSCOPE_254,16,male,CS,spirindoline,25/03/2021,ZT1,1000,0.0417
2021-04-09,ETHOSCOPE_254,17,male,CS,spirindoline,25/03/2021,ZT1,1000,0.0417
2021-04-09,ETHOSCOPE_254,18,male,CS,spirindoline,25/03/2021,ZT1,1000,0.0417
2021-04-09,ETHOSCOPE_254,19,male,CS,spirindoline,25/03/2021,ZT1,1000,0.0417
2021-04-09,ETHOSCOPE_254,20,male,CS,spirindoline,25/03/2021,ZT1,1000,0.0417
2021-04-09,ETHOSCOPE_254,21,male,CS,spirindoline,25/03/2021,ZT1,1000,0.0417
2021-04-09,ETHOSCOPE_254,22,male,CS,spirindoline,25/03/2021,ZT1,1000,0.0417
2021-04-09,ETHOSCOPE_254,23,male,CS,spirindoline,25/03/2021,ZT1,1000,0.0417
2021-04-09,ETHOSCOPE_254,24,male,CS,spirindoline,25/03/2021,ZT1,1000,0.0417
2021-04-09,ETHOSCOPE_259,1,male,CS,pymetrozine,25/03/2021,ZT1,1000,0.0417
2021-04-09,ETHOSCOPE_259,2,male,CS,pymetrozine,25/03/2021,ZT1,1000,0.0417
2021-04-09,ETHOSCOPE_259,3,male,CS,pymetrozine,25/03/2021,ZT1,1000,0.0417
2021-04-09,ETHOSCOPE_259,4,male,CS,pymetrozine,25/03/2021,ZT1,1000,0.0417
2021-04-09,ETHOSCOPE_259,5,male,CS,pymetrozine,25/03/2021,ZT1,1000,0.0417
2021-04-09,ETHOSCOPE_259,6,male,CS,pymetrozine,25/03/2021,ZT1,1000,0.0417
2021-04-09,ETHOSCOPE_259,7,male,CS,pymetrozine,25/03/2021,ZT1,1000,0.0417
2021-04-09,ETHOSCOPE_259,8,male,CS,pymetrozine,25/03/2021,ZT1,1000,0.0417
2021-04-09,ETHOSCOPE_259,9,male,CS,pymetrozine,25/03/2021,ZT1,1000,0.0417
2021-04-09,ETHOSCOPE_259,10,male,CS,pymetrozine,25/03/2021,ZT1,1000,0.0417
2021-04-09,ETHOSCOPE_259,11,male,CS,pymetrozine,25/03/2021,ZT1,1000,0.0417
2021-04-09,ETHOSCOPE_259,12,male,CS,pymetrozine,25/03/2021,ZT1,1000,0.0417
2021-04-09,ETHOSCOPE_259,13,male,CS,pymetrozine,25/03/2021,ZT1,1000,0.0417
2021-04-09,ETHOSCOPE_259,14,male,CS,pymetrozine,25/03/2021,ZT1,1000,0.0417
2021-04-09,ETHOSCOPE_259,15,male,CS,pymetrozine,25/03/2021,ZT1,1000,0.0417
2021-04-09,ETHOSCOPE_259,16,male,CS,pymetrozine,25/03/2021,ZT1,1000,0.0417
2021-04-09,ETHOSCOPE_259,17,male,CS,pymetrozine,25/03/2021,ZT1,1000,0.0417
2021-04-09,ETHOSCOPE_259,18,male,CS,pymetrozine,25/03/2021,ZT1,1000,0.0417
2021-04-09,ETHOSCOPE_259,19,male,CS,pymetrozine,25/03/2021,ZT1,1000,0.0417
2021-04-09,ETHOSCOPE_259,20,male,CS,pymetrozine,25/03/2021,ZT1,1000,0.0417
2021-04-09,ETHOSCOPE_259,21,male,CS,pymetrozine,25/03/2021,ZT1,1000,0.0417
2021-04-09,ETHOSCOPE_259,22,male,CS,pymetrozine,25/03/2021,ZT1,1000,0.0417
2021-04-09,ETHOSCOPE_259,23,male,CS,pymetrozine,25/03/2021,ZT1,1000,0.0417
2021-04-09,ETHOSCOPE_259,24,male,CS,pymetrozine,25/03/2021,ZT1,1000,0.0417
2021-04-09,ETHOSCOPE_257,1,male,CS,pymetrozine,25/03/2021,ZT1,1000,0.0417
2021-04-09,ETHOSCOPE_257,2,male,CS,pymetrozine,25/03/2021,ZT1,1000,0.0417
2021-04-09,ETHOSCOPE_257,3,male,CS,pymetrozine,25/03/2021,ZT1,1000,0.0417
2021-04-09,ETHOSCOPE_257,4,male,CS,pymetrozine,25/03/2021,ZT1,1000,0.0417
2021-04-09,ETHOSCOPE_257,5,male,CS,pymetrozine,25/03/2021,ZT1,1000,0.0417
2021-04-09,ETHOSCOPE_257,6,male,CS,pymetrozine,25/03/2021,ZT1,1000,0.0417
2021-04-09,ETHOSCOPE_257,7,male,CS,pymetrozine,25/03/2021,ZT1,1000,0.0417
2021-04-09,ETHOSCOPE_257,8,male,CS,pymetrozine,25/03/2021,ZT1,1000,0.0417
2021-04-09,ETHOSCOPE_257,9,male,CS,pymetrozine,25/03/2021,ZT1,1000,0.0417
2021-04-09,ETHOSCOPE_257,10,male,CS,pymetrozine,25/03/2021,ZT1,1000,0.0417
2021-04-09,ETHOSCOPE_257,11,male,CS,pymetrozine,25/03/2021,ZT1,1000,0.0417
2021-04-09,ETHOSCOPE_257,12,male,CS,pymetrozine,25/03/2021,ZT1,1000,0.0417
2021-04-09,ETHOSCOPE_257,13,male,CS,pymetrozine,25/03/2021,ZT1,1000,0.0417
2021-04-09,ETHOSCOPE_257,14,male,CS,pymetrozine,25/03/2021,ZT1,1000,0.0417
2021-04-09,ETHOSCOPE_257,15,male,CS,pymetrozine,25/03/2021,ZT1,1000,0.0417
2021-04-09,ETHOSCOPE_257,16,male,CS,pymetrozine,25/03/2021,ZT1,1000,0.0417
2021-04-09,ETHOSCOPE_257,17,male,CS,pymetrozine,25/03/2021,ZT1,1000,0.0417
2021-04-09,ETHOSCOPE_257,18,male,CS,pymetrozine,25/03/2021,ZT1,1000,0.0417
2021-04-09,ETHOSCOPE_257,19,male,CS,pymetrozine,25/03/2021,ZT1,1000,0.0417
2021-04-09,ETHOSCOPE_257,20,male,CS,pymetrozine,25/03/2021,ZT1,1000,0.0417
2021-04-09,ETHOSCOPE_257,21,male,CS,pymetrozine,25/03/2021,ZT1,1000,0.0417
2021-04-09,ETHOSCOPE_257,22,male,CS,pymetrozine,25/03/2021,ZT1,1000,0.0417
2021-04-09,ETHOSCOPE_257,23,male,CS,pymetrozine,25/03/2021,ZT1,1000,0.0417
2021-04-09,ETHOSCOPE_257,24,male,CS,pymetrozine,25/03/2021,ZT1,1000,0.0417
2021-04-16,ETHOSCOPE_109,1,male,CS,pymetrozine,31/03/2021,ZT1,1000,0.0417
2021-04-16,ETHOSCOPE_109,2,male,CS,pymetrozine,31/03/2021,ZT1,1000,0.0417
2021-04-16,ETHOSCOPE_109,3,male,CS,pymetrozine,31/03/2021,ZT1,1000,0.0417
2021-04-16,ETHOSCOPE_109,4,male,CS,pymetrozine,31/03/2021,ZT1,1000,0.0417
2021-04-16,ETHOSCOPE_109,5,male,CS,pymetrozine,31/03/2021,ZT1,1000,0.0417
2021-04-16,ETHOSCOPE_109,6,male,CS,pymetrozine,31/03/2021,ZT1,1000,0.0417
2021-04-16,ETHOSCOPE_109,7,male,CS,pymetrozine,31/03/2021,ZT1,1000,0.0417
2021-04-16,ETHOSCOPE_109,8,male,CS,pymetrozine,31/03/2021,ZT1,1000,0.0417
2021-04-16,ETHOSCOPE_109,9,male,CS,pymetrozine,31/03/2021,ZT1,1000,0.0417
2021-04-16,ETHOSCOPE_109,10,male,CS,pymetrozine,31/03/2021,ZT1,1000,0.0417
2021-04-16,ETHOSCOPE_109,11,male,CS,pymetrozine,31/03/2021,ZT1,1000,0.0417
2021-04-16,ETHOSCOPE_109,12,male,CS,pymetrozine,31/03/2021,ZT1,1000,0.0417
2021-04-16,ETHOSCOPE_109,13,male,CS,pymetrozine,31/03/2021,ZT1,1000,0.0417
2021-04-16,ETHOSCOPE_109,14,male,CS,pymetrozine,31/03/2021,ZT1,1000,0.0417
2021-04-16,ETHOSCOPE_109,15,male,CS,pymetrozine,31/03/2021,ZT1,1000,0.0417
2021-04-16,ETHOSCOPE_109,16,male,CS,pymetrozine,31/03/2021,ZT1,1000,0.0417
2021-04-16,ETHOSCOPE_109,17,male,CS,pymetrozine,31/03/2021,ZT1,1000,0.0417
2021-04-16,ETHOSCOPE_109,18,male,CS,pymetrozine,31/03/2021,ZT1,1000,0.0417
2021-04-16,ETHOSCOPE_109,19,male,CS,pymetrozine,31/03/2021,ZT1,1000,0.0417
2021-04-16,ETHOSCOPE_109,20,male,CS,pymetrozine,31/03/2021,ZT1,1000,0.0417
2021-04-16,ETHOSCOPE_109,21,male,CS,pymetrozine,31/03/2021,ZT1,1000,0.0417
2021-04-16,ETHOSCOPE_109,22,male,CS,pymetrozine,31/03/2021,ZT1,1000,0.0417
2021-04-16,ETHOSCOPE_109,23,male,CS,pymetrozine,31/03/2021,ZT1,1000,0.0417
2021-04-16,ETHOSCOPE_109,24,male,CS,pymetrozine,31/03/2021,ZT1,1000,0.0417
2021-04-16,ETHOSCOPE_141,1,male,CS,spirindoline,31/03/2021,ZT1,1000,0.0417
2021-04-16,ETHOSCOPE_141,2,male,CS,spirindoline,31/03/2021,ZT1,1000,0.0417
2021-04-16,ETHOSCOPE_141,3,male,CS,spirindoline,31/03/2021,ZT1,1000,0.0417
2021-04-16,ETHOSCOPE_141,4,male,CS,spirindoline,31/03/2021,ZT1,1000,0.0417
2021-04-16,ETHOSCOPE_141,5,male,CS,spirindoline,31/03/2021,ZT1,1000,0.0417
2021-04-16,ETHOSCOPE_141,6,male,CS,spirindoline,31/03/2021,ZT1,1000,0.0417
2021-04-16,ETHOSCOPE_141,7,male,CS,spirindoline,31/03/2021,ZT1,1000,0.0417
2021-04-16,ETHOSCOPE_141,8,male,CS,spirindoline,31/03/2021,ZT1,1000,0.0417
2021-04-16,ETHOSCOPE_141,9,male,CS,spirindoline,31/03/2021,ZT1,1000,0.0417
2021-04-16,ETHOSCOPE_141,10,male,CS,spirindoline,31/03/2021,ZT1,1000,0.0417
2021-04-16,ETHOSCOPE_141,11,male,CS,spirindoline,31/03/2021,ZT1,1000,0.0417
2021-04-16,ETHOSCOPE_141,12,male,CS,spirindoline,31/03/2021,ZT1,1000,0.0417
2021-04-16,ETHOSCOPE_141,13,male,CS,spirindoline,31/03/2021,ZT1,1000,0.0417
2021-04-16,ETHOSCOPE_141,14,male,CS,spirindoline,31/03/2021,ZT1,1000,0.0417
2021-04-16,ETHOSCOPE_141,15,male,CS,spirindoline,31/03/2021,ZT1,1000,0.0417
2021-04-16,ETHOSCOPE_141,16,male,CS,spirindoline,31/03/2021,ZT1,1000,0.0417
2021-04-16,ETHOSCOPE_141,17,male,CS,spirindoline,31/03/2021,ZT1,1000,0.0417
2021-04-16,ETHOSCOPE_141,18,male,CS,spirindoline,31/03/2021,ZT1,1000,0.0417
2021-04-16,ETHOSCOPE_141,19,male,CS,spirindoline,31/03/2021,ZT1,1000,0.0417
2021-04-16,ETHOSCOPE_141,20,male,CS,spirindoline,31/03/2021,ZT1,1000,0.0417
2021-04-16,ETHOSCOPE_141,21,male,CS,spirindoline,31/03/2021,ZT1,1000,0.0417
2021-04-16,ETHOSCOPE_141,22,male,CS,spirindoline,31/03/2021,ZT1,1000,0.0417
2021-04-16,ETHOSCOPE_141,23,male,CS,spirindoline,31/03/2021,ZT1,1000,0.0417
2021-04-16,ETHOSCOPE_141,24,male,CS,spirindoline,31/03/2021,ZT1,1000,0.0417
2021-04-16,ETHOSCOPE_217,1,male,CS,spirindoline,31/03/2021,ZT1,1000,0.0417
2021-04-16,ETHOSCOPE_217,2,male,CS,spirindoline,31/03/2021,ZT1,1000,0.0417
2021-04-16,ETHOSCOPE_217,3,male,CS,spirindoline,31/03/2021,ZT1,1000,0.0417
2021-04-16,ETHOSCOPE_217,4,male,CS,spirindoline,31/03/2021,ZT1,1000,0.0417
2021-04-16,ETHOSCOPE_217,5,male,CS,spirindoline,31/03/2021,ZT1,1000,0.0417
2021-04-16,ETHOSCOPE_217,6,male,CS,spirindoline,31/03/2021,ZT1,1000,0.0417
2021-04-16,ETHOSCOPE_217,7,male,CS,spirindoline,31/03/2021,ZT1,1000,0.0417
2021-04-16,ETHOSCOPE_217,8,male,CS,spirindoline,31/03/2021,ZT1,1000,0.0417
2021-04-16,ETHOSCOPE_217,9,male,CS,spirindoline,31/03/2021,ZT1,1000,0.0417
2021-04-16,ETHOSCOPE_217,10,male,CS,spirindoline,31/03/2021,ZT1,1000,0.0417
2021-04-16,ETHOSCOPE_217,11,male,CS,spirindoline,31/03/2021,ZT1,1000,0.0417
2021-04-16,ETHOSCOPE_217,12,male,CS,spirindoline,31/03/2021,ZT1,1000,0.0417
2021-04-16,ETHOSCOPE_217,13,male,CS,spirindoline,31/03/2021,ZT1,1000,0.0417
2021-04-16,ETHOSCOPE_217,14,male,CS,spirindoline,31/03/2021,ZT1,1000,0.0417
2021-04-16,ETHOSCOPE_217,15,male,CS,spirindoline,31/03/2021,ZT1,1000,0.0417
2021-04-16,ETHOSCOPE_217,16,male,CS,spirindoline,31/03/2021,ZT1,1000,0.0417
2021-04-16,ETHOSCOPE_217,17,male,CS,spirindoline,31/03/2021,ZT1,1000,0.0417
2021-04-16,ETHOSCOPE_217,18,male,CS,spirindoline,31/03/2021,ZT1,1000,0.0417
2021-04-16,ETHOSCOPE_217,19,male,CS,spirindoline,31/03/2021,ZT1,1000,0.0417
2021-04-16,ETHOSCOPE_217,20,male,CS,spirindoline,31/03/2021,ZT1,1000,0.0417
2021-04-16,ETHOSCOPE_217,21,male,CS,spirindoline,31/03/2021,ZT1,1000,0.0417
2021-04-16,ETHOSCOPE_217,22,male,CS,spirindoline,31/03/2021,ZT1,1000,0.0417
2021-04-16,ETHOSCOPE_217,23,male,CS,spirindoline,31/03/2021,ZT1,1000,0.0417
2021-04-16,ETHOSCOPE_217,24,male,CS,spirindoline,31/03/2021,ZT1,1000,0.0417
2021-05-10,ETHOSCOPE_141,1,male,CS,imidacloprid,28/04/2021,ZT0,1000,0.0417
2021-05-10,ETHOSCOPE_141,2,male,CS,imidacloprid,28/04/2021,ZT0,1000,0.0417
2021-05-10,ETHOSCOPE_141,3,male,CS,imidacloprid,28/04/2021,ZT0,1000,0.0417
2021-05-10,ETHOSCOPE_141,4,male,CS,imidacloprid,28/04/2021,ZT0,1000,0.0417
2021-05-10,ETHOSCOPE_141,5,male,CS,imidacloprid,28/04/2021,ZT0,1000,0.0417
2021-05-10,ETHOSCOPE_141,6,male,CS,imidacloprid,28/04/2021,ZT0,1000,0.0417
2021-05-10,ETHOSCOPE_141,7,male,CS,imidacloprid,28/04/2021,ZT0,1000,0.0417
2021-05-10,ETHOSCOPE_141,8,male,CS,imidacloprid,28/04/2021,ZT0,1000,0.0417
2021-05-10,ETHOSCOPE_141,9,male,CS,imidacloprid,28/04/2021,ZT0,1000,0.0417
2021-05-10,ETHOSCOPE_141,10,male,CS,imidacloprid,28/04/2021,ZT0,1000,0.0417
2021-05-10,ETHOSCOPE_141,11,male,CS,imidacloprid,28/04/2021,ZT0,1000,0.0417
2021-05-10,ETHOSCOPE_141,12,male,CS,imidacloprid,28/04/2021,ZT0,1000,0.0417
2021-05-10,ETHOSCOPE_141,13,male,CS,imidacloprid,28/04/2021,ZT0,1000,0.0417
2021-05-10,ETHOSCOPE_141,14,male,CS,imidacloprid,28/04/2021,ZT0,1000,0.0417
2021-05-10,ETHOSCOPE_141,15,male,CS,imidacloprid,28/04/2021,ZT0,1000,0.0417
2021-05-10,ETHOSCOPE_141,16,male,CS,imidacloprid,28/04/2021,ZT0,1000,0.0417
2021-05-10,ETHOSCOPE_141,17,male,CS,imidacloprid,28/04/2021,ZT0,1000,0.0417
2021-05-10,ETHOSCOPE_141,18,male,CS,imidacloprid,28/04/2021,ZT0,1000,0.0417
2021-05-10,ETHOSCOPE_141,19,male,CS,imidacloprid,28/04/2021,ZT0,1000,0.0417
2021-05-10,ETHOSCOPE_141,20,male,CS,imidacloprid,28/04/2021,ZT0,1000,0.0417
2021-05-10,ETHOSCOPE_141,21,male,CS,imidacloprid,28/04/2021,ZT0,1000,0.0417
2021-05-10,ETHOSCOPE_141,22,male,CS,imidacloprid,28/04/2021,ZT0,1000,0.0417
2021-05-10,ETHOSCOPE_141,23,male,CS,imidacloprid,28/04/2021,ZT0,1000,0.0417
2021-05-10,ETHOSCOPE_141,24,male,CS,imidacloprid,28/04/2021,ZT0,1000,0.0417
2021-05-10,ETHOSCOPE_249,1,male,CS,cyantraniliprole,28/04/2021,ZT0,1000,0.0417
2021-05-10,ETHOSCOPE_249,2,male,CS,cyantraniliprole,28/04/2021,ZT0,1000,0.0417
2021-05-10,ETHOSCOPE_249,3,male,CS,cyantraniliprole,28/04/2021,ZT0,1000,0.0417
2021-05-10,ETHOSCOPE_249,4,male,CS,cyantraniliprole,28/04/2021,ZT0,1000,0.0417
2021-05-10,ETHOSCOPE_249,5,male,CS,cyantraniliprole,28/04/2021,ZT0,1000,0.0417
2021-05-10,ETHOSCOPE_249,6,male,CS,cyantraniliprole,28/04/2021,ZT0,1000,0.0417
2021-05-10,ETHOSCOPE_249,7,male,CS,cyantraniliprole,28/04/2021,ZT0,1000,0.0417
2021-05-10,ETHOSCOPE_249,8,male,CS,cyantraniliprole,28/04/2021,ZT0,1000,0.0417
2021-05-10,ETHOSCOPE_249,9,male,CS,cyantraniliprole,28/04/2021,ZT0,1000,0.0417
2021-05-10,ETHOSCOPE_249,10,male,CS,cyantraniliprole,28/04/2021,ZT0,1000,0.0417
2021-05-10,ETHOSCOPE_249,11,male,CS,cyantraniliprole,28/04/2021,ZT0,1000,0.0417
2021-05-10,ETHOSCOPE_249,12,male,CS,cyantraniliprole,28/04/2021,ZT0,1000,0.0417
2021-05-10,ETHOSCOPE_249,13,male,CS,cyantraniliprole,28/04/2021,ZT0,1000,0.0417
2021-05-10,ETHOSCOPE_249,14,male,CS,cyantraniliprole,28/04/2021,ZT0,1000,0.0417
2021-05-10,ETHOSCOPE_249,15,male,CS,cyantraniliprole,28/04/2021,ZT0,1000,0.0417
2021-05-10,ETHOSCOPE_249,16,male,CS,cyantraniliprole,28/04/2021,ZT0,1000,0.0417
2021-05-10,ETHOSCOPE_249,17,male,CS,cyantraniliprole,28/04/2021,ZT0,1000,0.0417
2021-05-10,ETHOSCOPE_249,18,male,CS,cyantraniliprole,28/04/2021,ZT0,1000,0.0417
2021-05-10,ETHOSCOPE_249,19,male,CS,cyantraniliprole,28/04/2021,ZT0,1000,0.0417
2021-05-10,ETHOSCOPE_249,20,male,CS,cyantraniliprole,28/04/2021,ZT0,1000,0.0417
2021-05-10,ETHOSCOPE_249,21,male,CS,cyantraniliprole,28/04/2021,ZT0,1000,0.0417
2021-05-10,ETHOSCOPE_249,22,male,CS,cyantraniliprole,28/04/2021,ZT0,1000,0.0417
2021-05-10,ETHOSCOPE_249,23,male,CS,cyantraniliprole,28/04/2021,ZT0,1000,0.0417
2021-05-10,ETHOSCOPE_249,24,male,CS,cyantraniliprole,28/04/2021,ZT0,1000,0.0417
2021-05-10,ETHOSCOPE_147,1,male,CS,flubendiamde,28/04/2021,ZT0,1000,0.0417
2021-05-10,ETHOSCOPE_147,2,male,CS,flubendiamde,28/04/2021,ZT0,1000,0.0417
2021-05-10,ETHOSCOPE_147,3,male,CS,flubendiamde,28/04/2021,ZT0,1000,0.0417
2021-05-10,ETHOSCOPE_147,4,male,CS,flubendiamde,28/04/2021,ZT0,1000,0.0417
2021-05-10,ETHOSCOPE_147,5,male,CS,flubendiamde,28/04/2021,ZT0,1000,0.0417
2021-05-10,ETHOSCOPE_147,6,male,CS,flubendiamde,28/04/2021,ZT0,1000,0.0417
2021-05-10,ETHOSCOPE_147,7,male,CS,flubendiamde,28/04/2021,ZT0,1000,0.0417
2021-05-10,ETHOSCOPE_147,8,male,CS,flubendiamde,28/04/2021,ZT0,1000,0.0417
2021-05-10,ETHOSCOPE_147,9,male,CS,flubendiamde,28/04/2021,ZT0,1000,0.0417
2021-05-10,ETHOSCOPE_147,10,male,CS,flubendiamde,28/04/2021,ZT0,1000,0.0417
2021-05-10,ETHOSCOPE_147,11,male,CS,flubendiamde,28/04/2021,ZT0,1000,0.0417
2021-05-10,ETHOSCOPE_147,12,male,CS,flubendiamde,28/04/2021,ZT0,1000,0.0417
2021-05-10,ETHOSCOPE_147,13,male,CS,flubendiamde,28/04/2021,ZT0,1000,0.0417
2021-05-10,ETHOSCOPE_147,14,male,CS,flubendiamde,28/04/2021,ZT0,1000,0.0417
2021-05-10,ETHOSCOPE_147,15,male,CS,flubendiamde,28/04/2021,ZT0,1000,0.0417
2021-05-10,ETHOSCOPE_147,16,male,CS,flubendiamde,28/04/2021,ZT0,1000,0.0417
2021-05-10,ETHOSCOPE_147,17,male,CS,flubendiamde,28/04/2021,ZT0,1000,0.0417
2021-05-10,ETHOSCOPE_147,18,male,CS,flubendiamde,28/04/2021,ZT0,1000,0.0417
2021-05-10,ETHOSCOPE_147,19,male,CS,flubendiamde,28/04/2021,ZT0,1000,0.0417
2021-05-10,ETHOSCOPE_147,20,male,CS,flubendiamde,28/04/2021,ZT0,1000,0.0417
2021-05-10,ETHOSCOPE_147,21,male,CS,flubendiamde,28/04/2021,ZT0,1000,0.0417
2021-05-10,ETHOSCOPE_147,22,male,CS,flubendiamde,28/04/2021,ZT0,1000,0.0417
2021-05-10,ETHOSCOPE_147,23,male,CS,flubendiamde,28/04/2021,ZT0,1000,0.0417
2021-05-10,ETHOSCOPE_147,24,male,CS,flubendiamde,28/04/2021,ZT0,1000,0.0417
2021-05-16,ETHOSCOPE_139,1,male,CS,cyantraniliprole,04/05/2021,ZT0,1000,0
2021-05-16,ETHOSCOPE_139,2,male,CS,cyantraniliprole,04/05/2021,ZT0,1000,0
2021-05-16,ETHOSCOPE_139,3,male,CS,cyantraniliprole,04/05/2021,ZT0,1000,0
2021-05-16,ETHOSCOPE_139,4,male,CS,cyantraniliprole,04/05/2021,ZT0,1000,0
2021-05-16,ETHOSCOPE_139,5,male,CS,cyantraniliprole,04/05/2021,ZT0,1000,0
2021-05-16,ETHOSCOPE_139,6,male,CS,cyantraniliprole,04/05/2021,ZT0,1000,0
2021-05-16,ETHOSCOPE_139,7,male,CS,cyantraniliprole,04/05/2021,ZT0,1000,0
2021-05-16,ETHOSCOPE_139,8,male,CS,cyantraniliprole,04/05/2021,ZT0,1000,0
2021-05-16,ETHOSCOPE_139,9,male,CS,cyantraniliprole,04/05/2021,ZT0,1000,0
2021-05-16,ETHOSCOPE_139,10,male,CS,cyantraniliprole,04/05/2021,ZT0,1000,0
2021-05-16,ETHOSCOPE_139,11,male,CS,cyantraniliprole,04/05/2021,ZT0,1000,0
2021-05-16,ETHOSCOPE_139,12,male,CS,cyantraniliprole,04/05/2021,ZT0,1000,0
2021-05-16,ETHOSCOPE_139,13,male,CS,cyantraniliprole,04/05/2021,ZT0,1000,0
2021-05-16,ETHOSCOPE_139,14,male,CS,cyantraniliprole,04/05/2021,ZT0,1000,0
2021-05-16,ETHOSCOPE_139,15,male,CS,cyantraniliprole,04/05/2021,ZT0,1000,0
2021-05-16,ETHOSCOPE_139,16,male,CS,cyantraniliprole,04/05/2021,ZT0,1000,0
2021-05-16,ETHOSCOPE_139,17,male,CS,cyantraniliprole,04/05/2021,ZT0,1000,0
2021-05-16,ETHOSCOPE_139,18,male,CS,cyantraniliprole,04/05/2021,ZT0,1000,0
2021-05-16,ETHOSCOPE_139,19,male,CS,cyantraniliprole,04/05/2021,ZT0,1000,0
2021-05-16,ETHOSCOPE_139,20,male,CS,cyantraniliprole,04/05/2021,ZT0,1000,0
2021-05-16,ETHOSCOPE_139,21,male,CS,cyantraniliprole,04/05/2021,ZT0,1000,0
2021-05-16,ETHOSCOPE_139,22,male,CS,cyantraniliprole,04/05/2021,ZT0,1000,0
2021-05-16,ETHOSCOPE_139,23,male,CS,cyantraniliprole,04/05/2021,ZT0,1000,0
2021-05-16,ETHOSCOPE_139,24,male,CS,cyantraniliprole,04/05/2021,ZT0,1000,0
2021-05-16,ETHOSCOPE_108,1,male,CS,imidacloprid,04/05/2021,ZT0,1000,0
2021-05-16,ETHOSCOPE_108,2,male,CS,imidacloprid,04/05/2021,ZT0,1000,0
2021-05-16,ETHOSCOPE_108,3,male,CS,imidacloprid,04/05/2021,ZT0,1000,0
2021-05-16,ETHOSCOPE_108,4,male,CS,imidacloprid,04/05/2021,ZT0,1000,0
2021-05-16,ETHOSCOPE_108,5,male,CS,imidacloprid,04/05/2021,ZT0,1000,0
2021-05-16,ETHOSCOPE_108,6,male,CS,imidacloprid,04/05/2021,ZT0,1000,0
2021-05-16,ETHOSCOPE_108,7,male,CS,imidacloprid,04/05/2021,ZT0,1000,0
2021-05-16,ETHOSCOPE_108,8,male,CS,imidacloprid,04/05/2021,ZT0,1000,0
2021-05-16,ETHOSCOPE_108,9,male,CS,imidacloprid,04/05/2021,ZT0,1000,0
2021-05-16,ETHOSCOPE_108,10,male,CS,imidacloprid,04/05/2021,ZT0,1000,0
2021-05-16,ETHOSCOPE_108,11,male,CS,imidacloprid,04/05/2021,ZT0,1000,0
2021-05-16,ETHOSCOPE_108,12,male,CS,imidacloprid,04/05/2021,ZT0,1000,0
2021-05-16,ETHOSCOPE_108,13,male,CS,imidacloprid,04/05/2021,ZT0,1000,0
2021-05-16,ETHOSCOPE_108,14,male,CS,imidacloprid,04/05/2021,ZT0,1000,0
2021-05-16,ETHOSCOPE_108,15,male,CS,imidacloprid,04/05/2021,ZT0,1000,0
2021-05-16,ETHOSCOPE_108,16,male,CS,imidacloprid,04/05/2021,ZT0,1000,0
2021-05-16,ETHOSCOPE_108,17,male,CS,imidacloprid,04/05/2021,ZT0,1000,0
2021-05-16,ETHOSCOPE_108,18,male,CS,imidacloprid,04/05/2021,ZT0,1000,0
2021-05-16,ETHOSCOPE_108,19,male,CS,imidacloprid,04/05/2021,ZT0,1000,0
2021-05-16,ETHOSCOPE_108,20,male,CS,imidacloprid,04/05/2021,ZT0,1000,0
2021-05-16,ETHOSCOPE_108,21,male,CS,imidacloprid,04/05/2021,ZT0,1000,0
2021-05-16,ETHOSCOPE_108,22,male,CS,imidacloprid,04/05/2021,ZT0,1000,0
2021-05-16,ETHOSCOPE_108,23,male,CS,imidacloprid,04/05/2021,ZT0,1000,0
2021-05-16,ETHOSCOPE_108,24,male,CS,imidacloprid,04/05/2021,ZT0,1000,0
2021-05-16,ETHOSCOPE_257,1,male,CS,flubendiamde,04/05/2021,ZT0,1000,0
2021-05-16,ETHOSCOPE_257,2,male,CS,flubendiamde,04/05/2021,ZT0,1000,0
2021-05-16,ETHOSCOPE_257,3,male,CS,flubendiamde,04/05/2021,ZT0,1000,0
2021-05-16,ETHOSCOPE_257,4,male,CS,flubendiamde,04/05/2021,ZT0,1000,0
2021-05-16,ETHOSCOPE_257,5,male,CS,flubendiamde,04/05/2021,ZT0,1000,0
2021-05-16,ETHOSCOPE_257,6,male,CS,flubendiamde,04/05/2021,ZT0,1000,0
2021-05-16,ETHOSCOPE_257,7,male,CS,flubendiamde,04/05/2021,ZT0,1000,0
2021-05-16,ETHOSCOPE_257,8,male,CS,flubendiamde,04/05/2021,ZT0,1000,0
2021-05-16,ETHOSCOPE_257,9,male,CS,flubendiamde,04/05/2021,ZT0,1000,0
2021-05-16,ETHOSCOPE_257,10,male,CS,flubendiamde,04/05/2021,ZT0,1000,0
2021-05-16,ETHOSCOPE_257,11,male,CS,flubendiamde,04/05/2021,ZT0,1000,0
2021-05-16,ETHOSCOPE_257,12,male,CS,flubendiamde,04/05/2021,ZT0,1000,0
2021-05-16,ETHOSCOPE_257,13,male,CS,flubendiamde,04/05/2021,ZT0,1000,0
2021-05-16,ETHOSCOPE_257,14,male,CS,flubendiamde,04/05/2021,ZT0,1000,0
2021-05-16,ETHOSCOPE_257,15,male,CS,flubendiamde,04/05/2021,ZT0,1000,0
2021-05-16,ETHOSCOPE_257,16,male,CS,flubendiamde,04/05/2021,ZT0,1000,0
2021-05-16,ETHOSCOPE_257,17,male,CS,flubendiamde,04/05/2021,ZT0,1000,0
2021-05-16,ETHOSCOPE_257,18,male,CS,flubendiamde,04/05/2021,ZT0,1000,0
2021-05-16,ETHOSCOPE_257,19,male,CS,flubendiamde,04/05/2021,ZT0,1000,0
2021-05-16,ETHOSCOPE_257,20,male,CS,flubendiamde,04/05/2021,ZT0,1000,0
2021-05-16,ETHOSCOPE_257,21,male,CS,flubendiamde,04/05/2021,ZT0,1000,0
2021-05-16,ETHOSCOPE_257,22,male,CS,flubendiamde,04/05/2021,ZT0,1000,0
2021-05-16,ETHOSCOPE_257,23,male,CS,flubendiamde,04/05/2021,ZT0,1000,0
2021-05-16,ETHOSCOPE_257,24,male,CS,flubendiamde,04/05/2021,ZT0,1000,0
2021-05-20,ETHOSCOPE_125,1,male,CS,cyantraniliprole,07/05/2021,ZT0,1000,0
2021-05-20,ETHOSCOPE_125,2,male,CS,cyantraniliprole,07/05/2021,ZT0,1000,0
2021-05-20,ETHOSCOPE_125,3,male,CS,cyantraniliprole,07/05/2021,ZT0,1000,0
2021-05-20,ETHOSCOPE_125,4,male,CS,cyantraniliprole,07/05/2021,ZT0,1000,0
2021-05-20,ETHOSCOPE_125,5,male,CS,cyantraniliprole,07/05/2021,ZT0,1000,0
2021-05-20,ETHOSCOPE_125,6,male,CS,cyantraniliprole,07/05/2021,ZT0,1000,0
2021-05-20,ETHOSCOPE_125,7,male,CS,cyantraniliprole,07/05/2021,ZT0,1000,0
2021-05-20,ETHOSCOPE_125,8,male,CS,cyantraniliprole,07/05/2021,ZT0,1000,0
2021-05-20,ETHOSCOPE_125,9,male,CS,cyantraniliprole,07/05/2021,ZT0,1000,0
2021-05-20,ETHOSCOPE_125,10,male,CS,cyantraniliprole,07/05/2021,ZT0,1000,0
2021-05-20,ETHOSCOPE_125,11,male,CS,cyantraniliprole,07/05/2021,ZT0,1000,0
2021-05-20,ETHOSCOPE_125,12,male,CS,cyantraniliprole,07/05/2021,ZT0,1000,0
2021-05-20,ETHOSCOPE_125,13,male,CS,cyantraniliprole,07/05/2021,ZT0,1000,0
2021-05-20,ETHOSCOPE_125,14,male,CS,cyantraniliprole,07/05/2021,ZT0,1000,0
2021-05-20,ETHOSCOPE_125,15,male,CS,cyantraniliprole,07/05/2021,ZT0,1000,0
2021-05-20,ETHOSCOPE_125,16,male,CS,cyantraniliprole,07/05/2021,ZT0,1000,0
2021-05-20,ETHOSCOPE_125,17,male,CS,cyantraniliprole,07/05/2021,ZT0,1000,0
2021-05-20,ETHOSCOPE_125,18,male,CS,cyantraniliprole,07/05/2021,ZT0,1000,0
2021-05-20,ETHOSCOPE_125,19,male,CS,cyantraniliprole,07/05/2021,ZT0,1000,0
2021-05-20,ETHOSCOPE_125,20,male,CS,cyantraniliprole,07/05/2021,ZT0,1000,0
2021-05-20,ETHOSCOPE_125,21,male,CS,cyantraniliprole,07/05/2021,ZT0,1000,0
2021-05-20,ETHOSCOPE_125,22,male,CS,cyantraniliprole,07/05/2021,ZT0,1000,0
2021-05-20,ETHOSCOPE_125,23,male,CS,cyantraniliprole,07/05/2021,ZT0,1000,0
2021-05-20,ETHOSCOPE_125,24,male,CS,cyantraniliprole,07/05/2021,ZT0,1000,0
2021-05-20,ETHOSCOPE_218,1,male,CS,flubendiamde,07/05/2021,ZT0,1000,0
2021-05-20,ETHOSCOPE_218,2,male,CS,flubendiamde,07/05/2021,ZT0,1000,0
2021-05-20,ETHOSCOPE_218,3,male,CS,flubendiamde,07/05/2021,ZT0,1000,0
2021-05-20,ETHOSCOPE_218,4,male,CS,flubendiamde,07/05/2021,ZT0,1000,0
2021-05-20,ETHOSCOPE_218,5,male,CS,flubendiamde,07/05/2021,ZT0,1000,0
2021-05-20,ETHOSCOPE_218,6,male,CS,flubendiamde,07/05/2021,ZT0,1000,0
2021-05-20,ETHOSCOPE_218,7,male,CS,flubendiamde,07/05/2021,ZT0,1000,0
2021-05-20,ETHOSCOPE_218,8,male,CS,flubendiamde,07/05/2021,ZT0,1000,0
2021-05-20,ETHOSCOPE_218,9,male,CS,flubendiamde,07/05/2021,ZT0,1000,0
2021-05-20,ETHOSCOPE_218,10,male,CS,flubendiamde,07/05/2021,ZT0,1000,0
2021-05-20,ETHOSCOPE_218,11,male,CS,flubendiamde,07/05/2021,ZT0,1000,0
2021-05-20,ETHOSCOPE_218,12,male,CS,flubendiamde,07/05/2021,ZT0,1000,0
2021-05-20,ETHOSCOPE_218,13,male,CS,flubendiamde,07/05/2021,ZT0,1000,0
2021-05-20,ETHOSCOPE_218,14,male,CS,flubendiamde,07/05/2021,ZT0,1000,0
2021-05-20,ETHOSCOPE_218,15,male,CS,flubendiamde,07/05/2021,ZT0,1000,0
2021-05-20,ETHOSCOPE_218,16,male,CS,flubendiamde,07/05/2021,ZT0,1000,0
2021-05-20,ETHOSCOPE_218,17,male,CS,flubendiamde,07/05/2021,ZT0,1000,0
2021-05-20,ETHOSCOPE_218,18,male,CS,flubendiamde,07/05/2021,ZT0,1000,0
2021-05-20,ETHOSCOPE_218,19,male,CS,flubendiamde,07/05/2021,ZT0,1000,0
2021-05-20,ETHOSCOPE_218,20,male,CS,flubendiamde,07/05/2021,ZT0,1000,0
2021-05-20,ETHOSCOPE_218,21,male,CS,flubendiamde,07/05/2021,ZT0,1000,0
2021-05-20,ETHOSCOPE_218,22,male,CS,flubendiamde,07/05/2021,ZT0,1000,0
2021-05-20,ETHOSCOPE_218,23,male,CS,flubendiamde,07/05/2021,ZT0,1000,0
2021-05-20,ETHOSCOPE_218,24,male,CS,flubendiamde,07/05/2021,ZT0,1000,0
2021-05-20,ETHOSCOPE_250,1,male,CS,imidacloprid,07/05/2021,ZT0,1000,0
2021-05-20,ETHOSCOPE_250,2,male,CS,imidacloprid,07/05/2021,ZT0,1000,0
2021-05-20,ETHOSCOPE_250,3,male,CS,imidacloprid,07/05/2021,ZT0,1000,0
2021-05-20,ETHOSCOPE_250,4,male,CS,imidacloprid,07/05/2021,ZT0,1000,0
2021-05-20,ETHOSCOPE_250,5,male,CS,imidacloprid,07/05/2021,ZT0,1000,0
2021-05-20,ETHOSCOPE_250,6,male,CS,imidacloprid,07/05/2021,ZT0,1000,0
2021-05-20,ETHOSCOPE_250,7,male,CS,imidacloprid,07/05/2021,ZT0,1000,0
2021-05-20,ETHOSCOPE_250,8,male,CS,imidacloprid,07/05/2021,ZT0,1000,0
2021-05-20,ETHOSCOPE_250,9,male,CS,imidacloprid,07/05/2021,ZT0,1000,0
2021-05-20,ETHOSCOPE_250,10,male,CS,imidacloprid,07/05/2021,ZT0,1000,0
2021-05-20,ETHOSCOPE_250,11,male,CS,imidacloprid,07/05/2021,ZT0,1000,0
2021-05-20,ETHOSCOPE_250,12,male,CS,imidacloprid,07/05/2021,ZT0,1000,0
2021-05-20,ETHOSCOPE_250,13,male,CS,imidacloprid,07/05/2021,ZT0,1000,0
2021-05-20,ETHOSCOPE_250,14,male,CS,imidacloprid,07/05/2021,ZT0,1000,0
2021-05-20,ETHOSCOPE_250,15,male,CS,imidacloprid,07/05/2021,ZT0,1000,0
2021-05-20,ETHOSCOPE_250,16,male,CS,imidacloprid,07/05/2021,ZT0,1000,0
2021-05-20,ETHOSCOPE_250,17,male,CS,imidacloprid,07/05/2021,ZT0,1000,0
2021-05-20,ETHOSCOPE_250,18,male,CS,imidacloprid,07/05/2021,ZT0,1000,0
2021-05-20,ETHOSCOPE_250,19,male,CS,imidacloprid,07/05/2021,ZT0,1000,0
2021-05-20,ETHOSCOPE_250,20,male,CS,imidacloprid,07/05/2021,ZT0,1000,0
2021-05-20,ETHOSCOPE_250,21,male,CS,imidacloprid,07/05/2021,ZT0,1000,0
2021-05-20,ETHOSCOPE_250,22,male,CS,imidacloprid,07/05/2021,ZT0,1000,0
2021-05-20,ETHOSCOPE_250,23,male,CS,imidacloprid,07/05/2021,ZT0,1000,0
2021-05-20,ETHOSCOPE_250,24,male,CS,imidacloprid,07/05/2021,ZT0,1000,0
2021-05-24,ETHOSCOPE_125,1,male,CS,pymetrozine,12/05/2021,ZT0,500,0
2021-05-24,ETHOSCOPE_125,2,male,CS,pymetrozine,12/05/2021,ZT0,500,0
2021-05-24,ETHOSCOPE_125,3,male,CS,pymetrozine,12/05/2021,ZT0,500,0
2021-05-24,ETHOSCOPE_125,4,male,CS,pymetrozine,12/05/2021,ZT0,500,0
2021-05-24,ETHOSCOPE_125,5,male,CS,pymetrozine,12/05/2021,ZT0,500,0
2021-05-24,ETHOSCOPE_125,6,male,CS,pymetrozine,12/05/2021,ZT0,500,0
2021-05-24,ETHOSCOPE_125,7,male,CS,pymetrozine,12/05/2021,ZT0,500,0
2021-05-24,ETHOSCOPE_125,8,male,CS,pymetrozine,12/05/2021,ZT0,500,0
2021-05-24,ETHOSCOPE_125,9,male,CS,pymetrozine,12/05/2021,ZT0,500,0
2021-05-24,ETHOSCOPE_125,10,male,CS,pymetrozine,12/05/2021,ZT0,500,0
2021-05-24,ETHOSCOPE_125,11,male,CS,pymetrozine,12/05/2021,ZT0,500,0
2021-05-24,ETHOSCOPE_125,12,male,CS,pymetrozine,12/05/2021,ZT0,500,0
2021-05-24,ETHOSCOPE_125,13,male,CS,pymetrozine,12/05/2021,ZT0,500,0
2021-05-24,ETHOSCOPE_125,14,male,CS,pymetrozine,12/05/2021,ZT0,500,0
2021-05-24,ETHOSCOPE_125,15,male,CS,pymetrozine,12/05/2021,ZT0,500,0
2021-05-24,ETHOSCOPE_125,16,male,CS,pymetrozine,12/05/2021,ZT0,500,0
2021-05-24,ETHOSCOPE_125,17,male,CS,pymetrozine,12/05/2021,ZT0,500,0
2021-05-24,ETHOSCOPE_125,18,male,CS,pymetrozine,12/05/2021,ZT0,500,0
2021-05-24,ETHOSCOPE_125,19,male,CS,pymetrozine,12/05/2021,ZT0,500,0
2021-05-24,ETHOSCOPE_125,20,male,CS,pymetrozine,12/05/2021,ZT0,500,0
2021-05-24,ETHOSCOPE_125,21,male,CS,pymetrozine,12/05/2021,ZT0,500,0
2021-05-24,ETHOSCOPE_125,22,male,CS,pymetrozine,12/05/2021,ZT0,500,0
2021-05-24,ETHOSCOPE_125,23,male,CS,pymetrozine,12/05/2021,ZT0,500,0
2021-05-24,ETHOSCOPE_125,24,male,CS,pymetrozine,12/05/2021,ZT0,500,0
2021-05-24,ETHOSCOPE_218,1,male,CS,tetramethrin,12/05/2021,ZT0,1000,0
2021-05-24,ETHOSCOPE_218,2,male,CS,tetramethrin,12/05/2021,ZT0,1000,0
2021-05-24,ETHOSCOPE_218,3,male,CS,tetramethrin,12/05/2021,ZT0,1000,0
2021-05-24,ETHOSCOPE_218,4,male,CS,tetramethrin,12/05/2021,ZT0,1000,0
2021-05-24,ETHOSCOPE_218,5,male,CS,tetramethrin,12/05/2021,ZT0,1000,0
2021-05-24,ETHOSCOPE_218,6,male,CS,tetramethrin,12/05/2021,ZT0,1000,0
2021-05-24,ETHOSCOPE_218,7,male,CS,tetramethrin,12/05/2021,ZT0,1000,0
2021-05-24,ETHOSCOPE_218,8,male,CS,tetramethrin,12/05/2021,ZT0,1000,0
2021-05-24,ETHOSCOPE_218,9,male,CS,tetramethrin,12/05/2021,ZT0,1000,0
2021-05-24,ETHOSCOPE_218,10,male,CS,tetramethrin,12/05/2021,ZT0,1000,0
2021-05-24,ETHOSCOPE_218,11,male,CS,tetramethrin,12/05/2021,ZT0,1000,0
2021-05-24,ETHOSCOPE_218,12,male,CS,tetramethrin,12/05/2021,ZT0,1000,0
2021-05-24,ETHOSCOPE_218,13,male,CS,tetramethrin,12/05/2021,ZT0,1000,0
2021-05-24,ETHOSCOPE_218,14,male,CS,tetramethrin,12/05/2021,ZT0,1000,0
2021-05-24,ETHOSCOPE_218,15,male,CS,tetramethrin,12/05/2021,ZT0,1000,0
2021-05-24,ETHOSCOPE_218,16,male,CS,tetramethrin,12/05/2021,ZT0,1000,0
2021-05-24,ETHOSCOPE_218,17,male,CS,tetramethrin,12/05/2021,ZT0,1000,0
2021-05-24,ETHOSCOPE_218,18,male,CS,tetramethrin,12/05/2021,ZT0,1000,0
2021-05-24,ETHOSCOPE_218,19,male,CS,tetramethrin,12/05/2021,ZT0,1000,0
2021-05-24,ETHOSCOPE_218,20,male,CS,tetramethrin,12/05/2021,ZT0,1000,0
2021-05-24,ETHOSCOPE_218,21,male,CS,tetramethrin,12/05/2021,ZT0,1000,0
2021-05-24,ETHOSCOPE_218,22,male,CS,tetramethrin,12/05/2021,ZT0,1000,0
2021-05-24,ETHOSCOPE_218,23,male,CS,tetramethrin,12/05/2021,ZT0,1000,0
2021-05-24,ETHOSCOPE_218,24,male,CS,tetramethrin,12/05/2021,ZT0,1000,0
2021-05-25,ETHOSCOPE_125,1,male,CS,pymetrozine,12/05/2021,ZT0,500,0
2021-05-25,ETHOSCOPE_125,2,male,CS,pymetrozine,12/05/2021,ZT0,500,0
2021-05-25,ETHOSCOPE_125,3,male,CS,pymetrozine,12/05/2021,ZT0,500,0
2021-05-25,ETHOSCOPE_125,4,male,CS,pymetrozine,12/05/2021,ZT0,500,0
2021-05-25,ETHOSCOPE_125,5,male,CS,pymetrozine,12/05/2021,ZT0,500,0
2021-05-25,ETHOSCOPE_125,6,male,CS,pymetrozine,12/05/2021,ZT0,500,0
2021-05-25,ETHOSCOPE_125,7,male,CS,pymetrozine,12/05/2021,ZT0,500,0
2021-05-25,ETHOSCOPE_125,8,male,CS,pymetrozine,12/05/2021,ZT0,500,0
2021-05-25,ETHOSCOPE_125,9,male,CS,pymetrozine,12/05/2021,ZT0,500,0
2021-05-25,ETHOSCOPE_125,10,male,CS,pymetrozine,12/05/2021,ZT0,500,0
2021-05-25,ETHOSCOPE_125,11,male,CS,pymetrozine,12/05/2021,ZT0,500,0
2021-05-25,ETHOSCOPE_125,12,male,CS,pymetrozine,12/05/2021,ZT0,500,0
2021-05-25,ETHOSCOPE_125,13,male,CS,pymetrozine,12/05/2021,ZT0,500,0
2021-05-25,ETHOSCOPE_125,14,male,CS,pymetrozine,12/05/2021,ZT0,500,0
2021-05-25,ETHOSCOPE_125,15,male,CS,pymetrozine,12/05/2021,ZT0,500,0
2021-05-25,ETHOSCOPE_125,16,male,CS,pymetrozine,12/05/2021,ZT0,500,0
2021-05-25,ETHOSCOPE_125,17,male,CS,pymetrozine,12/05/2021,ZT0,500,0
2021-05-25,ETHOSCOPE_125,18,male,CS,pymetrozine,12/05/2021,ZT0,500,0
2021-05-25,ETHOSCOPE_125,19,male,CS,pymetrozine,12/05/2021,ZT0,500,0
2021-05-25,ETHOSCOPE_125,20,male,CS,pymetrozine,12/05/2021,ZT0,500,0
2021-05-25,ETHOSCOPE_125,21,male,CS,pymetrozine,12/05/2021,ZT0,500,0
2021-05-25,ETHOSCOPE_125,22,male,CS,pymetrozine,12/05/2021,ZT0,500,0
2021-05-25,ETHOSCOPE_125,23,male,CS,pymetrozine,12/05/2021,ZT0,500,0
2021-05-25,ETHOSCOPE_125,24,male,CS,pymetrozine,12/05/2021,ZT0,500,0
2021-05-25,ETHOSCOPE_218,1,male,CS,BISAM,12/05/2021,ZT0,1000,0
2021-05-25,ETHOSCOPE_218,2,male,CS,BISAM,12/05/2021,ZT0,1000,0
2021-05-25,ETHOSCOPE_218,3,male,CS,BISAM,12/05/2021,ZT0,1000,0
2021-05-25,ETHOSCOPE_218,4,male,CS,BISAM,12/05/2021,ZT0,1000,0
2021-05-25,ETHOSCOPE_218,5,male,CS,BISAM,12/05/2021,ZT0,1000,0
2021-05-25,ETHOSCOPE_218,6,male,CS,BISAM,12/05/2021,ZT0,1000,0
2021-05-25,ETHOSCOPE_218,7,male,CS,BISAM,12/05/2021,ZT0,1000,0
2021-05-25,ETHOSCOPE_218,8,male,CS,BISAM,12/05/2021,ZT0,1000,0
2021-05-25,ETHOSCOPE_218,9,male,CS,BISAM,12/05/2021,ZT0,1000,0
2021-05-25,ETHOSCOPE_218,10,male,CS,BISAM,12/05/2021,ZT0,1000,0
2021-05-25,ETHOSCOPE_218,11,male,CS,BISAM,12/05/2021,ZT0,1000,0
2021-05-25,ETHOSCOPE_218,12,male,CS,BISAM,12/05/2021,ZT0,1000,0
2021-05-25,ETHOSCOPE_218,13,male,CS,BISAM,12/05/2021,ZT0,1000,0
2021-05-25,ETHOSCOPE_218,14,male,CS,BISAM,12/05/2021,ZT0,1000,0
2021-05-25,ETHOSCOPE_218,15,male,CS,BISAM,12/05/2021,ZT0,1000,0
2021-05-25,ETHOSCOPE_218,16,male,CS,BISAM,12/05/2021,ZT0,1000,0
2021-05-25,ETHOSCOPE_218,17,male,CS,BISAM,12/05/2021,ZT0,1000,0
2021-05-25,ETHOSCOPE_218,18,male,CS,BISAM,12/05/2021,ZT0,1000,0
2021-05-25,ETHOSCOPE_218,19,male,CS,BISAM,12/05/2021,ZT0,1000,0
2021-05-25,ETHOSCOPE_218,20,male,CS,BISAM,12/05/2021,ZT0,1000,0
2021-05-25,ETHOSCOPE_218,21,male,CS,BISAM,12/05/2021,ZT0,1000,0
2021-05-25,ETHOSCOPE_218,22,male,CS,BISAM,12/05/2021,ZT0,1000,0
2021-05-25,ETHOSCOPE_218,23,male,CS,BISAM,12/05/2021,ZT0,1000,0
2021-05-25,ETHOSCOPE_218,24,male,CS,BISAM,12/05/2021,ZT0,1000,0
2021-05-25,ETHOSCOPE_250,1,male,CS,tetramethrin,12/05/2021,ZT0,1000,0
2021-05-25,ETHOSCOPE_250,2,male,CS,tetramethrin,12/05/2021,ZT0,1000,0
2021-05-25,ETHOSCOPE_250,3,male,CS,tetramethrin,12/05/2021,ZT0,1000,0
2021-05-25,ETHOSCOPE_250,4,male,CS,tetramethrin,12/05/2021,ZT0,1000,0
2021-05-25,ETHOSCOPE_250,5,male,CS,tetramethrin,12/05/2021,ZT0,1000,0
2021-05-25,ETHOSCOPE_250,6,male,CS,tetramethrin,12/05/2021,ZT0,1000,0
2021-05-25,ETHOSCOPE_250,7,male,CS,tetramethrin,12/05/2021,ZT0,1000,0
2021-05-25,ETHOSCOPE_250,8,male,CS,tetramethrin,12/05/2021,ZT0,1000,0
2021-05-25,ETHOSCOPE_250,9,male,CS,tetramethrin,12/05/2021,ZT0,1000,0
2021-05-25,ETHOSCOPE_250,10,male,CS,tetramethrin,12/05/2021,ZT0,1000,0
2021-05-25,ETHOSCOPE_250,11,male,CS,tetramethrin,12/05/2021,ZT0,1000,0
2021-05-25,ETHOSCOPE_250,12,male,CS,tetramethrin,12/05/2021,ZT0,1000,0
2021-05-25,ETHOSCOPE_250,13,male,CS,tetramethrin,12/05/2021,ZT0,1000,0
2021-05-25,ETHOSCOPE_250,14,male,CS,tetramethrin,12/05/2021,ZT0,1000,0
2021-05-25,ETHOSCOPE_250,15,male,CS,tetramethrin,12/05/2021,ZT0,1000,0
2021-05-25,ETHOSCOPE_250,16,male,CS,tetramethrin,12/05/2021,ZT0,1000,0
2021-05-25,ETHOSCOPE_250,17,male,CS,tetramethrin,12/05/2021,ZT0,1000,0
2021-05-25,ETHOSCOPE_250,18,male,CS,tetramethrin,12/05/2021,ZT0,1000,0
2021-05-25,ETHOSCOPE_250,19,male,CS,tetramethrin,12/05/2021,ZT0,1000,0
2021-05-25,ETHOSCOPE_250,20,male,CS,tetramethrin,12/05/2021,ZT0,1000,0
2021-05-25,ETHOSCOPE_250,21,male,CS,tetramethrin,12/05/2021,ZT0,1000,0
2021-05-25,ETHOSCOPE_250,22,male,CS,tetramethrin,12/05/2021,ZT0,1000,0
2021-05-25,ETHOSCOPE_250,23,male,CS,tetramethrin,12/05/2021,ZT0,1000,0
2021-05-25,ETHOSCOPE_250,24,male,CS,tetramethrin,12/05/2021,ZT0,1000,0
2021-05-25,ETHOSCOPE_238,1,male,CS,spirindoline,12/05/2021,ZT0,100,0
2021-05-25,ETHOSCOPE_238,2,male,CS,spirindoline,12/05/2021,ZT0,100,0
2021-05-25,ETHOSCOPE_238,3,male,CS,spirindoline,12/05/2021,ZT0,100,0
2021-05-25,ETHOSCOPE_238,4,male,CS,spirindoline,12/05/2021,ZT0,100,0
2021-05-25,ETHOSCOPE_238,5,male,CS,spirindoline,12/05/2021,ZT0,100,0
2021-05-25,ETHOSCOPE_238,6,male,CS,spirindoline,12/05/2021,ZT0,100,0
2021-05-25,ETHOSCOPE_238,7,male,CS,spirindoline,12/05/2021,ZT0,100,0
2021-05-25,ETHOSCOPE_238,8,male,CS,spirindoline,12/05/2021,ZT0,100,0
2021-05-25,ETHOSCOPE_238,9,male,CS,spirindoline,12/05/2021,ZT0,100,0
2021-05-25,ETHOSCOPE_238,10,male,CS,spirindoline,12/05/2021,ZT0,100,0
2021-05-25,ETHOSCOPE_238,11,male,CS,spirindoline,12/05/2021,ZT0,100,0
2021-05-25,ETHOSCOPE_238,12,male,CS,spirindoline,12/05/2021,ZT0,100,0
2021-05-25,ETHOSCOPE_238,13,male,CS,spirindoline,12/05/2021,ZT0,100,0
2021-05-25,ETHOSCOPE_238,14,male,CS,spirindoline,12/05/2021,ZT0,100,0
2021-05-25,ETHOSCOPE_238,15,male,CS,spirindoline,12/05/2021,ZT0,100,0
2021-05-25,ETHOSCOPE_238,16,male,CS,spirindoline,12/05/2021,ZT0,100,0
2021-05-25,ETHOSCOPE_238,17,male,CS,spirindoline,12/05/2021,ZT0,100,0
2021-05-25,ETHOSCOPE_238,18,male,CS,spirindoline,12/05/2021,ZT0,100,0
2021-05-25,ETHOSCOPE_238,19,male,CS,spirindoline,12/05/2021,ZT0,100,0
2021-05-25,ETHOSCOPE_238,20,male,CS,spirindoline,12/05/2021,ZT0,100,0
2021-05-25,ETHOSCOPE_238,21,male,CS,spirindoline,12/05/2021,ZT0,100,0
2021-05-25,ETHOSCOPE_238,22,male,CS,spirindoline,12/05/2021,ZT0,100,0
2021-05-25,ETHOSCOPE_238,23,male,CS,spirindoline,12/05/2021,ZT0,100,0
2021-05-25,ETHOSCOPE_238,24,male,CS,spirindoline,12/05/2021,ZT0,100,0
2021-05-31,ETHOSCOPE_139,1,male,CS,BISAM,17/05/2021,ZT0,1000,0
2021-05-31,ETHOSCOPE_139,2,male,CS,BISAM,17/05/2021,ZT0,1000,0
2021-05-31,ETHOSCOPE_139,3,male,CS,BISAM,17/05/2021,ZT0,1000,0
2021-05-31,ETHOSCOPE_139,4,male,CS,BISAM,17/05/2021,ZT0,1000,0
2021-05-31,ETHOSCOPE_139,5,male,CS,BISAM,17/05/2021,ZT0,1000,0
2021-05-31,ETHOSCOPE_139,6,male,CS,BISAM,17/05/2021,ZT0,1000,0
2021-05-31,ETHOSCOPE_139,7,male,CS,BISAM,17/05/2021,ZT0,1000,0
2021-05-31,ETHOSCOPE_139,8,male,CS,BISAM,17/05/2021,ZT0,1000,0
2021-05-31,ETHOSCOPE_139,9,male,CS,BISAM,17/05/2021,ZT0,1000,0
2021-05-31,ETHOSCOPE_139,10,male,CS,BISAM,17/05/2021,ZT0,1000,0
2021-05-31,ETHOSCOPE_139,11,male,CS,BISAM,17/05/2021,ZT0,1000,0
2021-05-31,ETHOSCOPE_139,12,male,CS,BISAM,17/05/2021,ZT0,1000,0
2021-05-31,ETHOSCOPE_139,13,male,CS,BISAM,17/05/2021,ZT0,1000,0
2021-05-31,ETHOSCOPE_139,14,male,CS,BISAM,17/05/2021,ZT0,1000,0
2021-05-31,ETHOSCOPE_139,15,male,CS,BISAM,17/05/2021,ZT0,1000,0
2021-05-31,ETHOSCOPE_139,16,male,CS,BISAM,17/05/2021,ZT0,1000,0
2021-05-31,ETHOSCOPE_139,17,male,CS,BISAM,17/05/2021,ZT0,1000,0
2021-05-31,ETHOSCOPE_139,18,male,CS,BISAM,17/05/2021,ZT0,1000,0
2021-05-31,ETHOSCOPE_139,19,male,CS,BISAM,17/05/2021,ZT0,1000,0
2021-05-31,ETHOSCOPE_139,20,male,CS,BISAM,17/05/2021,ZT0,1000,0
2021-05-31,ETHOSCOPE_139,21,male,CS,BISAM,17/05/2021,ZT0,1000,0
2021-05-31,ETHOSCOPE_139,22,male,CS,BISAM,17/05/2021,ZT0,1000,0
2021-05-31,ETHOSCOPE_139,23,male,CS,BISAM,17/05/2021,ZT0,1000,0
2021-05-31,ETHOSCOPE_139,24,male,CS,BISAM,17/05/2021,ZT0,1000,0
2021-05-31,ETHOSCOPE_108,1,male,CS,pymetrozine,17/05/2021,ZT0,500,0
2021-05-31,ETHOSCOPE_108,2,male,CS,pymetrozine,17/05/2021,ZT0,500,0
2021-05-31,ETHOSCOPE_108,3,male,CS,pymetrozine,17/05/2021,ZT0,500,0
2021-05-31,ETHOSCOPE_108,4,male,CS,pymetrozine,17/05/2021,ZT0,500,0
2021-05-31,ETHOSCOPE_108,5,male,CS,pymetrozine,17/05/2021,ZT0,500,0
2021-05-31,ETHOSCOPE_108,6,male,CS,pymetrozine,17/05/2021,ZT0,500,0
2021-05-31,ETHOSCOPE_108,7,male,CS,pymetrozine,17/05/2021,ZT0,500,0
2021-05-31,ETHOSCOPE_108,8,male,CS,pymetrozine,17/05/2021,ZT0,500,0
2021-05-31,ETHOSCOPE_108,9,male,CS,pymetrozine,17/05/2021,ZT0,500,0
2021-05-31,ETHOSCOPE_108,10,male,CS,pymetrozine,17/05/2021,ZT0,500,0
2021-05-31,ETHOSCOPE_108,11,male,CS,pymetrozine,17/05/2021,ZT0,500,0
2021-05-31,ETHOSCOPE_108,12,male,CS,pymetrozine,17/05/2021,ZT0,500,0
2021-05-31,ETHOSCOPE_108,13,male,CS,pymetrozine,17/05/2021,ZT0,500,0
2021-05-31,ETHOSCOPE_108,14,male,CS,pymetrozine,17/05/2021,ZT0,500,0
2021-05-31,ETHOSCOPE_108,15,male,CS,pymetrozine,17/05/2021,ZT0,500,0
2021-05-31,ETHOSCOPE_108,16,male,CS,pymetrozine,17/05/2021,ZT0,500,0
2021-05-31,ETHOSCOPE_108,17,male,CS,pymetrozine,17/05/2021,ZT0,500,0
2021-05-31,ETHOSCOPE_108,18,male,CS,pymetrozine,17/05/2021,ZT0,500,0
2021-05-31,ETHOSCOPE_108,19,male,CS,pymetrozine,17/05/2021,ZT0,500,0
2021-05-31,ETHOSCOPE_108,20,male,CS,pymetrozine,17/05/2021,ZT0,500,0
2021-05-31,ETHOSCOPE_108,21,male,CS,pymetrozine,17/05/2021,ZT0,500,0
2021-05-31,ETHOSCOPE_108,22,male,CS,pymetrozine,17/05/2021,ZT0,500,0
2021-05-31,ETHOSCOPE_108,23,male,CS,pymetrozine,17/05/2021,ZT0,500,0
2021-05-31,ETHOSCOPE_108,24,male,CS,pymetrozine,17/05/2021,ZT0,500,0
2021-05-31,ETHOSCOPE_257,1,male,CS,spirindoline,17/05/2021,ZT0,100,0
2021-05-31,ETHOSCOPE_257,2,male,CS,spirindoline,17/05/2021,ZT0,100,0
2021-05-31,ETHOSCOPE_257,3,male,CS,spirindoline,17/05/2021,ZT0,100,0
2021-05-31,ETHOSCOPE_257,4,male,CS,spirindoline,17/05/2021,ZT0,100,0
2021-05-31,ETHOSCOPE_257,5,male,CS,spirindoline,17/05/2021,ZT0,100,0
2021-05-31,ETHOSCOPE_257,6,male,CS,spirindoline,17/05/2021,ZT0,100,0
2021-05-31,ETHOSCOPE_257,7,male,CS,spirindoline,17/05/2021,ZT0,100,0
2021-05-31,ETHOSCOPE_257,8,male,CS,spirindoline,17/05/2021,ZT0,100,0
2021-05-31,ETHOSCOPE_257,9,male,CS,spirindoline,17/05/2021,ZT0,100,0
2021-05-31,ETHOSCOPE_257,10,male,CS,spirindoline,17/05/2021,ZT0,100,0
2021-05-31,ETHOSCOPE_257,11,male,CS,spirindoline,17/05/2021,ZT0,100,0
2021-05-31,ETHOSCOPE_257,12,male,CS,spirindoline,17/05/2021,ZT0,100,0
2021-05-31,ETHOSCOPE_257,13,male,CS,spirindoline,17/05/2021,ZT0,100,0
2021-05-31,ETHOSCOPE_257,14,male,CS,spirindoline,17/05/2021,ZT0,100,0
2021-05-31,ETHOSCOPE_257,15,male,CS,spirindoline,17/05/2021,ZT0,100,0
2021-05-31,ETHOSCOPE_257,16,male,CS,spirindoline,17/05/2021,ZT0,100,0
2021-05-31,ETHOSCOPE_257,17,male,CS,spirindoline,17/05/2021,ZT0,100,0
2021-05-31,ETHOSCOPE_257,18,male,CS,spirindoline,17/05/2021,ZT0,100,0
2021-05-31,ETHOSCOPE_257,19,male,CS,spirindoline,17/05/2021,ZT0,100,0
2021-05-31,ETHOSCOPE_257,20,male,CS,spirindoline,17/05/2021,ZT0,100,0
2021-05-31,ETHOSCOPE_257,21,male,CS,spirindoline,17/05/2021,ZT0,100,0
2021-05-31,ETHOSCOPE_257,22,male,CS,spirindoline,17/05/2021,ZT0,100,0
2021-05-31,ETHOSCOPE_257,23,male,CS,spirindoline,17/05/2021,ZT0,100,0
2021-05-31,ETHOSCOPE_257,24,male,CS,spirindoline,17/05/2021,ZT0,100,0
2021-06-02,ETHOSCOPE_139,1,male,CS,BISAM,19/05/2021,ZT0,1000,0
2021-06-02,ETHOSCOPE_139,2,male,CS,BISAM,19/05/2021,ZT0,1000,0
2021-06-02,ETHOSCOPE_139,3,male,CS,BISAM,19/05/2021,ZT0,1000,0
2021-06-02,ETHOSCOPE_139,4,male,CS,BISAM,19/05/2021,ZT0,1000,0
2021-06-02,ETHOSCOPE_139,5,male,CS,BISAM,19/05/2021,ZT0,1000,0
2021-06-02,ETHOSCOPE_139,6,male,CS,BISAM,19/05/2021,ZT0,1000,0
2021-06-02,ETHOSCOPE_139,7,male,CS,BISAM,19/05/2021,ZT0,1000,0
2021-06-02,ETHOSCOPE_139,8,male,CS,BISAM,19/05/2021,ZT0,1000,0
2021-06-02,ETHOSCOPE_139,9,male,CS,BISAM,19/05/2021,ZT0,1000,0
2021-06-02,ETHOSCOPE_139,10,male,CS,BISAM,19/05/2021,ZT0,1000,0
2021-06-02,ETHOSCOPE_139,11,male,CS,BISAM,19/05/2021,ZT0,1000,0
2021-06-02,ETHOSCOPE_139,12,male,CS,BISAM,19/05/2021,ZT0,1000,0
2021-06-02,ETHOSCOPE_139,13,male,CS,BISAM,19/05/2021,ZT0,1000,0
2021-06-02,ETHOSCOPE_139,14,male,CS,BISAM,19/05/2021,ZT0,1000,0
2021-06-02,ETHOSCOPE_139,15,male,CS,BISAM,19/05/2021,ZT0,1000,0
2021-06-02,ETHOSCOPE_139,16,male,CS,BISAM,19/05/2021,ZT0,1000,0
2021-06-02,ETHOSCOPE_139,17,male,CS,BISAM,19/05/2021,ZT0,1000,0
2021-06-02,ETHOSCOPE_139,18,male,CS,BISAM,19/05/2021,ZT0,1000,0
2021-06-02,ETHOSCOPE_139,19,male,CS,BISAM,19/05/2021,ZT0,1000,0
2021-06-02,ETHOSCOPE_139,20,male,CS,BISAM,19/05/2021,ZT0,1000,0
2021-06-02,ETHOSCOPE_139,21,male,CS,BISAM,19/05/2021,ZT0,1000,0
2021-06-02,ETHOSCOPE_139,22,male,CS,BISAM,19/05/2021,ZT0,1000,0
2021-06-02,ETHOSCOPE_139,23,male,CS,BISAM,19/05/2021,ZT0,1000,0
2021-06-02,ETHOSCOPE_139,24,male,CS,BISAM,19/05/2021,ZT0,1000,0
2021-06-02,ETHOSCOPE_108,1,male,CS,spirindoline,19/05/2021,ZT0,100,0
2021-06-02,ETHOSCOPE_108,2,male,CS,spirindoline,19/05/2021,ZT0,100,0
2021-06-02,ETHOSCOPE_108,3,male,CS,spirindoline,19/05/2021,ZT0,100,0
2021-06-02,ETHOSCOPE_108,4,male,CS,spirindoline,19/05/2021,ZT0,100,0
2021-06-02,ETHOSCOPE_108,5,male,CS,spirindoline,19/05/2021,ZT0,100,0
2021-06-02,ETHOSCOPE_108,6,male,CS,spirindoline,19/05/2021,ZT0,100,0
2021-06-02,ETHOSCOPE_108,7,male,CS,spirindoline,19/05/2021,ZT0,100,0
2021-06-02,ETHOSCOPE_108,8,male,CS,spirindoline,19/05/2021,ZT0,100,0
2021-06-02,ETHOSCOPE_108,9,male,CS,spirindoline,19/05/2021,ZT0,100,0
2021-06-02,ETHOSCOPE_108,10,male,CS,spirindoline,19/05/2021,ZT0,100,0
2021-06-02,ETHOSCOPE_108,11,male,CS,spirindoline,19/05/2021,ZT0,100,0
2021-06-02,ETHOSCOPE_108,12,male,CS,spirindoline,19/05/2021,ZT0,100,0
2021-06-02,ETHOSCOPE_108,13,male,CS,spirindoline,19/05/2021,ZT0,100,0
2021-06-02,ETHOSCOPE_108,14,male,CS,spirindoline,19/05/2021,ZT0,100,0
2021-06-02,ETHOSCOPE_108,15,male,CS,spirindoline,19/05/2021,ZT0,100,0
2021-06-02,ETHOSCOPE_108,16,male,CS,spirindoline,19/05/2021,ZT0,100,0
2021-06-02,ETHOSCOPE_108,17,male,CS,spirindoline,19/05/2021,ZT0,100,0
2021-06-02,ETHOSCOPE_108,18,male,CS,spirindoline,19/05/2021,ZT0,100,0
2021-06-02,ETHOSCOPE_108,19,male,CS,spirindoline,19/05/2021,ZT0,100,0
2021-06-02,ETHOSCOPE_108,20,male,CS,spirindoline,19/05/2021,ZT0,100,0
2021-06-02,ETHOSCOPE_108,21,male,CS,spirindoline,19/05/2021,ZT0,100,0
2021-06-02,ETHOSCOPE_108,22,male,CS,spirindoline,19/05/2021,ZT0,100,0
2021-06-02,ETHOSCOPE_108,23,male,CS,spirindoline,19/05/2021,ZT0,100,0
2021-06-02,ETHOSCOPE_108,24,male,CS,spirindoline,19/05/2021,ZT0,100,0
2021-06-02,ETHOSCOPE_257,1,male,CS,chlorantraniliprole,19/05/2021,ZT0,100,0
2021-06-02,ETHOSCOPE_257,2,male,CS,chlorantraniliprole,19/05/2021,ZT0,100,0
2021-06-02,ETHOSCOPE_257,3,male,CS,chlorantraniliprole,19/05/2021,ZT0,100,0
2021-06-02,ETHOSCOPE_257,4,male,CS,chlorantraniliprole,19/05/2021,ZT0,100,0
2021-06-02,ETHOSCOPE_257,5,male,CS,chlorantraniliprole,19/05/2021,ZT0,100,0
2021-06-02,ETHOSCOPE_257,6,male,CS,chlorantraniliprole,19/05/2021,ZT0,100,0
2021-06-02,ETHOSCOPE_257,7,male,CS,chlorantraniliprole,19/05/2021,ZT0,100,0
2021-06-02,ETHOSCOPE_257,8,male,CS,chlorantraniliprole,19/05/2021,ZT0,100,0
2021-06-02,ETHOSCOPE_257,9,male,CS,chlorantraniliprole,19/05/2021,ZT0,100,0
2021-06-02,ETHOSCOPE_257,10,male,CS,chlorantraniliprole,19/05/2021,ZT0,100,0
2021-06-02,ETHOSCOPE_257,11,male,CS,chlorantraniliprole,19/05/2021,ZT0,100,0
2021-06-02,ETHOSCOPE_257,12,male,CS,chlorantraniliprole,19/05/2021,ZT0,100,0
2021-06-02,ETHOSCOPE_257,13,male,CS,chlorantraniliprole,19/05/2021,ZT0,100,0
2021-06-02,ETHOSCOPE_257,14,male,CS,chlorantraniliprole,19/05/2021,ZT0,100,0
2021-06-02,ETHOSCOPE_257,15,male,CS,chlorantraniliprole,19/05/2021,ZT0,100,0
2021-06-02,ETHOSCOPE_257,16,male,CS,chlorantraniliprole,19/05/2021,ZT0,100,0
2021-06-02,ETHOSCOPE_257,17,male,CS,chlorantraniliprole,19/05/2021,ZT0,100,0
2021-06-02,ETHOSCOPE_257,18,male,CS,chlorantraniliprole,19/05/2021,ZT0,100,0
2021-06-02,ETHOSCOPE_257,19,male,CS,chlorantraniliprole,19/05/2021,ZT0,100,0
2021-06-02,ETHOSCOPE_257,20,male,CS,chlorantraniliprole,19/05/2021,ZT0,100,0
2021-06-02,ETHOSCOPE_257,21,male,CS,chlorantraniliprole,19/05/2021,ZT0,100,0
2021-06-02,ETHOSCOPE_257,22,male,CS,chlorantraniliprole,19/05/2021,ZT0,100,0
2021-06-02,ETHOSCOPE_257,23,male,CS,chlorantraniliprole,19/05/2021,ZT0,100,0
2021-06-02,ETHOSCOPE_257,24,male,CS,chlorantraniliprole,19/05/2021,ZT0,100,0
2021-06-02,ETHOSCOPE_258,1,male,CS,flubendiamde,19/05/2021,ZT0,500,0
2021-06-02,ETHOSCOPE_258,2,male,CS,flubendiamde,19/05/2021,ZT0,500,0
2021-06-02,ETHOSCOPE_258,3,male,CS,flubendiamde,19/05/2021,ZT0,500,0
2021-06-02,ETHOSCOPE_258,4,male,CS,flubendiamde,19/05/2021,ZT0,500,0
2021-06-02,ETHOSCOPE_258,5,male,CS,flubendiamde,19/05/2021,ZT0,500,0
2021-06-02,ETHOSCOPE_258,6,male,CS,flubendiamde,19/05/2021,ZT0,500,0
2021-06-02,ETHOSCOPE_258,7,male,CS,flubendiamde,19/05/2021,ZT0,500,0
2021-06-02,ETHOSCOPE_258,8,male,CS,flubendiamde,19/05/2021,ZT0,500,0
2021-06-02,ETHOSCOPE_258,9,male,CS,flubendiamde,19/05/2021,ZT0,500,0
2021-06-02,ETHOSCOPE_258,10,male,CS,flubendiamde,19/05/2021,ZT0,500,0
2021-06-02,ETHOSCOPE_258,11,male,CS,flubendiamde,19/05/2021,ZT0,500,0
2021-06-02,ETHOSCOPE_258,12,male,CS,flubendiamde,19/05/2021,ZT0,500,0
2021-06-02,ETHOSCOPE_258,13,male,CS,flubendiamde,19/05/2021,ZT0,500,0
2021-06-02,ETHOSCOPE_258,14,male,CS,flubendiamde,19/05/2021,ZT0,500,0
2021-06-02,ETHOSCOPE_258,15,male,CS,flubendiamde,19/05/2021,ZT0,500,0
2021-06-02,ETHOSCOPE_258,16,male,CS,flubendiamde,19/05/2021,ZT0,500,0
2021-06-02,ETHOSCOPE_258,17,male,CS,flubendiamde,19/05/2021,ZT0,500,0
2021-06-02,ETHOSCOPE_258,18,male,CS,flubendiamde,19/05/2021,ZT0,500,0
2021-06-02,ETHOSCOPE_258,19,male,CS,flubendiamde,19/05/2021,ZT0,500,0
2021-06-02,ETHOSCOPE_258,20,male,CS,flubendiamde,19/05/2021,ZT0,500,0
2021-06-02,ETHOSCOPE_258,21,male,CS,flubendiamde,19/05/2021,ZT0,500,0
2021-06-02,ETHOSCOPE_258,22,male,CS,flubendiamde,19/05/2021,ZT0,500,0
2021-06-02,ETHOSCOPE_258,23,male,CS,flubendiamde,19/05/2021,ZT0,500,0
2021-06-02,ETHOSCOPE_258,24,male,CS,flubendiamde,19/05/2021,ZT0,500,0
2021-06-02,ETHOSCOPE_254,1,male,CS,ryanodine,19/05/2021,ZT0,100,0
2021-06-02,ETHOSCOPE_254,2,male,CS,ryanodine,19/05/2021,ZT0,100,0
2021-06-02,ETHOSCOPE_254,3,male,CS,ryanodine,19/05/2021,ZT0,100,0
2021-06-02,ETHOSCOPE_254,4,male,CS,ryanodine,19/05/2021,ZT0,100,0
2021-06-02,ETHOSCOPE_254,5,male,CS,ryanodine,19/05/2021,ZT0,100,0
2021-06-02,ETHOSCOPE_254,6,male,CS,ryanodine,19/05/2021,ZT0,100,0
2021-06-02,ETHOSCOPE_254,7,male,CS,ryanodine,19/05/2021,ZT0,100,0
2021-06-02,ETHOSCOPE_254,8,male,CS,ryanodine,19/05/2021,ZT0,100,0
2021-06-02,ETHOSCOPE_254,9,male,CS,ryanodine,19/05/2021,ZT0,100,0
2021-06-02,ETHOSCOPE_254,10,male,CS,ryanodine,19/05/2021,ZT0,100,0
2021-06-02,ETHOSCOPE_254,11,male,CS,ryanodine,19/05/2021,ZT0,100,0
2021-06-02,ETHOSCOPE_254,12,male,CS,ryanodine,19/05/2021,ZT0,100,0
2021-06-02,ETHOSCOPE_254,13,male,CS,ryanodine,19/05/2021,ZT0,100,0
2021-06-02,ETHOSCOPE_254,14,male,CS,ryanodine,19/05/2021,ZT0,100,0
2021-06-02,ETHOSCOPE_254,15,male,CS,ryanodine,19/05/2021,ZT0,100,0
2021-06-02,ETHOSCOPE_254,16,male,CS,ryanodine,19/05/2021,ZT0,100,0
2021-06-02,ETHOSCOPE_254,17,male,CS,ryanodine,19/05/2021,ZT0,100,0
2021-06-02,ETHOSCOPE_254,18,male,CS,ryanodine,19/05/2021,ZT0,100,0
2021-06-02,ETHOSCOPE_254,19,male,CS,ryanodine,19/05/2021,ZT0,100,0
2021-06-02,ETHOSCOPE_254,20,male,CS,ryanodine,19/05/2021,ZT0,100,0
2021-06-02,ETHOSCOPE_254,21,male,CS,ryanodine,19/05/2021,ZT0,100,0
2021-06-02,ETHOSCOPE_254,22,male,CS,ryanodine,19/05/2021,ZT0,100,0
2021-06-02,ETHOSCOPE_254,23,male,CS,ryanodine,19/05/2021,ZT0,100,0
2021-06-02,ETHOSCOPE_254,24,male,CS,ryanodine,19/05/2021,ZT0,100,0
2021-06-02,ETHOSCOPE_148,1,male,CS,ryanodine,19/05/2021,ZT0,1,0
2021-06-02,ETHOSCOPE_148,2,male,CS,ryanodine,19/05/2021,ZT0,1,0
2021-06-02,ETHOSCOPE_148,3,male,CS,ryanodine,19/05/2021,ZT0,1,0
2021-06-02,ETHOSCOPE_148,4,male,CS,ryanodine,19/05/2021,ZT0,1,0
2021-06-02,ETHOSCOPE_148,5,male,CS,ryanodine,19/05/2021,ZT0,1,0
2021-06-02,ETHOSCOPE_148,6,male,CS,ryanodine,19/05/2021,ZT0,1,0
2021-06-02,ETHOSCOPE_148,7,male,CS,ryanodine,19/05/2021,ZT0,1,0
2021-06-02,ETHOSCOPE_148,8,male,CS,ryanodine,19/05/2021,ZT0,1,0
2021-06-02,ETHOSCOPE_148,9,male,CS,ryanodine,19/05/2021,ZT0,1,0
2021-06-02,ETHOSCOPE_148,10,male,CS,ryanodine,19/05/2021,ZT0,1,0
2021-06-02,ETHOSCOPE_148,11,male,CS,ryanodine,19/05/2021,ZT0,1,0
2021-06-02,ETHOSCOPE_148,12,male,CS,ryanodine,19/05/2021,ZT0,1,0
2021-06-02,ETHOSCOPE_148,13,male,CS,ryanodine,19/05/2021,ZT0,1,0
2021-06-02,ETHOSCOPE_148,14,male,CS,ryanodine,19/05/2021,ZT0,1,0
2021-06-02,ETHOSCOPE_148,15,male,CS,ryanodine,19/05/2021,ZT0,1,0
2021-06-02,ETHOSCOPE_148,16,male,CS,ryanodine,19/05/2021,ZT0,1,0
2021-06-02,ETHOSCOPE_148,17,male,CS,ryanodine,19/05/2021,ZT0,1,0
2021-06-02,ETHOSCOPE_148,18,male,CS,ryanodine,19/05/2021,ZT0,1,0
2021-06-02,ETHOSCOPE_148,19,male,CS,ryanodine,19/05/2021,ZT0,1,0
2021-06-02,ETHOSCOPE_148,20,male,CS,ryanodine,19/05/2021,ZT0,1,0
2021-06-02,ETHOSCOPE_148,21,male,CS,ryanodine,19/05/2021,ZT0,1,0
2021-06-02,ETHOSCOPE_148,22,male,CS,ryanodine,19/05/2021,ZT0,1,0
2021-06-02,ETHOSCOPE_148,23,male,CS,ryanodine,19/05/2021,ZT0,1,0
2021-06-02,ETHOSCOPE_148,24,male,CS,ryanodine,19/05/2021,ZT0,1,0
2021-06-08,ETHOSCOPE_139,1,male,CS,flubendiamde,26/05/2021,ZT0,500,0
2021-06-08,ETHOSCOPE_139,2,male,CS,flubendiamde,26/05/2021,ZT0,500,0
2021-06-08,ETHOSCOPE_139,3,male,CS,flubendiamde,26/05/2021,ZT0,500,0
2021-06-08,ETHOSCOPE_139,4,male,CS,flubendiamde,26/05/2021,ZT0,500,0
2021-06-08,ETHOSCOPE_139,5,male,CS,flubendiamde,26/05/2021,ZT0,500,0
2021-06-08,ETHOSCOPE_139,6,male,CS,flubendiamde,26/05/2021,ZT0,500,0
2021-06-08,ETHOSCOPE_139,7,male,CS,flubendiamde,26/05/2021,ZT0,500,0
2021-06-08,ETHOSCOPE_139,8,male,CS,flubendiamde,26/05/2021,ZT0,500,0
2021-06-08,ETHOSCOPE_139,9,male,CS,flubendiamde,26/05/2021,ZT0,500,0
2021-06-08,ETHOSCOPE_139,10,male,CS,flubendiamde,26/05/2021,ZT0,500,0
2021-06-08,ETHOSCOPE_139,11,male,CS,flubendiamde,26/05/2021,ZT0,500,0
2021-06-08,ETHOSCOPE_139,12,male,CS,flubendiamde,26/05/2021,ZT0,500,0
2021-06-08,ETHOSCOPE_139,13,male,CS,flubendiamde,26/05/2021,ZT0,500,0
2021-06-08,ETHOSCOPE_139,14,male,CS,flubendiamde,26/05/2021,ZT0,500,0
2021-06-08,ETHOSCOPE_139,15,male,CS,flubendiamde,26/05/2021,ZT0,500,0
2021-06-08,ETHOSCOPE_139,16,male,CS,flubendiamde,26/05/2021,ZT0,500,0
2021-06-08,ETHOSCOPE_139,17,male,CS,flubendiamde,26/05/2021,ZT0,500,0
2021-06-08,ETHOSCOPE_139,18,male,CS,flubendiamde,26/05/2021,ZT0,500,0
2021-06-08,ETHOSCOPE_139,19,male,CS,flubendiamde,26/05/2021,ZT0,500,0
2021-06-08,ETHOSCOPE_139,20,male,CS,flubendiamde,26/05/2021,ZT0,500,0
2021-06-08,ETHOSCOPE_139,21,male,CS,flubendiamde,26/05/2021,ZT0,500,0
2021-06-08,ETHOSCOPE_139,22,male,CS,flubendiamde,26/05/2021,ZT0,500,0
2021-06-08,ETHOSCOPE_139,23,male,CS,flubendiamde,26/05/2021,ZT0,500,0
2021-06-08,ETHOSCOPE_139,24,male,CS,flubendiamde,26/05/2021,ZT0,500,0
2021-06-08,ETHOSCOPE_108,1,male,CS,chlorantraniliprole,26/05/2021,ZT0,100,0
2021-06-08,ETHOSCOPE_108,2,male,CS,chlorantraniliprole,26/05/2021,ZT0,100,0
2021-06-08,ETHOSCOPE_108,3,male,CS,chlorantraniliprole,26/05/2021,ZT0,100,0
2021-06-08,ETHOSCOPE_108,4,male,CS,chlorantraniliprole,26/05/2021,ZT0,100,0
2021-06-08,ETHOSCOPE_108,5,male,CS,chlorantraniliprole,26/05/2021,ZT0,100,0
2021-06-08,ETHOSCOPE_108,6,male,CS,chlorantraniliprole,26/05/2021,ZT0,100,0
2021-06-08,ETHOSCOPE_108,7,male,CS,chlorantraniliprole,26/05/2021,ZT0,100,0
2021-06-08,ETHOSCOPE_108,8,male,CS,chlorantraniliprole,26/05/2021,ZT0,100,0
2021-06-08,ETHOSCOPE_108,9,male,CS,chlorantraniliprole,26/05/2021,ZT0,100,0
2021-06-08,ETHOSCOPE_108,10,male,CS,chlorantraniliprole,26/05/2021,ZT0,100,0
2021-06-08,ETHOSCOPE_108,11,male,CS,chlorantraniliprole,26/05/2021,ZT0,100,0
2021-06-08,ETHOSCOPE_108,12,male,CS,chlorantraniliprole,26/05/2021,ZT0,100,0
2021-06-08,ETHOSCOPE_108,13,male,CS,chlorantraniliprole,26/05/2021,ZT0,100,0
2021-06-08,ETHOSCOPE_108,14,male,CS,chlorantraniliprole,26/05/2021,ZT0,100,0
2021-06-08,ETHOSCOPE_108,15,male,CS,chlorantraniliprole,26/05/2021,ZT0,100,0
2021-06-08,ETHOSCOPE_108,16,male,CS,chlorantraniliprole,26/05/2021,ZT0,100,0
2021-06-08,ETHOSCOPE_108,17,male,CS,chlorantraniliprole,26/05/2021,ZT0,100,0
2021-06-08,ETHOSCOPE_108,18,male,CS,chlorantraniliprole,26/05/2021,ZT0,100,0
2021-06-08,ETHOSCOPE_108,19,male,CS,chlorantraniliprole,26/05/2021,ZT0,100,0
2021-06-08,ETHOSCOPE_108,20,male,CS,chlorantraniliprole,26/05/2021,ZT0,100,0
2021-06-08,ETHOSCOPE_108,21,male,CS,chlorantraniliprole,26/05/2021,ZT0,100,0
2021-06-08,ETHOSCOPE_108,22,male,CS,chlorantraniliprole,26/05/2021,ZT0,100,0
2021-06-08,ETHOSCOPE_108,23,male,CS,chlorantraniliprole,26/05/2021,ZT0,100,0
2021-06-08,ETHOSCOPE_108,24,male,CS,chlorantraniliprole,26/05/2021,ZT0,100,0
2021-06-08,ETHOSCOPE_258,1,male,CS,ryanodine,26/05/2021,ZT0,1,0
2021-06-08,ETHOSCOPE_258,2,male,CS,ryanodine,26/05/2021,ZT0,1,0
2021-06-08,ETHOSCOPE_258,3,male,CS,ryanodine,26/05/2021,ZT0,1,0
2021-06-08,ETHOSCOPE_258,4,male,CS,ryanodine,26/05/2021,ZT0,1,0
2021-06-08,ETHOSCOPE_258,5,male,CS,ryanodine,26/05/2021,ZT0,1,0
2021-06-08,ETHOSCOPE_258,6,male,CS,ryanodine,26/05/2021,ZT0,1,0
2021-06-08,ETHOSCOPE_258,7,male,CS,ryanodine,26/05/2021,ZT0,1,0
2021-06-08,ETHOSCOPE_258,8,male,CS,ryanodine,26/05/2021,ZT0,1,0
2021-06-08,ETHOSCOPE_258,9,male,CS,ryanodine,26/05/2021,ZT0,1,0
2021-06-08,ETHOSCOPE_258,10,male,CS,ryanodine,26/05/2021,ZT0,1,0
2021-06-08,ETHOSCOPE_258,11,male,CS,ryanodine,26/05/2021,ZT0,1,0
2021-06-08,ETHOSCOPE_258,12,male,CS,ryanodine,26/05/2021,ZT0,1,0
2021-06-08,ETHOSCOPE_258,13,male,CS,ryanodine,26/05/2021,ZT0,1,0
2021-06-08,ETHOSCOPE_258,14,male,CS,ryanodine,26/05/2021,ZT0,1,0
2021-06-08,ETHOSCOPE_258,15,male,CS,ryanodine,26/05/2021,ZT0,1,0
2021-06-08,ETHOSCOPE_258,16,male,CS,ryanodine,26/05/2021,ZT0,1,0
2021-06-08,ETHOSCOPE_258,17,male,CS,ryanodine,26/05/2021,ZT0,1,0
2021-06-08,ETHOSCOPE_258,18,male,CS,ryanodine,26/05/2021,ZT0,1,0
2021-06-08,ETHOSCOPE_258,19,male,CS,ryanodine,26/05/2021,ZT0,1,0
2021-06-08,ETHOSCOPE_258,20,male,CS,ryanodine,26/05/2021,ZT0,1,0
2021-06-08,ETHOSCOPE_258,21,male,CS,ryanodine,26/05/2021,ZT0,1,0
2021-06-08,ETHOSCOPE_258,22,male,CS,ryanodine,26/05/2021,ZT0,1,0
2021-06-08,ETHOSCOPE_258,23,male,CS,ryanodine,26/05/2021,ZT0,1,0
2021-06-08,ETHOSCOPE_258,24,male,CS,ryanodine,26/05/2021,ZT0,1,0
2021-06-08,ETHOSCOPE_254,1,male,CS,ryanodine,26/05/2021,ZT0,100,0
2021-06-08,ETHOSCOPE_254,2,male,CS,ryanodine,26/05/2021,ZT0,100,0
2021-06-08,ETHOSCOPE_254,3,male,CS,ryanodine,26/05/2021,ZT0,100,0
2021-06-08,ETHOSCOPE_254,4,male,CS,ryanodine,26/05/2021,ZT0,100,0
2021-06-08,ETHOSCOPE_254,5,male,CS,ryanodine,26/05/2021,ZT0,100,0
2021-06-08,ETHOSCOPE_254,6,male,CS,ryanodine,26/05/2021,ZT0,100,0
2021-06-08,ETHOSCOPE_254,7,male,CS,ryanodine,26/05/2021,ZT0,100,0
2021-06-08,ETHOSCOPE_254,8,male,CS,ryanodine,26/05/2021,ZT0,100,0
2021-06-08,ETHOSCOPE_254,9,male,CS,ryanodine,26/05/2021,ZT0,100,0
2021-06-08,ETHOSCOPE_254,10,male,CS,ryanodine,26/05/2021,ZT0,100,0
2021-06-08,ETHOSCOPE_254,11,male,CS,ryanodine,26/05/2021,ZT0,100,0
2021-06-08,ETHOSCOPE_254,12,male,CS,ryanodine,26/05/2021,ZT0,100,0
2021-06-08,ETHOSCOPE_254,13,male,CS,ryanodine,26/05/2021,ZT0,100,0
2021-06-08,ETHOSCOPE_254,14,male,CS,ryanodine,26/05/2021,ZT0,100,0
2021-06-08,ETHOSCOPE_254,15,male,CS,ryanodine,26/05/2021,ZT0,100,0
2021-06-08,ETHOSCOPE_254,16,male,CS,ryanodine,26/05/2021,ZT0,100,0
2021-06-08,ETHOSCOPE_254,17,male,CS,ryanodine,26/05/2021,ZT0,100,0
2021-06-08,ETHOSCOPE_254,18,male,CS,ryanodine,26/05/2021,ZT0,100,0
2021-06-08,ETHOSCOPE_254,19,male,CS,ryanodine,26/05/2021,ZT0,100,0
2021-06-08,ETHOSCOPE_254,20,male,CS,ryanodine,26/05/2021,ZT0,100,0
2021-06-08,ETHOSCOPE_254,21,male,CS,ryanodine,26/05/2021,ZT0,100,0
2021-06-08,ETHOSCOPE_254,22,male,CS,ryanodine,26/05/2021,ZT0,100,0
2021-06-08,ETHOSCOPE_254,23,male,CS,ryanodine,26/05/2021,ZT0,100,0
2021-06-08,ETHOSCOPE_254,24,male,CS,ryanodine,26/05/2021,ZT0,100,0
2021-06-10,ETHOSCOPE_218,1,male,iav,no_compound,26/06/2021,ZT0,1,0
2021-06-10,ETHOSCOPE_218,2,male,iav,no_compound,26/06/2021,ZT0,1,0
2021-06-10,ETHOSCOPE_218,3,male,iav,no_compound,26/06/2021,ZT0,1,0
2021-06-10,ETHOSCOPE_218,4,male,iav,no_compound,26/06/2021,ZT0,1,0
2021-06-10,ETHOSCOPE_218,5,male,iav,no_compound,26/06/2021,ZT0,1,0
2021-06-10,ETHOSCOPE_218,6,male,iav,no_compound,26/06/2021,ZT0,1,0
2021-06-10,ETHOSCOPE_218,7,male,iav,no_compound,26/06/2021,ZT0,1,0
2021-06-10,ETHOSCOPE_218,8,male,iav,no_compound,26/06/2021,ZT0,1,0
2021-06-10,ETHOSCOPE_218,9,male,iav,no_compound,26/06/2021,ZT0,1,0
2021-06-10,ETHOSCOPE_218,10,male,iav,no_compound,26/06/2021,ZT0,1,0
2021-06-10,ETHOSCOPE_218,11,male,iav,no_compound,26/06/2021,ZT0,1,0
2021-06-10,ETHOSCOPE_218,12,male,iav,no_compound,26/06/2021,ZT0,1,0
2021-06-10,ETHOSCOPE_218,13,male,iav,no_compound,26/06/2021,ZT0,1,0
2021-06-10,ETHOSCOPE_218,14,male,iav,no_compound,26/06/2021,ZT0,1,0
2021-06-10,ETHOSCOPE_218,15,male,iav,no_compound,26/06/2021,ZT0,1,0
2021-06-10,ETHOSCOPE_218,16,male,iav,no_compound,26/06/2021,ZT0,1,0
2021-06-10,ETHOSCOPE_218,17,male,iav,no_compound,26/06/2021,ZT0,1,0
2021-06-10,ETHOSCOPE_218,18,male,iav,no_compound,26/06/2021,ZT0,1,0
2021-06-10,ETHOSCOPE_218,19,male,iav,no_compound,26/06/2021,ZT0,1,0
2021-06-10,ETHOSCOPE_218,20,male,iav,no_compound,26/06/2021,ZT0,1,0
2021-06-10,ETHOSCOPE_218,21,male,iav,no_compound,26/06/2021,ZT0,1,0
2021-06-10,ETHOSCOPE_218,22,male,iav,no_compound,26/06/2021,ZT0,1,0
2021-06-10,ETHOSCOPE_218,23,male,iav,no_compound,26/06/2021,ZT0,1,0
2021-06-10,ETHOSCOPE_218,24,male,iav,no_compound,26/06/2021,ZT0,1,0
2021-06-23,ETHOSCOPE_139,1,male,CS,BISAM,11/06/2021,ZT0,100,0
2021-06-23,ETHOSCOPE_139,2,male,CS,BISAM,11/06/2021,ZT0,100,0
2021-06-23,ETHOSCOPE_139,3,male,CS,BISAM,11/06/2021,ZT0,100,0
2021-06-23,ETHOSCOPE_139,4,male,CS,BISAM,11/06/2021,ZT0,100,0
2021-06-23,ETHOSCOPE_139,5,male,CS,BISAM,11/06/2021,ZT0,100,0
2021-06-23,ETHOSCOPE_139,6,male,CS,BISAM,11/06/2021,ZT0,100,0
2021-06-23,ETHOSCOPE_139,7,male,CS,BISAM,11/06/2021,ZT0,100,0
2021-06-23,ETHOSCOPE_139,8,male,CS,BISAM,11/06/2021,ZT0,100,0
2021-06-23,ETHOSCOPE_139,9,male,CS,BISAM,11/06/2021,ZT0,100,0
2021-06-23,ETHOSCOPE_139,10,male,CS,BISAM,11/06/2021,ZT0,100,0
2021-06-23,ETHOSCOPE_139,11,male,CS,BISAM,11/06/2021,ZT0,100,0
2021-06-23,ETHOSCOPE_139,12,male,CS,BISAM,11/06/2021,ZT0,100,0
2021-06-23,ETHOSCOPE_139,13,male,CS,BISAM,11/06/2021,ZT0,100,0
2021-06-23,ETHOSCOPE_139,14,male,CS,BISAM,11/06/2021,ZT0,100,0
2021-06-23,ETHOSCOPE_139,15,male,CS,BISAM,11/06/2021,ZT0,100,0
2021-06-23,ETHOSCOPE_139,16,male,CS,BISAM,11/06/2021,ZT0,100,0
2021-06-23,ETHOSCOPE_139,17,male,CS,BISAM,11/06/2021,ZT0,100,0
2021-06-23,ETHOSCOPE_139,18,male,CS,BISAM,11/06/2021,ZT0,100,0
2021-06-23,ETHOSCOPE_139,19,male,CS,BISAM,11/06/2021,ZT0,100,0
2021-06-23,ETHOSCOPE_139,20,male,CS,BISAM,11/06/2021,ZT0,100,0
2021-06-23,ETHOSCOPE_139,21,male,CS,BISAM,11/06/2021,ZT0,100,0
2021-06-23,ETHOSCOPE_139,22,male,CS,BISAM,11/06/2021,ZT0,100,0
2021-06-23,ETHOSCOPE_139,23,male,CS,BISAM,11/06/2021,ZT0,100,0
2021-06-23,ETHOSCOPE_139,24,male,CS,BISAM,11/06/2021,ZT0,100,0
2021-06-23,ETHOSCOPE_108,1,male,CS,spirindoline,11/06/2021,ZT0,1,0
2021-06-23,ETHOSCOPE_108,2,male,CS,spirindoline,11/06/2021,ZT0,1,0
2021-06-23,ETHOSCOPE_108,3,male,CS,spirindoline,11/06/2021,ZT0,1,0
2021-06-23,ETHOSCOPE_108,4,male,CS,spirindoline,11/06/2021,ZT0,1,0
2021-06-23,ETHOSCOPE_108,5,male,CS,spirindoline,11/06/2021,ZT0,1,0
2021-06-23,ETHOSCOPE_108,6,male,CS,spirindoline,11/06/2021,ZT0,1,0
2021-06-23,ETHOSCOPE_108,7,male,CS,spirindoline,11/06/2021,ZT0,1,0
2021-06-23,ETHOSCOPE_108,8,male,CS,spirindoline,11/06/2021,ZT0,1,0
2021-06-23,ETHOSCOPE_108,9,male,CS,spirindoline,11/06/2021,ZT0,1,0
2021-06-23,ETHOSCOPE_108,10,male,CS,spirindoline,11/06/2021,ZT0,1,0
2021-06-23,ETHOSCOPE_108,11,male,CS,spirindoline,11/06/2021,ZT0,1,0
2021-06-23,ETHOSCOPE_108,12,male,CS,spirindoline,11/06/2021,ZT0,1,0
2021-06-23,ETHOSCOPE_108,13,male,CS,spirindoline,11/06/2021,ZT0,1,0
2021-06-23,ETHOSCOPE_108,14,male,CS,spirindoline,11/06/2021,ZT0,1,0
2021-06-23,ETHOSCOPE_108,15,male,CS,spirindoline,11/06/2021,ZT0,1,0
2021-06-23,ETHOSCOPE_108,16,male,CS,spirindoline,11/06/2021,ZT0,1,0
2021-06-23,ETHOSCOPE_108,17,male,CS,spirindoline,11/06/2021,ZT0,1,0
2021-06-23,ETHOSCOPE_108,18,male,CS,spirindoline,11/06/2021,ZT0,1,0
2021-06-23,ETHOSCOPE_108,19,male,CS,spirindoline,11/06/2021,ZT0,1,0
2021-06-23,ETHOSCOPE_108,20,male,CS,spirindoline,11/06/2021,ZT0,1,0
2021-06-23,ETHOSCOPE_108,21,male,CS,spirindoline,11/06/2021,ZT0,1,0
2021-06-23,ETHOSCOPE_108,22,male,CS,spirindoline,11/06/2021,ZT0,1,0
2021-06-23,ETHOSCOPE_108,23,male,CS,spirindoline,11/06/2021,ZT0,1,0
2021-06-23,ETHOSCOPE_108,24,male,CS,spirindoline,11/06/2021,ZT0,1,0
2021-06-23,ETHOSCOPE_257,1,male,CS,abamectin,11/06/2021,ZT0,100,0
2021-06-23,ETHOSCOPE_257,2,male,CS,abamectin,11/06/2021,ZT0,100,0
2021-06-23,ETHOSCOPE_257,3,male,CS,abamectin,11/06/2021,ZT0,100,0
2021-06-23,ETHOSCOPE_257,4,male,CS,abamectin,11/06/2021,ZT0,100,0
2021-06-23,ETHOSCOPE_257,5,male,CS,abamectin,11/06/2021,ZT0,100,0
2021-06-23,ETHOSCOPE_257,6,male,CS,abamectin,11/06/2021,ZT0,100,0
2021-06-23,ETHOSCOPE_257,7,male,CS,abamectin,11/06/2021,ZT0,100,0
2021-06-23,ETHOSCOPE_257,8,male,CS,abamectin,11/06/2021,ZT0,100,0
2021-06-23,ETHOSCOPE_257,9,male,CS,abamectin,11/06/2021,ZT0,100,0
2021-06-23,ETHOSCOPE_257,10,male,CS,abamectin,11/06/2021,ZT0,100,0
2021-06-23,ETHOSCOPE_257,11,male,CS,abamectin,11/06/2021,ZT0,100,0
2021-06-23,ETHOSCOPE_257,12,male,CS,abamectin,11/06/2021,ZT0,100,0
2021-06-23,ETHOSCOPE_257,13,male,CS,abamectin,11/06/2021,ZT0,100,0
2021-06-23,ETHOSCOPE_257,14,male,CS,abamectin,11/06/2021,ZT0,100,0
2021-06-23,ETHOSCOPE_257,15,male,CS,abamectin,11/06/2021,ZT0,100,0
2021-06-23,ETHOSCOPE_257,16,male,CS,abamectin,11/06/2021,ZT0,100,0
2021-06-23,ETHOSCOPE_257,17,male,CS,abamectin,11/06/2021,ZT0,100,0
2021-06-23,ETHOSCOPE_257,18,male,CS,abamectin,11/06/2021,ZT0,100,0
2021-06-23,ETHOSCOPE_257,19,male,CS,abamectin,11/06/2021,ZT0,100,0
2021-06-23,ETHOSCOPE_257,20,male,CS,abamectin,11/06/2021,ZT0,100,0
2021-06-23,ETHOSCOPE_257,21,male,CS,abamectin,11/06/2021,ZT0,100,0
2021-06-23,ETHOSCOPE_257,22,male,CS,abamectin,11/06/2021,ZT0,100,0
2021-06-23,ETHOSCOPE_257,23,male,CS,abamectin,11/06/2021,ZT0,100,0
2021-06-23,ETHOSCOPE_257,24,male,CS,abamectin,11/06/2021,ZT0,100,0
2021-06-23,ETHOSCOPE_261,1,male,CS,abamectin,11/06/2021,ZT0,1,0
2021-06-23,ETHOSCOPE_261,2,male,CS,abamectin,11/06/2021,ZT0,1,0
2021-06-23,ETHOSCOPE_261,3,male,CS,abamectin,11/06/2021,ZT0,1,0
2021-06-23,ETHOSCOPE_261,4,male,CS,abamectin,11/06/2021,ZT0,1,0
2021-06-23,ETHOSCOPE_261,5,male,CS,abamectin,11/06/2021,ZT0,1,0
2021-06-23,ETHOSCOPE_261,6,male,CS,abamectin,11/06/2021,ZT0,1,0
2021-06-23,ETHOSCOPE_261,7,male,CS,abamectin,11/06/2021,ZT0,1,0
2021-06-23,ETHOSCOPE_261,8,male,CS,abamectin,11/06/2021,ZT0,1,0
2021-06-23,ETHOSCOPE_261,9,male,CS,abamectin,11/06/2021,ZT0,1,0
2021-06-23,ETHOSCOPE_261,10,male,CS,abamectin,11/06/2021,ZT0,1,0
2021-06-23,ETHOSCOPE_261,11,male,CS,abamectin,11/06/2021,ZT0,1,0
2021-06-23,ETHOSCOPE_261,12,male,CS,abamectin,11/06/2021,ZT0,1,0
2021-06-23,ETHOSCOPE_261,13,male,CS,abamectin,11/06/2021,ZT0,1,0
2021-06-23,ETHOSCOPE_261,14,male,CS,abamectin,11/06/2021,ZT0,1,0
2021-06-23,ETHOSCOPE_261,15,male,CS,abamectin,11/06/2021,ZT0,1,0
2021-06-23,ETHOSCOPE_261,16,male,CS,abamectin,11/06/2021,ZT0,1,0
2021-06-23,ETHOSCOPE_261,17,male,CS,abamectin,11/06/2021,ZT0,1,0
2021-06-23,ETHOSCOPE_261,18,male,CS,abamectin,11/06/2021,ZT0,1,0
2021-06-23,ETHOSCOPE_261,19,male,CS,abamectin,11/06/2021,ZT0,1,0
2021-06-23,ETHOSCOPE_261,20,male,CS,abamectin,11/06/2021,ZT0,1,0
2021-06-23,ETHOSCOPE_261,21,male,CS,abamectin,11/06/2021,ZT0,1,0
2021-06-23,ETHOSCOPE_261,22,male,CS,abamectin,11/06/2021,ZT0,1,0
2021-06-23,ETHOSCOPE_261,23,male,CS,abamectin,11/06/2021,ZT0,1,0
2021-06-23,ETHOSCOPE_261,24,male,CS,abamectin,11/06/2021,ZT0,1,0
2021-06-29,ETHOSCOPE_249,1,male,CS,flubendiamde,15/06/2021,ZT0,500,0
2021-06-29,ETHOSCOPE_249,2,male,CS,flubendiamde,15/06/2021,ZT0,500,0
2021-06-29,ETHOSCOPE_249,3,male,CS,flubendiamde,15/06/2021,ZT0,500,0
2021-06-29,ETHOSCOPE_249,4,male,CS,flubendiamde,15/06/2021,ZT0,500,0
2021-06-29,ETHOSCOPE_249,5,male,CS,flubendiamde,15/06/2021,ZT0,500,0
2021-06-29,ETHOSCOPE_249,6,male,CS,flubendiamde,15/06/2021,ZT0,500,0
2021-06-29,ETHOSCOPE_249,7,male,CS,flubendiamde,15/06/2021,ZT0,500,0
2021-06-29,ETHOSCOPE_249,8,male,CS,flubendiamde,15/06/2021,ZT0,500,0
2021-06-29,ETHOSCOPE_249,9,male,CS,flubendiamde,15/06/2021,ZT0,500,0
2021-06-29,ETHOSCOPE_249,10,male,CS,flubendiamde,15/06/2021,ZT0,500,0
2021-06-29,ETHOSCOPE_249,11,male,CS,flubendiamde,15/06/2021,ZT0,500,0
2021-06-29,ETHOSCOPE_249,12,male,CS,flubendiamde,15/06/2021,ZT0,500,0
2021-06-29,ETHOSCOPE_249,13,male,CS,flubendiamde,15/06/2021,ZT0,500,0
2021-06-29,ETHOSCOPE_249,14,male,CS,flubendiamde,15/06/2021,ZT0,500,0
2021-06-29,ETHOSCOPE_249,15,male,CS,flubendiamde,15/06/2021,ZT0,500,0
2021-06-29,ETHOSCOPE_249,16,male,CS,flubendiamde,15/06/2021,ZT0,500,0
2021-06-29,ETHOSCOPE_249,17,male,CS,flubendiamde,15/06/2021,ZT0,500,0
2021-06-29,ETHOSCOPE_249,18,male,CS,flubendiamde,15/06/2021,ZT0,500,0
2021-06-29,ETHOSCOPE_249,19,male,CS,flubendiamde,15/06/2021,ZT0,500,0
2021-06-29,ETHOSCOPE_249,20,male,CS,flubendiamde,15/06/2021,ZT0,500,0
2021-06-29,ETHOSCOPE_249,21,male,CS,flubendiamde,15/06/2021,ZT0,500,0
2021-06-29,ETHOSCOPE_249,22,male,CS,flubendiamde,15/06/2021,ZT0,500,0
2021-06-29,ETHOSCOPE_249,23,male,CS,flubendiamde,15/06/2021,ZT0,500,0
2021-06-29,ETHOSCOPE_249,24,male,CS,flubendiamde,15/06/2021,ZT0,500,0
2021-06-29,ETHOSCOPE_257,1,male,CS,abamectin,15/06/2021,ZT0,1,0
2021-06-29,ETHOSCOPE_257,2,male,CS,abamectin,15/06/2021,ZT0,1,0
2021-06-29,ETHOSCOPE_257,3,male,CS,abamectin,15/06/2021,ZT0,1,0
2021-06-29,ETHOSCOPE_257,4,male,CS,abamectin,15/06/2021,ZT0,1,0
2021-06-29,ETHOSCOPE_257,5,male,CS,abamectin,15/06/2021,ZT0,1,0
2021-06-29,ETHOSCOPE_257,6,male,CS,abamectin,15/06/2021,ZT0,1,0
2021-06-29,ETHOSCOPE_257,7,male,CS,abamectin,15/06/2021,ZT0,1,0
2021-06-29,ETHOSCOPE_257,8,male,CS,abamectin,15/06/2021,ZT0,1,0
2021-06-29,ETHOSCOPE_257,9,male,CS,abamectin,15/06/2021,ZT0,1,0
2021-06-29,ETHOSCOPE_257,10,male,CS,abamectin,15/06/2021,ZT0,1,0
2021-06-29,ETHOSCOPE_257,11,male,CS,abamectin,15/06/2021,ZT0,1,0
2021-06-29,ETHOSCOPE_257,12,male,CS,abamectin,15/06/2021,ZT0,1,0
2021-06-29,ETHOSCOPE_257,13,male,CS,abamectin,15/06/2021,ZT0,1,0
2021-06-29,ETHOSCOPE_257,14,male,CS,abamectin,15/06/2021,ZT0,1,0
2021-06-29,ETHOSCOPE_257,15,male,CS,abamectin,15/06/2021,ZT0,1,0
2021-06-29,ETHOSCOPE_257,16,male,CS,abamectin,15/06/2021,ZT0,1,0
2021-06-29,ETHOSCOPE_257,17,male,CS,abamectin,15/06/2021,ZT0,1,0
2021-06-29,ETHOSCOPE_257,18,male,CS,abamectin,15/06/2021,ZT0,1,0
2021-06-29,ETHOSCOPE_257,19,male,CS,abamectin,15/06/2021,ZT0,1,0
2021-06-29,ETHOSCOPE_257,20,male,CS,abamectin,15/06/2021,ZT0,1,0
2021-06-29,ETHOSCOPE_257,21,male,CS,abamectin,15/06/2021,ZT0,1,0
2021-06-29,ETHOSCOPE_257,22,male,CS,abamectin,15/06/2021,ZT0,1,0
2021-06-29,ETHOSCOPE_257,23,male,CS,abamectin,15/06/2021,ZT0,1,0
2021-06-29,ETHOSCOPE_257,24,male,CS,abamectin,15/06/2021,ZT0,1,0
2021-06-29,ETHOSCOPE_261,1,male,CS,chlorantraniliprole,15/06/2021,ZT0,1,0
2021-06-29,ETHOSCOPE_261,2,male,CS,chlorantraniliprole,15/06/2021,ZT0,1,0
2021-06-29,ETHOSCOPE_261,3,male,CS,chlorantraniliprole,15/06/2021,ZT0,1,0
2021-06-29,ETHOSCOPE_261,4,male,CS,chlorantraniliprole,15/06/2021,ZT0,1,0
2021-06-29,ETHOSCOPE_261,5,male,CS,chlorantraniliprole,15/06/2021,ZT0,1,0
2021-06-29,ETHOSCOPE_261,6,male,CS,chlorantraniliprole,15/06/2021,ZT0,1,0
2021-06-29,ETHOSCOPE_261,7,male,CS,chlorantraniliprole,15/06/2021,ZT0,1,0
2021-06-29,ETHOSCOPE_261,8,male,CS,chlorantraniliprole,15/06/2021,ZT0,1,0
2021-06-29,ETHOSCOPE_261,9,male,CS,chlorantraniliprole,15/06/2021,ZT0,1,0
2021-06-29,ETHOSCOPE_261,10,male,CS,chlorantraniliprole,15/06/2021,ZT0,1,0
2021-06-29,ETHOSCOPE_261,11,male,CS,chlorantraniliprole,15/06/2021,ZT0,1,0
2021-06-29,ETHOSCOPE_261,12,male,CS,chlorantraniliprole,15/06/2021,ZT0,1,0
2021-06-29,ETHOSCOPE_261,13,male,CS,chlorantraniliprole,15/06/2021,ZT0,1,0
2021-06-29,ETHOSCOPE_261,14,male,CS,chlorantraniliprole,15/06/2021,ZT0,1,0
2021-06-29,ETHOSCOPE_261,15,male,CS,chlorantraniliprole,15/06/2021,ZT0,1,0
2021-06-29,ETHOSCOPE_261,16,male,CS,chlorantraniliprole,15/06/2021,ZT0,1,0
2021-06-29,ETHOSCOPE_261,17,male,CS,chlorantraniliprole,15/06/2021,ZT0,1,0
2021-06-29,ETHOSCOPE_261,18,male,CS,chlorantraniliprole,15/06/2021,ZT0,1,0
2021-06-29,ETHOSCOPE_261,19,male,CS,chlorantraniliprole,15/06/2021,ZT0,1,0
2021-06-29,ETHOSCOPE_261,20,male,CS,chlorantraniliprole,15/06/2021,ZT0,1,0
2021-06-29,ETHOSCOPE_261,21,male,CS,chlorantraniliprole,15/06/2021,ZT0,1,0
2021-06-29,ETHOSCOPE_261,22,male,CS,chlorantraniliprole,15/06/2021,ZT0,1,0
2021-06-29,ETHOSCOPE_261,23,male,CS,chlorantraniliprole,15/06/2021,ZT0,1,0
2021-06-29,ETHOSCOPE_261,24,male,CS,chlorantraniliprole,15/06/2021,ZT0,1,0
2021-06-29,ETHOSCOPE_217,1,male,CS,imidacloprid,15/06/2021,ZT0,500,0
2021-06-29,ETHOSCOPE_217,2,male,CS,imidacloprid,15/06/2021,ZT0,500,0
2021-06-29,ETHOSCOPE_217,3,male,CS,imidacloprid,15/06/2021,ZT0,500,0
2021-06-29,ETHOSCOPE_217,4,male,CS,imidacloprid,15/06/2021,ZT0,500,0
2021-06-29,ETHOSCOPE_217,5,male,CS,imidacloprid,15/06/2021,ZT0,500,0
2021-06-29,ETHOSCOPE_217,6,male,CS,imidacloprid,15/06/2021,ZT0,500,0
2021-06-29,ETHOSCOPE_217,7,male,CS,imidacloprid,15/06/2021,ZT0,500,0
2021-06-29,ETHOSCOPE_217,8,male,CS,imidacloprid,15/06/2021,ZT0,500,0
2021-06-29,ETHOSCOPE_217,9,male,CS,imidacloprid,15/06/2021,ZT0,500,0
2021-06-29,ETHOSCOPE_217,10,male,CS,imidacloprid,15/06/2021,ZT0,500,0
2021-06-29,ETHOSCOPE_217,11,male,CS,imidacloprid,15/06/2021,ZT0,500,0
2021-06-29,ETHOSCOPE_217,12,male,CS,imidacloprid,15/06/2021,ZT0,500,0
2021-06-29,ETHOSCOPE_217,13,male,CS,imidacloprid,15/06/2021,ZT0,500,0
2021-06-29,ETHOSCOPE_217,14,male,CS,imidacloprid,15/06/2021,ZT0,500,0
2021-06-29,ETHOSCOPE_217,15,male,CS,imidacloprid,15/06/2021,ZT0,500,0
2021-06-29,ETHOSCOPE_217,16,male,CS,imidacloprid,15/06/2021,ZT0,500,0
2021-06-29,ETHOSCOPE_217,17,male,CS,imidacloprid,15/06/2021,ZT0,500,0
2021-06-29,ETHOSCOPE_217,18,male,CS,imidacloprid,15/06/2021,ZT0,500,0
2021-06-29,ETHOSCOPE_217,19,male,CS,imidacloprid,15/06/2021,ZT0,500,0
2021-06-29,ETHOSCOPE_217,20,male,CS,imidacloprid,15/06/2021,ZT0,500,0
2021-06-29,ETHOSCOPE_217,21,male,CS,imidacloprid,15/06/2021,ZT0,500,0
2021-06-29,ETHOSCOPE_217,22,male,CS,imidacloprid,15/06/2021,ZT0,500,0
2021-06-29,ETHOSCOPE_217,23,male,CS,imidacloprid,15/06/2021,ZT0,500,0
2021-06-29,ETHOSCOPE_217,24,male,CS,imidacloprid,15/06/2021,ZT0,500,0
2021-06-30,ETHOSCOPE_141,1,male,CS,abamectin,18/06/2021,ZT0,1,0
2021-06-30,ETHOSCOPE_141,2,male,CS,abamectin,18/06/2021,ZT0,1,0
2021-06-30,ETHOSCOPE_141,3,male,CS,abamectin,18/06/2021,ZT0,1,0
2021-06-30,ETHOSCOPE_141,4,male,CS,abamectin,18/06/2021,ZT0,1,0
2021-06-30,ETHOSCOPE_141,5,male,CS,abamectin,18/06/2021,ZT0,1,0
2021-06-30,ETHOSCOPE_141,6,male,CS,abamectin,18/06/2021,ZT0,1,0
2021-06-30,ETHOSCOPE_141,7,male,CS,abamectin,18/06/2021,ZT0,1,0
2021-06-30,ETHOSCOPE_141,8,male,CS,abamectin,18/06/2021,ZT0,1,0
2021-06-30,ETHOSCOPE_141,9,male,CS,abamectin,18/06/2021,ZT0,1,0
2021-06-30,ETHOSCOPE_141,10,male,CS,abamectin,18/06/2021,ZT0,1,0
2021-06-30,ETHOSCOPE_141,11,male,CS,abamectin,18/06/2021,ZT0,1,0
2021-06-30,ETHOSCOPE_141,12,male,CS,abamectin,18/06/2021,ZT0,1,0
2021-06-30,ETHOSCOPE_141,13,male,CS,abamectin,18/06/2021,ZT0,1,0
2021-06-30,ETHOSCOPE_141,14,male,CS,abamectin,18/06/2021,ZT0,1,0
2021-06-30,ETHOSCOPE_141,15,male,CS,abamectin,18/06/2021,ZT0,1,0
2021-06-30,ETHOSCOPE_141,16,male,CS,abamectin,18/06/2021,ZT0,1,0
2021-06-30,ETHOSCOPE_141,17,male,CS,abamectin,18/06/2021,ZT0,1,0
2021-06-30,ETHOSCOPE_141,18,male,CS,abamectin,18/06/2021,ZT0,1,0
2021-06-30,ETHOSCOPE_141,19,male,CS,abamectin,18/06/2021,ZT0,1,0
2021-06-30,ETHOSCOPE_141,20,male,CS,abamectin,18/06/2021,ZT0,1,0
2021-06-30,ETHOSCOPE_141,21,male,CS,abamectin,18/06/2021,ZT0,1,0
2021-06-30,ETHOSCOPE_141,22,male,CS,abamectin,18/06/2021,ZT0,1,0
2021-06-30,ETHOSCOPE_141,23,male,CS,abamectin,18/06/2021,ZT0,1,0
2021-06-30,ETHOSCOPE_141,24,male,CS,abamectin,18/06/2021,ZT0,1,0
2021-06-30,ETHOSCOPE_139,1,male,CS,chlorantraniliprole,18/06/2021,ZT0,1,0
2021-06-30,ETHOSCOPE_139,2,male,CS,chlorantraniliprole,18/06/2021,ZT0,1,0
2021-06-30,ETHOSCOPE_139,3,male,CS,chlorantraniliprole,18/06/2021,ZT0,1,0
2021-06-30,ETHOSCOPE_139,4,male,CS,chlorantraniliprole,18/06/2021,ZT0,1,0
2021-06-30,ETHOSCOPE_139,5,male,CS,chlorantraniliprole,18/06/2021,ZT0,1,0
2021-06-30,ETHOSCOPE_139,6,male,CS,chlorantraniliprole,18/06/2021,ZT0,1,0
2021-06-30,ETHOSCOPE_139,7,male,CS,chlorantraniliprole,18/06/2021,ZT0,1,0
2021-06-30,ETHOSCOPE_139,8,male,CS,chlorantraniliprole,18/06/2021,ZT0,1,0
2021-06-30,ETHOSCOPE_139,9,male,CS,chlorantraniliprole,18/06/2021,ZT0,1,0
2021-06-30,ETHOSCOPE_139,10,male,CS,chlorantraniliprole,18/06/2021,ZT0,1,0
2021-06-30,ETHOSCOPE_139,11,male,CS,chlorantraniliprole,18/06/2021,ZT0,1,0
2021-06-30,ETHOSCOPE_139,12,male,CS,chlorantraniliprole,18/06/2021,ZT0,1,0
2021-06-30,ETHOSCOPE_139,13,male,CS,chlorantraniliprole,18/06/2021,ZT0,1,0
2021-06-30,ETHOSCOPE_139,14,male,CS,chlorantraniliprole,18/06/2021,ZT0,1,0
2021-06-30,ETHOSCOPE_139,15,male,CS,chlorantraniliprole,18/06/2021,ZT0,1,0
2021-06-30,ETHOSCOPE_139,16,male,CS,chlorantraniliprole,18/06/2021,ZT0,1,0
2021-06-30,ETHOSCOPE_139,17,male,CS,chlorantraniliprole,18/06/2021,ZT0,1,0
2021-06-30,ETHOSCOPE_139,18,male,CS,chlorantraniliprole,18/06/2021,ZT0,1,0
2021-06-30,ETHOSCOPE_139,19,male,CS,chlorantraniliprole,18/06/2021,ZT0,1,0
2021-06-30,ETHOSCOPE_139,20,male,CS,chlorantraniliprole,18/06/2021,ZT0,1,0
2021-06-30,ETHOSCOPE_139,21,male,CS,chlorantraniliprole,18/06/2021,ZT0,1,0
2021-06-30,ETHOSCOPE_139,22,male,CS,chlorantraniliprole,18/06/2021,ZT0,1,0
2021-06-30,ETHOSCOPE_139,23,male,CS,chlorantraniliprole,18/06/2021,ZT0,1,0
2021-06-30,ETHOSCOPE_139,24,male,CS,chlorantraniliprole,18/06/2021,ZT0,1,0
2021-07-13,ETHOSCOPE_141,1,male,CS,imidacloprid,02/07/2021,ZT0,500,0
2021-07-13,ETHOSCOPE_141,2,male,CS,imidacloprid,02/07/2021,ZT0,500,0
2021-07-13,ETHOSCOPE_141,3,male,CS,imidacloprid,02/07/2021,ZT0,500,0
2021-07-13,ETHOSCOPE_141,4,male,CS,imidacloprid,02/07/2021,ZT0,500,0
2021-07-13,ETHOSCOPE_141,5,male,CS,imidacloprid,02/07/2021,ZT0,500,0
2021-07-13,ETHOSCOPE_141,6,male,CS,imidacloprid,02/07/2021,ZT0,500,0
2021-07-13,ETHOSCOPE_141,7,male,CS,imidacloprid,02/07/2021,ZT0,500,0
2021-07-13,ETHOSCOPE_141,8,male,CS,imidacloprid,02/07/2021,ZT0,500,0
2021-07-13,ETHOSCOPE_141,9,male,CS,imidacloprid,02/07/2021,ZT0,500,0
2021-07-13,ETHOSCOPE_141,10,male,CS,imidacloprid,02/07/2021,ZT0,500,0
2021-07-13,ETHOSCOPE_141,11,male,CS,imidacloprid,02/07/2021,ZT0,500,0
2021-07-13,ETHOSCOPE_141,12,male,CS,imidacloprid,02/07/2021,ZT0,500,0
2021-07-13,ETHOSCOPE_141,13,male,CS,imidacloprid,02/07/2021,ZT0,500,0
2021-07-13,ETHOSCOPE_141,14,male,CS,imidacloprid,02/07/2021,ZT0,500,0
2021-07-13,ETHOSCOPE_141,15,male,CS,imidacloprid,02/07/2021,ZT0,500,0
2021-07-13,ETHOSCOPE_141,16,male,CS,imidacloprid,02/07/2021,ZT0,500,0
2021-07-13,ETHOSCOPE_141,17,male,CS,imidacloprid,02/07/2021,ZT0,500,0
2021-07-13,ETHOSCOPE_141,18,male,CS,imidacloprid,02/07/2021,ZT0,500,0
2021-07-13,ETHOSCOPE_141,19,male,CS,imidacloprid,02/07/2021,ZT0,500,0
2021-07-13,ETHOSCOPE_141,20,male,CS,imidacloprid,02/07/2021,ZT0,500,0
2021-07-13,ETHOSCOPE_141,21,male,CS,imidacloprid,02/07/2021,ZT0,500,0
2021-07-13,ETHOSCOPE_141,22,male,CS,imidacloprid,02/07/2021,ZT0,500,0
2021-07-13,ETHOSCOPE_141,23,male,CS,imidacloprid,02/07/2021,ZT0,500,0
2021-07-13,ETHOSCOPE_141,24,male,CS,imidacloprid,02/07/2021,ZT0,500,0
2021-07-13,ETHOSCOPE_252,1,male,CS,tetramethrin,02/07/2021,ZT0,100,0
2021-07-13,ETHOSCOPE_252,2,male,CS,tetramethrin,02/07/2021,ZT0,100,0
2021-07-13,ETHOSCOPE_252,3,male,CS,tetramethrin,02/07/2021,ZT0,100,0
2021-07-13,ETHOSCOPE_252,4,male,CS,tetramethrin,02/07/2021,ZT0,100,0
2021-07-13,ETHOSCOPE_252,5,male,CS,tetramethrin,02/07/2021,ZT0,100,0
2021-07-13,ETHOSCOPE_252,6,male,CS,tetramethrin,02/07/2021,ZT0,100,0
2021-07-13,ETHOSCOPE_252,7,male,CS,tetramethrin,02/07/2021,ZT0,100,0
2021-07-13,ETHOSCOPE_252,8,male,CS,tetramethrin,02/07/2021,ZT0,100,0
2021-07-13,ETHOSCOPE_252,9,male,CS,tetramethrin,02/07/2021,ZT0,100,0
2021-07-13,ETHOSCOPE_252,10,male,CS,tetramethrin,02/07/2021,ZT0,100,0
2021-07-13,ETHOSCOPE_252,11,male,CS,tetramethrin,02/07/2021,ZT0,100,0
2021-07-13,ETHOSCOPE_252,12,male,CS,tetramethrin,02/07/2021,ZT0,100,0
2021-07-13,ETHOSCOPE_252,13,male,CS,tetramethrin,02/07/2021,ZT0,100,0
2021-07-13,ETHOSCOPE_252,14,male,CS,tetramethrin,02/07/2021,ZT0,100,0
2021-07-13,ETHOSCOPE_252,15,male,CS,tetramethrin,02/07/2021,ZT0,100,0
2021-07-13,ETHOSCOPE_252,16,male,CS,tetramethrin,02/07/2021,ZT0,100,0
2021-07-13,ETHOSCOPE_252,17,male,CS,tetramethrin,02/07/2021,ZT0,100,0
2021-07-13,ETHOSCOPE_252,18,male,CS,tetramethrin,02/07/2021,ZT0,100,0
2021-07-13,ETHOSCOPE_252,19,male,CS,tetramethrin,02/07/2021,ZT0,100,0
2021-07-13,ETHOSCOPE_252,20,male,CS,tetramethrin,02/07/2021,ZT0,100,0
2021-07-13,ETHOSCOPE_252,21,male,CS,tetramethrin,02/07/2021,ZT0,100,0
2021-07-13,ETHOSCOPE_252,22,male,CS,tetramethrin,02/07/2021,ZT0,100,0
2021-07-13,ETHOSCOPE_252,23,male,CS,tetramethrin,02/07/2021,ZT0,100,0
2021-07-13,ETHOSCOPE_252,24,male,CS,tetramethrin,02/07/2021,ZT0,100,0
2021-07-13,ETHOSCOPE_151,1,male,CS,BISAM,02/07/2021,ZT0,1,0
2021-07-13,ETHOSCOPE_151,2,male,CS,BISAM,02/07/2021,ZT0,1,0
2021-07-13,ETHOSCOPE_151,3,male,CS,BISAM,02/07/2021,ZT0,1,0
2021-07-13,ETHOSCOPE_151,4,male,CS,BISAM,02/07/2021,ZT0,1,0
2021-07-13,ETHOSCOPE_151,5,male,CS,BISAM,02/07/2021,ZT0,1,0
2021-07-13,ETHOSCOPE_151,6,male,CS,BISAM,02/07/2021,ZT0,1,0
2021-07-13,ETHOSCOPE_151,7,male,CS,BISAM,02/07/2021,ZT0,1,0
2021-07-13,ETHOSCOPE_151,8,male,CS,BISAM,02/07/2021,ZT0,1,0
2021-07-13,ETHOSCOPE_151,9,male,CS,BISAM,02/07/2021,ZT0,1,0
2021-07-13,ETHOSCOPE_151,10,male,CS,BISAM,02/07/2021,ZT0,1,0
2021-07-13,ETHOSCOPE_151,11,male,CS,BISAM,02/07/2021,ZT0,1,0
2021-07-13,ETHOSCOPE_151,12,male,CS,BISAM,02/07/2021,ZT0,1,0
2021-07-13,ETHOSCOPE_151,13,male,CS,BISAM,02/07/2021,ZT0,1,0
2021-07-13,ETHOSCOPE_151,14,male,CS,BISAM,02/07/2021,ZT0,1,0
2021-07-13,ETHOSCOPE_151,15,male,CS,BISAM,02/07/2021,ZT0,1,0
2021-07-13,ETHOSCOPE_151,16,male,CS,BISAM,02/07/2021,ZT0,1,0
2021-07-13,ETHOSCOPE_151,17,male,CS,BISAM,02/07/2021,ZT0,1,0
2021-07-13,ETHOSCOPE_151,18,male,CS,BISAM,02/07/2021,ZT0,1,0
2021-07-13,ETHOSCOPE_151,19,male,CS,BISAM,02/07/2021,ZT0,1,0
2021-07-13,ETHOSCOPE_151,20,male,CS,BISAM,02/07/2021,ZT0,1,0
2021-07-13,ETHOSCOPE_151,21,male,CS,BISAM,02/07/2021,ZT0,1,0
2021-07-13,ETHOSCOPE_151,22,male,CS,BISAM,02/07/2021,ZT0,1,0
2021-07-13,ETHOSCOPE_151,23,male,CS,BISAM,02/07/2021,ZT0,1,0
2021-07-13,ETHOSCOPE_151,24,male,CS,BISAM,02/07/2021,ZT0,1,0
2021-07-13,ETHOSCOPE_147,1,male,CS,cyantraniliprole,02/07/2021,ZT0,100,0
2021-07-13,ETHOSCOPE_147,2,male,CS,cyantraniliprole,02/07/2021,ZT0,100,0
2021-07-13,ETHOSCOPE_147,3,male,CS,cyantraniliprole,02/07/2021,ZT0,100,0
2021-07-13,ETHOSCOPE_147,4,male,CS,cyantraniliprole,02/07/2021,ZT0,100,0
2021-07-13,ETHOSCOPE_147,5,male,CS,cyantraniliprole,02/07/2021,ZT0,100,0
2021-07-13,ETHOSCOPE_147,6,male,CS,cyantraniliprole,02/07/2021,ZT0,100,0
2021-07-13,ETHOSCOPE_147,7,male,CS,cyantraniliprole,02/07/2021,ZT0,100,0
2021-07-13,ETHOSCOPE_147,8,male,CS,cyantraniliprole,02/07/2021,ZT0,100,0
2021-07-13,ETHOSCOPE_147,9,male,CS,cyantraniliprole,02/07/2021,ZT0,100,0
2021-07-13,ETHOSCOPE_147,10,male,CS,cyantraniliprole,02/07/2021,ZT0,100,0
2021-07-13,ETHOSCOPE_147,11,male,CS,cyantraniliprole,02/07/2021,ZT0,100,0
2021-07-13,ETHOSCOPE_147,12,male,CS,cyantraniliprole,02/07/2021,ZT0,100,0
2021-07-13,ETHOSCOPE_147,13,male,CS,cyantraniliprole,02/07/2021,ZT0,100,0
2021-07-13,ETHOSCOPE_147,14,male,CS,cyantraniliprole,02/07/2021,ZT0,100,0
2021-07-13,ETHOSCOPE_147,15,male,CS,cyantraniliprole,02/07/2021,ZT0,100,0
2021-07-13,ETHOSCOPE_147,16,male,CS,cyantraniliprole,02/07/2021,ZT0,100,0
2021-07-13,ETHOSCOPE_147,17,male,CS,cyantraniliprole,02/07/2021,ZT0,100,0
2021-07-13,ETHOSCOPE_147,18,male,CS,cyantraniliprole,02/07/2021,ZT0,100,0
2021-07-13,ETHOSCOPE_147,19,male,CS,cyantraniliprole,02/07/2021,ZT0,100,0
2021-07-13,ETHOSCOPE_147,20,male,CS,cyantraniliprole,02/07/2021,ZT0,100,0
2021-07-13,ETHOSCOPE_147,21,male,CS,cyantraniliprole,02/07/2021,ZT0,100,0
2021-07-13,ETHOSCOPE_147,22,male,CS,cyantraniliprole,02/07/2021,ZT0,100,0
2021-07-13,ETHOSCOPE_147,23,male,CS,cyantraniliprole,02/07/2021,ZT0,100,0
2021-07-13,ETHOSCOPE_147,24,male,CS,cyantraniliprole,02/07/2021,ZT0,100,0
2021-07-13,ETHOSCOPE_148,1,male,CS,cyantraniliprole,02/07/2021,ZT0,1,0
2021-07-13,ETHOSCOPE_148,2,male,CS,cyantraniliprole,02/07/2021,ZT0,1,0
2021-07-13,ETHOSCOPE_148,3,male,CS,cyantraniliprole,02/07/2021,ZT0,1,0
2021-07-13,ETHOSCOPE_148,4,male,CS,cyantraniliprole,02/07/2021,ZT0,1,0
2021-07-13,ETHOSCOPE_148,5,male,CS,cyantraniliprole,02/07/2021,ZT0,1,0
2021-07-13,ETHOSCOPE_148,6,male,CS,cyantraniliprole,02/07/2021,ZT0,1,0
2021-07-13,ETHOSCOPE_148,7,male,CS,cyantraniliprole,02/07/2021,ZT0,1,0
2021-07-13,ETHOSCOPE_148,8,male,CS,cyantraniliprole,02/07/2021,ZT0,1,0
2021-07-13,ETHOSCOPE_148,9,male,CS,cyantraniliprole,02/07/2021,ZT0,1,0
2021-07-13,ETHOSCOPE_148,10,male,CS,cyantraniliprole,02/07/2021,ZT0,1,0
2021-07-13,ETHOSCOPE_148,11,male,CS,cyantraniliprole,02/07/2021,ZT0,1,0
2021-07-13,ETHOSCOPE_148,12,male,CS,cyantraniliprole,02/07/2021,ZT0,1,0
2021-07-13,ETHOSCOPE_148,13,male,CS,cyantraniliprole,02/07/2021,ZT0,1,0
2021-07-13,ETHOSCOPE_148,14,male,CS,cyantraniliprole,02/07/2021,ZT0,1,0
2021-07-13,ETHOSCOPE_148,15,male,CS,cyantraniliprole,02/07/2021,ZT0,1,0
2021-07-13,ETHOSCOPE_148,16,male,CS,cyantraniliprole,02/07/2021,ZT0,1,0
2021-07-13,ETHOSCOPE_148,17,male,CS,cyantraniliprole,02/07/2021,ZT0,1,0
2021-07-13,ETHOSCOPE_148,18,male,CS,cyantraniliprole,02/07/2021,ZT0,1,0
2021-07-13,ETHOSCOPE_148,19,male,CS,cyantraniliprole,02/07/2021,ZT0,1,0
2021-07-13,ETHOSCOPE_148,20,male,CS,cyantraniliprole,02/07/2021,ZT0,1,0
2021-07-13,ETHOSCOPE_148,21,male,CS,cyantraniliprole,02/07/2021,ZT0,1,0
2021-07-13,ETHOSCOPE_148,22,male,CS,cyantraniliprole,02/07/2021,ZT0,1,0
2021-07-13,ETHOSCOPE_148,23,male,CS,cyantraniliprole,02/07/2021,ZT0,1,0
2021-07-13,ETHOSCOPE_148,24,male,CS,cyantraniliprole,02/07/2021,ZT0,1,0
2021-07-15,ETHOSCOPE_249,1,male,CS,imidacloprid,02/07/2021,ZT0,500,0
2021-07-15,ETHOSCOPE_249,2,male,CS,imidacloprid,02/07/2021,ZT0,500,0
2021-07-15,ETHOSCOPE_249,3,male,CS,imidacloprid,02/07/2021,ZT0,500,0
2021-07-15,ETHOSCOPE_249,4,male,CS,imidacloprid,02/07/2021,ZT0,500,0
2021-07-15,ETHOSCOPE_249,5,male,CS,imidacloprid,02/07/2021,ZT0,500,0
2021-07-15,ETHOSCOPE_249,6,male,CS,imidacloprid,02/07/2021,ZT0,500,0
2021-07-15,ETHOSCOPE_249,7,male,CS,imidacloprid,02/07/2021,ZT0,500,0
2021-07-15,ETHOSCOPE_249,8,male,CS,imidacloprid,02/07/2021,ZT0,500,0
2021-07-15,ETHOSCOPE_249,9,male,CS,imidacloprid,02/07/2021,ZT0,500,0
2021-07-15,ETHOSCOPE_249,10,male,CS,imidacloprid,02/07/2021,ZT0,500,0
2021-07-15,ETHOSCOPE_249,11,male,CS,imidacloprid,02/07/2021,ZT0,500,0
2021-07-15,ETHOSCOPE_249,12,male,CS,imidacloprid,02/07/2021,ZT0,500,0
2021-07-15,ETHOSCOPE_249,13,male,CS,imidacloprid,02/07/2021,ZT0,500,0
2021-07-15,ETHOSCOPE_249,14,male,CS,imidacloprid,02/07/2021,ZT0,500,0
2021-07-15,ETHOSCOPE_249,15,male,CS,imidacloprid,02/07/2021,ZT0,500,0
2021-07-15,ETHOSCOPE_249,16,male,CS,imidacloprid,02/07/2021,ZT0,500,0
2021-07-15,ETHOSCOPE_249,17,male,CS,imidacloprid,02/07/2021,ZT0,500,0
2021-07-15,ETHOSCOPE_249,18,male,CS,imidacloprid,02/07/2021,ZT0,500,0
2021-07-15,ETHOSCOPE_249,19,male,CS,imidacloprid,02/07/2021,ZT0,500,0
2021-07-15,ETHOSCOPE_249,20,male,CS,imidacloprid,02/07/2021,ZT0,500,0
2021-07-15,ETHOSCOPE_249,21,male,CS,imidacloprid,02/07/2021,ZT0,500,0
2021-07-15,ETHOSCOPE_249,22,male,CS,imidacloprid,02/07/2021,ZT0,500,0
2021-07-15,ETHOSCOPE_249,23,male,CS,imidacloprid,02/07/2021,ZT0,500,0
2021-07-15,ETHOSCOPE_249,24,male,CS,imidacloprid,02/07/2021,ZT0,500,0
2021-07-15,ETHOSCOPE_257,1,male,CS,tetramethrin,02/07/2021,ZT0,100,0
2021-07-15,ETHOSCOPE_257,2,male,CS,tetramethrin,02/07/2021,ZT0,100,0
2021-07-15,ETHOSCOPE_257,3,male,CS,tetramethrin,02/07/2021,ZT0,100,0
2021-07-15,ETHOSCOPE_257,4,male,CS,tetramethrin,02/07/2021,ZT0,100,0
2021-07-15,ETHOSCOPE_257,5,male,CS,tetramethrin,02/07/2021,ZT0,100,0
2021-07-15,ETHOSCOPE_257,6,male,CS,tetramethrin,02/07/2021,ZT0,100,0
2021-07-15,ETHOSCOPE_257,7,male,CS,tetramethrin,02/07/2021,ZT0,100,0
2021-07-15,ETHOSCOPE_257,8,male,CS,tetramethrin,02/07/2021,ZT0,100,0
2021-07-15,ETHOSCOPE_257,9,male,CS,tetramethrin,02/07/2021,ZT0,100,0
2021-07-15,ETHOSCOPE_257,10,male,CS,tetramethrin,02/07/2021,ZT0,100,0
2021-07-15,ETHOSCOPE_257,11,male,CS,tetramethrin,02/07/2021,ZT0,100,0
2021-07-15,ETHOSCOPE_257,12,male,CS,tetramethrin,02/07/2021,ZT0,100,0
2021-07-15,ETHOSCOPE_257,13,male,CS,tetramethrin,02/07/2021,ZT0,100,0
2021-07-15,ETHOSCOPE_257,14,male,CS,tetramethrin,02/07/2021,ZT0,100,0
2021-07-15,ETHOSCOPE_257,15,male,CS,tetramethrin,02/07/2021,ZT0,100,0
2021-07-15,ETHOSCOPE_257,16,male,CS,tetramethrin,02/07/2021,ZT0,100,0
2021-07-15,ETHOSCOPE_257,17,male,CS,tetramethrin,02/07/2021,ZT0,100,0
2021-07-15,ETHOSCOPE_257,18,male,CS,tetramethrin,02/07/2021,ZT0,100,0
2021-07-15,ETHOSCOPE_257,19,male,CS,tetramethrin,02/07/2021,ZT0,100,0
2021-07-15,ETHOSCOPE_257,20,male,CS,tetramethrin,02/07/2021,ZT0,100,0
2021-07-15,ETHOSCOPE_257,21,male,CS,tetramethrin,02/07/2021,ZT0,100,0
2021-07-15,ETHOSCOPE_257,22,male,CS,tetramethrin,02/07/2021,ZT0,100,0
2021-07-15,ETHOSCOPE_257,23,male,CS,tetramethrin,02/07/2021,ZT0,100,0
2021-07-15,ETHOSCOPE_257,24,male,CS,tetramethrin,02/07/2021,ZT0,100,0
2021-07-15,ETHOSCOPE_261,1,male,CS,BISAM,02/07/2021,ZT0,1,0
2021-07-15,ETHOSCOPE_261,2,male,CS,BISAM,02/07/2021,ZT0,1,0
2021-07-15,ETHOSCOPE_261,3,male,CS,BISAM,02/07/2021,ZT0,1,0
2021-07-15,ETHOSCOPE_261,4,male,CS,BISAM,02/07/2021,ZT0,1,0
2021-07-15,ETHOSCOPE_261,5,male,CS,BISAM,02/07/2021,ZT0,1,0
2021-07-15,ETHOSCOPE_261,6,male,CS,BISAM,02/07/2021,ZT0,1,0
2021-07-15,ETHOSCOPE_261,7,male,CS,BISAM,02/07/2021,ZT0,1,0
2021-07-15,ETHOSCOPE_261,8,male,CS,BISAM,02/07/2021,ZT0,1,0
2021-07-15,ETHOSCOPE_261,9,male,CS,BISAM,02/07/2021,ZT0,1,0
2021-07-15,ETHOSCOPE_261,10,male,CS,BISAM,02/07/2021,ZT0,1,0
2021-07-15,ETHOSCOPE_261,11,male,CS,BISAM,02/07/2021,ZT0,1,0
2021-07-15,ETHOSCOPE_261,12,male,CS,BISAM,02/07/2021,ZT0,1,0
2021-07-15,ETHOSCOPE_261,13,male,CS,BISAM,02/07/2021,ZT0,1,0
2021-07-15,ETHOSCOPE_261,14,male,CS,BISAM,02/07/2021,ZT0,1,0
2021-07-15,ETHOSCOPE_261,15,male,CS,BISAM,02/07/2021,ZT0,1,0
2021-07-15,ETHOSCOPE_261,16,male,CS,BISAM,02/07/2021,ZT0,1,0
2021-07-15,ETHOSCOPE_261,17,male,CS,BISAM,02/07/2021,ZT0,1,0
2021-07-15,ETHOSCOPE_261,18,male,CS,BISAM,02/07/2021,ZT0,1,0
2021-07-15,ETHOSCOPE_261,19,male,CS,BISAM,02/07/2021,ZT0,1,0
2021-07-15,ETHOSCOPE_261,20,male,CS,BISAM,02/07/2021,ZT0,1,0
2021-07-15,ETHOSCOPE_261,21,male,CS,BISAM,02/07/2021,ZT0,1,0
2021-07-15,ETHOSCOPE_261,22,male,CS,BISAM,02/07/2021,ZT0,1,0
2021-07-15,ETHOSCOPE_261,23,male,CS,BISAM,02/07/2021,ZT0,1,0
2021-07-15,ETHOSCOPE_261,24,male,CS,BISAM,02/07/2021,ZT0,1,0
2021-07-15,ETHOSCOPE_217,1,male,CS,cyantraniliprole,02/07/2021,ZT0,100,0
2021-07-15,ETHOSCOPE_217,2,male,CS,cyantraniliprole,02/07/2021,ZT0,100,0
2021-07-15,ETHOSCOPE_217,3,male,CS,cyantraniliprole,02/07/2021,ZT0,100,0
2021-07-15,ETHOSCOPE_217,4,male,CS,cyantraniliprole,02/07/2021,ZT0,100,0
2021-07-15,ETHOSCOPE_217,5,male,CS,cyantraniliprole,02/07/2021,ZT0,100,0
2021-07-15,ETHOSCOPE_217,6,male,CS,cyantraniliprole,02/07/2021,ZT0,100,0
2021-07-15,ETHOSCOPE_217,7,male,CS,cyantraniliprole,02/07/2021,ZT0,100,0
2021-07-15,ETHOSCOPE_217,8,male,CS,cyantraniliprole,02/07/2021,ZT0,100,0
2021-07-15,ETHOSCOPE_217,9,male,CS,cyantraniliprole,02/07/2021,ZT0,100,0
2021-07-15,ETHOSCOPE_217,10,male,CS,cyantraniliprole,02/07/2021,ZT0,100,0
2021-07-15,ETHOSCOPE_217,11,male,CS,cyantraniliprole,02/07/2021,ZT0,100,0
2021-07-15,ETHOSCOPE_217,12,male,CS,cyantraniliprole,02/07/2021,ZT0,100,0
2021-07-15,ETHOSCOPE_217,13,male,CS,cyantraniliprole,02/07/2021,ZT0,100,0
2021-07-15,ETHOSCOPE_217,14,male,CS,cyantraniliprole,02/07/2021,ZT0,100,0
2021-07-15,ETHOSCOPE_217,15,male,CS,cyantraniliprole,02/07/2021,ZT0,100,0
2021-07-15,ETHOSCOPE_217,16,male,CS,cyantraniliprole,02/07/2021,ZT0,100,0
2021-07-15,ETHOSCOPE_217,17,male,CS,cyantraniliprole,02/07/2021,ZT0,100,0
2021-07-15,ETHOSCOPE_217,18,male,CS,cyantraniliprole,02/07/2021,ZT0,100,0
2021-07-15,ETHOSCOPE_217,19,male,CS,cyantraniliprole,02/07/2021,ZT0,100,0
2021-07-15,ETHOSCOPE_217,20,male,CS,cyantraniliprole,02/07/2021,ZT0,100,0
2021-07-15,ETHOSCOPE_217,21,male,CS,cyantraniliprole,02/07/2021,ZT0,100,0
2021-07-15,ETHOSCOPE_217,22,male,CS,cyantraniliprole,02/07/2021,ZT0,100,0
2021-07-15,ETHOSCOPE_217,23,male,CS,cyantraniliprole,02/07/2021,ZT0,100,0
2021-07-15,ETHOSCOPE_217,24,male,CS,cyantraniliprole,02/07/2021,ZT0,100,0
2021-07-16,ETHOSCOPE_141,1,male,CS,cyantraniliprole,05/07/2021,ZT0,100,0
2021-07-16,ETHOSCOPE_141,2,male,CS,cyantraniliprole,05/07/2021,ZT0,100,0
2021-07-16,ETHOSCOPE_141,3,male,CS,cyantraniliprole,05/07/2021,ZT0,100,0
2021-07-16,ETHOSCOPE_141,4,male,CS,cyantraniliprole,05/07/2021,ZT0,100,0
2021-07-16,ETHOSCOPE_141,5,male,CS,cyantraniliprole,05/07/2021,ZT0,100,0
2021-07-16,ETHOSCOPE_141,6,male,CS,cyantraniliprole,05/07/2021,ZT0,100,0
2021-07-16,ETHOSCOPE_141,7,male,CS,cyantraniliprole,05/07/2021,ZT0,100,0
2021-07-16,ETHOSCOPE_141,8,male,CS,cyantraniliprole,05/07/2021,ZT0,100,0
2021-07-16,ETHOSCOPE_141,9,male,CS,cyantraniliprole,05/07/2021,ZT0,100,0
2021-07-16,ETHOSCOPE_141,10,male,CS,cyantraniliprole,05/07/2021,ZT0,100,0
2021-07-16,ETHOSCOPE_141,11,male,CS,cyantraniliprole,05/07/2021,ZT0,100,0
2021-07-16,ETHOSCOPE_141,12,male,CS,cyantraniliprole,05/07/2021,ZT0,100,0
2021-07-16,ETHOSCOPE_141,13,male,CS,cyantraniliprole,05/07/2021,ZT0,100,0
2021-07-16,ETHOSCOPE_141,14,male,CS,cyantraniliprole,05/07/2021,ZT0,100,0
2021-07-16,ETHOSCOPE_141,15,male,CS,cyantraniliprole,05/07/2021,ZT0,100,0
2021-07-16,ETHOSCOPE_141,16,male,CS,cyantraniliprole,05/07/2021,ZT0,100,0
2021-07-16,ETHOSCOPE_141,17,male,CS,cyantraniliprole,05/07/2021,ZT0,100,0
2021-07-16,ETHOSCOPE_141,18,male,CS,cyantraniliprole,05/07/2021,ZT0,100,0
2021-07-16,ETHOSCOPE_141,19,male,CS,cyantraniliprole,05/07/2021,ZT0,100,0
2021-07-16,ETHOSCOPE_141,20,male,CS,cyantraniliprole,05/07/2021,ZT0,100,0
2021-07-16,ETHOSCOPE_141,21,male,CS,cyantraniliprole,05/07/2021,ZT0,100,0
2021-07-16,ETHOSCOPE_141,22,male,CS,cyantraniliprole,05/07/2021,ZT0,100,0
2021-07-16,ETHOSCOPE_141,23,male,CS,cyantraniliprole,05/07/2021,ZT0,100,0
2021-07-16,ETHOSCOPE_141,24,male,CS,cyantraniliprole,05/07/2021,ZT0,100,0
2021-07-16,ETHOSCOPE_252,1,male,CS,tetramethrin,05/07/2021,ZT0,100,0
2021-07-16,ETHOSCOPE_252,2,male,CS,tetramethrin,05/07/2021,ZT0,100,0
2021-07-16,ETHOSCOPE_252,3,male,CS,tetramethrin,05/07/2021,ZT0,100,0
2021-07-16,ETHOSCOPE_252,4,male,CS,tetramethrin,05/07/2021,ZT0,100,0
2021-07-16,ETHOSCOPE_252,5,male,CS,tetramethrin,05/07/2021,ZT0,100,0
2021-07-16,ETHOSCOPE_252,6,male,CS,tetramethrin,05/07/2021,ZT0,100,0
2021-07-16,ETHOSCOPE_252,7,male,CS,tetramethrin,05/07/2021,ZT0,100,0
2021-07-16,ETHOSCOPE_252,8,male,CS,tetramethrin,05/07/2021,ZT0,100,0
2021-07-16,ETHOSCOPE_252,9,male,CS,tetramethrin,05/07/2021,ZT0,100,0
2021-07-16,ETHOSCOPE_252,10,male,CS,tetramethrin,05/07/2021,ZT0,100,0
2021-07-16,ETHOSCOPE_252,11,male,CS,tetramethrin,05/07/2021,ZT0,100,0
2021-07-16,ETHOSCOPE_252,12,male,CS,tetramethrin,05/07/2021,ZT0,100,0
2021-07-16,ETHOSCOPE_252,13,male,CS,tetramethrin,05/07/2021,ZT0,100,0
2021-07-16,ETHOSCOPE_252,14,male,CS,tetramethrin,05/07/2021,ZT0,100,0
2021-07-16,ETHOSCOPE_252,15,male,CS,tetramethrin,05/07/2021,ZT0,100,0
2021-07-16,ETHOSCOPE_252,16,male,CS,tetramethrin,05/07/2021,ZT0,100,0
2021-07-16,ETHOSCOPE_252,17,male,CS,tetramethrin,05/07/2021,ZT0,100,0
2021-07-16,ETHOSCOPE_252,18,male,CS,tetramethrin,05/07/2021,ZT0,100,0
2021-07-16,ETHOSCOPE_252,19,male,CS,tetramethrin,05/07/2021,ZT0,100,0
2021-07-16,ETHOSCOPE_252,20,male,CS,tetramethrin,05/07/2021,ZT0,100,0
2021-07-16,ETHOSCOPE_252,21,male,CS,tetramethrin,05/07/2021,ZT0,100,0
2021-07-16,ETHOSCOPE_252,22,male,CS,tetramethrin,05/07/2021,ZT0,100,0
2021-07-16,ETHOSCOPE_252,23,male,CS,tetramethrin,05/07/2021,ZT0,100,0
2021-07-16,ETHOSCOPE_252,24,male,CS,tetramethrin,05/07/2021,ZT0,100,0
2021-07-16,ETHOSCOPE_151,1,male,CS,BISAM,05/07/2021,ZT0,1,0
2021-07-16,ETHOSCOPE_151,2,male,CS,BISAM,05/07/2021,ZT0,1,0
2021-07-16,ETHOSCOPE_151,3,male,CS,BISAM,05/07/2021,ZT0,1,0
2021-07-16,ETHOSCOPE_151,4,male,CS,BISAM,05/07/2021,ZT0,1,0
2021-07-16,ETHOSCOPE_151,5,male,CS,BISAM,05/07/2021,ZT0,1,0
2021-07-16,ETHOSCOPE_151,6,male,CS,BISAM,05/07/2021,ZT0,1,0
2021-07-16,ETHOSCOPE_151,7,male,CS,BISAM,05/07/2021,ZT0,1,0
2021-07-16,ETHOSCOPE_151,8,male,CS,BISAM,05/07/2021,ZT0,1,0
2021-07-16,ETHOSCOPE_151,9,male,CS,BISAM,05/07/2021,ZT0,1,0
2021-07-16,ETHOSCOPE_151,10,male,CS,BISAM,05/07/2021,ZT0,1,0
2021-07-16,ETHOSCOPE_151,11,male,CS,BISAM,05/07/2021,ZT0,1,0
2021-07-16,ETHOSCOPE_151,12,male,CS,BISAM,05/07/2021,ZT0,1,0
2021-07-16,ETHOSCOPE_151,13,male,CS,BISAM,05/07/2021,ZT0,1,0
2021-07-16,ETHOSCOPE_151,14,male,CS,BISAM,05/07/2021,ZT0,1,0
2021-07-16,ETHOSCOPE_151,15,male,CS,BISAM,05/07/2021,ZT0,1,0
2021-07-16,ETHOSCOPE_151,16,male,CS,BISAM,05/07/2021,ZT0,1,0
2021-07-16,ETHOSCOPE_151,17,male,CS,BISAM,05/07/2021,ZT0,1,0
2021-07-16,ETHOSCOPE_151,18,male,CS,BISAM,05/07/2021,ZT0,1,0
2021-07-16,ETHOSCOPE_151,19,male,CS,BISAM,05/07/2021,ZT0,1,0
2021-07-16,ETHOSCOPE_151,20,male,CS,BISAM,05/07/2021,ZT0,1,0
2021-07-16,ETHOSCOPE_151,21,male,CS,BISAM,05/07/2021,ZT0,1,0
2021-07-16,ETHOSCOPE_151,22,male,CS,BISAM,05/07/2021,ZT0,1,0
2021-07-16,ETHOSCOPE_151,23,male,CS,BISAM,05/07/2021,ZT0,1,0
2021-07-16,ETHOSCOPE_151,24,male,CS,BISAM,05/07/2021,ZT0,1,0
2021-07-19,ETHOSCOPE_147,1,male,CS,cyantraniliprole,07/07/2021,ZT0,1,0
2021-07-19,ETHOSCOPE_147,2,male,CS,cyantraniliprole,07/07/2021,ZT0,1,0
2021-07-19,ETHOSCOPE_147,3,male,CS,cyantraniliprole,07/07/2021,ZT0,1,0
2021-07-19,ETHOSCOPE_147,4,male,CS,cyantraniliprole,07/07/2021,ZT0,1,0
2021-07-19,ETHOSCOPE_147,5,male,CS,cyantraniliprole,07/07/2021,ZT0,1,0
2021-07-19,ETHOSCOPE_147,6,male,CS,cyantraniliprole,07/07/2021,ZT0,1,0
2021-07-19,ETHOSCOPE_147,7,male,CS,cyantraniliprole,07/07/2021,ZT0,1,0
2021-07-19,ETHOSCOPE_147,8,male,CS,cyantraniliprole,07/07/2021,ZT0,1,0
2021-07-19,ETHOSCOPE_147,9,male,CS,cyantraniliprole,07/07/2021,ZT0,1,0
2021-07-19,ETHOSCOPE_147,10,male,CS,cyantraniliprole,07/07/2021,ZT0,1,0
2021-07-19,ETHOSCOPE_147,11,male,CS,cyantraniliprole,07/07/2021,ZT0,1,0
2021-07-19,ETHOSCOPE_147,12,male,CS,cyantraniliprole,07/07/2021,ZT0,1,0
2021-07-19,ETHOSCOPE_147,13,male,CS,cyantraniliprole,07/07/2021,ZT0,1,0
2021-07-19,ETHOSCOPE_147,14,male,CS,cyantraniliprole,07/07/2021,ZT0,1,0
2021-07-19,ETHOSCOPE_147,15,male,CS,cyantraniliprole,07/07/2021,ZT0,1,0
2021-07-19,ETHOSCOPE_147,16,male,CS,cyantraniliprole,07/07/2021,ZT0,1,0
2021-07-19,ETHOSCOPE_147,17,male,CS,cyantraniliprole,07/07/2021,ZT0,1,0
2021-07-19,ETHOSCOPE_147,18,male,CS,cyantraniliprole,07/07/2021,ZT0,1,0
2021-07-19,ETHOSCOPE_147,19,male,CS,cyantraniliprole,07/07/2021,ZT0,1,0
2021-07-19,ETHOSCOPE_147,20,male,CS,cyantraniliprole,07/07/2021,ZT0,1,0
2021-07-19,ETHOSCOPE_147,21,male,CS,cyantraniliprole,07/07/2021,ZT0,1,0
2021-07-19,ETHOSCOPE_147,22,male,CS,cyantraniliprole,07/07/2021,ZT0,1,0
2021-07-19,ETHOSCOPE_147,23,male,CS,cyantraniliprole,07/07/2021,ZT0,1,0
2021-07-19,ETHOSCOPE_147,24,male,CS,cyantraniliprole,07/07/2021,ZT0,1,0
2021-07-19,ETHOSCOPE_148,1,male,CS,tetramethrin,07/07/2021,ZT0,1,0
2021-07-19,ETHOSCOPE_148,2,male,CS,tetramethrin,07/07/2021,ZT0,1,0
2021-07-19,ETHOSCOPE_148,3,male,CS,tetramethrin,07/07/2021,ZT0,1,0
2021-07-19,ETHOSCOPE_148,4,male,CS,tetramethrin,07/07/2021,ZT0,1,0
2021-07-19,ETHOSCOPE_148,5,male,CS,tetramethrin,07/07/2021,ZT0,1,0
2021-07-19,ETHOSCOPE_148,6,male,CS,tetramethrin,07/07/2021,ZT0,1,0
2021-07-19,ETHOSCOPE_148,7,male,CS,tetramethrin,07/07/2021,ZT0,1,0
2021-07-19,ETHOSCOPE_148,8,male,CS,tetramethrin,07/07/2021,ZT0,1,0
2021-07-19,ETHOSCOPE_148,9,male,CS,tetramethrin,07/07/2021,ZT0,1,0
2021-07-19,ETHOSCOPE_148,10,male,CS,tetramethrin,07/07/2021,ZT0,1,0
2021-07-19,ETHOSCOPE_148,11,male,CS,tetramethrin,07/07/2021,ZT0,1,0
2021-07-19,ETHOSCOPE_148,12,male,CS,tetramethrin,07/07/2021,ZT0,1,0
2021-07-19,ETHOSCOPE_148,13,male,CS,tetramethrin,07/07/2021,ZT0,1,0
2021-07-19,ETHOSCOPE_148,14,male,CS,tetramethrin,07/07/2021,ZT0,1,0
2021-07-19,ETHOSCOPE_148,15,male,CS,tetramethrin,07/07/2021,ZT0,1,0
2021-07-19,ETHOSCOPE_148,16,male,CS,tetramethrin,07/07/2021,ZT0,1,0
2021-07-19,ETHOSCOPE_148,17,male,CS,tetramethrin,07/07/2021,ZT0,1,0
2021-07-19,ETHOSCOPE_148,18,male,CS,tetramethrin,07/07/2021,ZT0,1,0
2021-07-19,ETHOSCOPE_148,19,male,CS,tetramethrin,07/07/2021,ZT0,1,0
2021-07-19,ETHOSCOPE_148,20,male,CS,tetramethrin,07/07/2021,ZT0,1,0
2021-07-19,ETHOSCOPE_148,21,male,CS,tetramethrin,07/07/2021,ZT0,1,0
2021-07-19,ETHOSCOPE_148,22,male,CS,tetramethrin,07/07/2021,ZT0,1,0
2021-07-19,ETHOSCOPE_148,23,male,CS,tetramethrin,07/07/2021,ZT0,1,0
2021-07-19,ETHOSCOPE_148,24,male,CS,tetramethrin,07/07/2021,ZT0,1,0
2021-06-21,ETHOSCOPE_139,1,male,CS,abamectin,09/06/2021,ZT0,100,0
2021-06-21,ETHOSCOPE_139,2,male,CS,abamectin,09/06/2021,ZT0,100,0
2021-06-21,ETHOSCOPE_139,3,male,CS,abamectin,09/06/2021,ZT0,100,0
2021-06-21,ETHOSCOPE_139,4,male,CS,abamectin,09/06/2021,ZT0,100,0
2021-06-21,ETHOSCOPE_139,5,male,CS,abamectin,09/06/2021,ZT0,100,0
2021-06-21,ETHOSCOPE_139,6,male,CS,abamectin,09/06/2021,ZT0,100,0
2021-06-21,ETHOSCOPE_139,7,male,CS,abamectin,09/06/2021,ZT0,100,0
2021-06-21,ETHOSCOPE_139,8,male,CS,abamectin,09/06/2021,ZT0,100,0
2021-06-21,ETHOSCOPE_139,9,male,CS,abamectin,09/06/2021,ZT0,100,0
2021-06-21,ETHOSCOPE_139,10,male,CS,abamectin,09/06/2021,ZT0,100,0
2021-06-21,ETHOSCOPE_139,11,male,CS,abamectin,09/06/2021,ZT0,100,0
2021-06-21,ETHOSCOPE_139,12,male,CS,abamectin,09/06/2021,ZT0,100,0
2021-06-21,ETHOSCOPE_139,13,male,CS,abamectin,09/06/2021,ZT0,100,0
2021-06-21,ETHOSCOPE_139,14,male,CS,abamectin,09/06/2021,ZT0,100,0
2021-06-21,ETHOSCOPE_139,15,male,CS,abamectin,09/06/2021,ZT0,100,0
2021-06-21,ETHOSCOPE_139,16,male,CS,abamectin,09/06/2021,ZT0,100,0
2021-06-21,ETHOSCOPE_139,17,male,CS,abamectin,09/06/2021,ZT0,100,0
2021-06-21,ETHOSCOPE_139,18,male,CS,abamectin,09/06/2021,ZT0,100,0
2021-06-21,ETHOSCOPE_139,19,male,CS,abamectin,09/06/2021,ZT0,100,0
2021-06-21,ETHOSCOPE_139,20,male,CS,abamectin,09/06/2021,ZT0,100,0
2021-06-21,ETHOSCOPE_139,21,male,CS,abamectin,09/06/2021,ZT0,100,0
2021-06-21,ETHOSCOPE_139,22,male,CS,abamectin,09/06/2021,ZT0,100,0
2021-06-21,ETHOSCOPE_139,23,male,CS,abamectin,09/06/2021,ZT0,100,0
2021-06-21,ETHOSCOPE_139,24,male,CS,abamectin,09/06/2021,ZT0,100,0
2021-06-21,ETHOSCOPE_108,1,male,CS,spirindoline,09/06/2021,ZT0,1,0
2021-06-21,ETHOSCOPE_108,2,male,CS,spirindoline,09/06/2021,ZT0,1,0
2021-06-21,ETHOSCOPE_108,3,male,CS,spirindoline,09/06/2021,ZT0,1,0
2021-06-21,ETHOSCOPE_108,4,male,CS,spirindoline,09/06/2021,ZT0,1,0
2021-06-21,ETHOSCOPE_108,5,male,CS,spirindoline,09/06/2021,ZT0,1,0
2021-06-21,ETHOSCOPE_108,6,male,CS,spirindoline,09/06/2021,ZT0,1,0
2021-06-21,ETHOSCOPE_108,7,male,CS,spirindoline,09/06/2021,ZT0,1,0
2021-06-21,ETHOSCOPE_108,8,male,CS,spirindoline,09/06/2021,ZT0,1,0
2021-06-21,ETHOSCOPE_108,9,male,CS,spirindoline,09/06/2021,ZT0,1,0
2021-06-21,ETHOSCOPE_108,10,male,CS,spirindoline,09/06/2021,ZT0,1,0
2021-06-21,ETHOSCOPE_108,11,male,CS,spirindoline,09/06/2021,ZT0,1,0
2021-06-21,ETHOSCOPE_108,12,male,CS,spirindoline,09/06/2021,ZT0,1,0
2021-06-21,ETHOSCOPE_108,13,male,CS,spirindoline,09/06/2021,ZT0,1,0
2021-06-21,ETHOSCOPE_108,14,male,CS,spirindoline,09/06/2021,ZT0,1,0
2021-06-21,ETHOSCOPE_108,15,male,CS,spirindoline,09/06/2021,ZT0,1,0
2021-06-21,ETHOSCOPE_108,16,male,CS,spirindoline,09/06/2021,ZT0,1,0
2021-06-21,ETHOSCOPE_108,17,male,CS,spirindoline,09/06/2021,ZT0,1,0
2021-06-21,ETHOSCOPE_108,18,male,CS,spirindoline,09/06/2021,ZT0,1,0
2021-06-21,ETHOSCOPE_108,19,male,CS,spirindoline,09/06/2021,ZT0,1,0
2021-06-21,ETHOSCOPE_108,20,male,CS,spirindoline,09/06/2021,ZT0,1,0
2021-06-21,ETHOSCOPE_108,21,male,CS,spirindoline,09/06/2021,ZT0,1,0
2021-06-21,ETHOSCOPE_108,22,male,CS,spirindoline,09/06/2021,ZT0,1,0
2021-06-21,ETHOSCOPE_108,23,male,CS,spirindoline,09/06/2021,ZT0,1,0
2021-06-21,ETHOSCOPE_108,24,male,CS,spirindoline,09/06/2021,ZT0,1,0
2021-06-21,ETHOSCOPE_261,1,male,CS,BISAM,09/06/2021,ZT0,100,0
2021-06-21,ETHOSCOPE_261,2,male,CS,BISAM,09/06/2021,ZT0,100,0
2021-06-21,ETHOSCOPE_261,3,male,CS,BISAM,09/06/2021,ZT0,100,0
2021-06-21,ETHOSCOPE_261,4,male,CS,BISAM,09/06/2021,ZT0,100,0
2021-06-21,ETHOSCOPE_261,5,male,CS,BISAM,09/06/2021,ZT0,100,0
2021-06-21,ETHOSCOPE_261,6,male,CS,BISAM,09/06/2021,ZT0,100,0
2021-06-21,ETHOSCOPE_261,7,male,CS,BISAM,09/06/2021,ZT0,100,0
2021-06-21,ETHOSCOPE_261,8,male,CS,BISAM,09/06/2021,ZT0,100,0
2021-06-21,ETHOSCOPE_261,9,male,CS,BISAM,09/06/2021,ZT0,100,0
2021-06-21,ETHOSCOPE_261,10,male,CS,BISAM,09/06/2021,ZT0,100,0
2021-06-21,ETHOSCOPE_261,11,male,CS,BISAM,09/06/2021,ZT0,100,0
2021-06-21,ETHOSCOPE_261,12,male,CS,BISAM,09/06/2021,ZT0,100,0
2021-06-21,ETHOSCOPE_261,13,male,CS,BISAM,09/06/2021,ZT0,100,0
2021-06-21,ETHOSCOPE_261,14,male,CS,BISAM,09/06/2021,ZT0,100,0
2021-06-21,ETHOSCOPE_261,15,male,CS,BISAM,09/06/2021,ZT0,100,0
2021-06-21,ETHOSCOPE_261,16,male,CS,BISAM,09/06/2021,ZT0,100,0
2021-06-21,ETHOSCOPE_261,17,male,CS,BISAM,09/06/2021,ZT0,100,0
2021-06-21,ETHOSCOPE_261,18,male,CS,BISAM,09/06/2021,ZT0,100,0
2021-06-21,ETHOSCOPE_261,19,male,CS,BISAM,09/06/2021,ZT0,100,0
2021-06-21,ETHOSCOPE_261,20,male,CS,BISAM,09/06/2021,ZT0,100,0
2021-06-21,ETHOSCOPE_261,21,male,CS,BISAM,09/06/2021,ZT0,100,0
2021-06-21,ETHOSCOPE_261,22,male,CS,BISAM,09/06/2021,ZT0,100,0
2021-06-21,ETHOSCOPE_261,23,male,CS,BISAM,09/06/2021,ZT0,100,0
2021-06-21,ETHOSCOPE_261,24,male,CS,BISAM,09/06/2021,ZT0,100,0
2021-06-21,ETHOSCOPE_257,1,male,CS,chlorantraniliprole,09/06/2021,ZT0,1,0
2021-06-21,ETHOSCOPE_257,2,male,CS,chlorantraniliprole,09/06/2021,ZT0,1,0
2021-06-21,ETHOSCOPE_257,3,male,CS,chlorantraniliprole,09/06/2021,ZT0,1,0
2021-06-21,ETHOSCOPE_257,4,male,CS,chlorantraniliprole,09/06/2021,ZT0,1,0
2021-06-21,ETHOSCOPE_257,5,male,CS,chlorantraniliprole,09/06/2021,ZT0,1,0
2021-06-21,ETHOSCOPE_257,6,male,CS,chlorantraniliprole,09/06/2021,ZT0,1,0
2021-06-21,ETHOSCOPE_257,7,male,CS,chlorantraniliprole,09/06/2021,ZT0,1,0
2021-06-21,ETHOSCOPE_257,8,male,CS,chlorantraniliprole,09/06/2021,ZT0,1,0
2021-06-21,ETHOSCOPE_257,9,male,CS,chlorantraniliprole,09/06/2021,ZT0,1,0
2021-06-21,ETHOSCOPE_257,10,male,CS,chlorantraniliprole,09/06/2021,ZT0,1,0
2021-06-21,ETHOSCOPE_257,11,male,CS,chlorantraniliprole,09/06/2021,ZT0,1,0
2021-06-21,ETHOSCOPE_257,12,male,CS,chlorantraniliprole,09/06/2021,ZT0,1,0
2021-06-21,ETHOSCOPE_257,13,male,CS,chlorantraniliprole,09/06/2021,ZT0,1,0
2021-06-21,ETHOSCOPE_257,14,male,CS,chlorantraniliprole,09/06/2021,ZT0,1,0
2021-06-21,ETHOSCOPE_257,15,male,CS,chlorantraniliprole,09/06/2021,ZT0,1,0
2021-06-21,ETHOSCOPE_257,16,male,CS,chlorantraniliprole,09/06/2021,ZT0,1,0
2021-06-21,ETHOSCOPE_257,17,male,CS,chlorantraniliprole,09/06/2021,ZT0,1,0
2021-06-21,ETHOSCOPE_257,18,male,CS,chlorantraniliprole,09/06/2021,ZT0,1,0
2021-06-21,ETHOSCOPE_257,19,male,CS,chlorantraniliprole,09/06/2021,ZT0,1,0
2021-06-21,ETHOSCOPE_257,20,male,CS,chlorantraniliprole,09/06/2021,ZT0,1,0
2021-06-21,ETHOSCOPE_257,21,male,CS,chlorantraniliprole,09/06/2021,ZT0,1,0
2021-06-21,ETHOSCOPE_257,22,male,CS,chlorantraniliprole,09/06/2021,ZT0,1,0
2021-06-21,ETHOSCOPE_257,23,male,CS,chlorantraniliprole,09/06/2021,ZT0,1,0
2021-06-21,ETHOSCOPE_257,24,male,CS,chlorantraniliprole,09/06/2021,ZT0,1,0
2021-06-18,ETHOSCOPE_141,1,male,CS,solvent,06/06/2021,ZT0,1,0
2021-06-18,ETHOSCOPE_141,2,male,CS,solvent,06/06/2021,ZT0,1,0
2021-06-18,ETHOSCOPE_141,3,male,CS,solvent,06/06/2021,ZT0,1,0
2021-06-18,ETHOSCOPE_141,4,male,CS,solvent,06/06/2021,ZT0,1,0
2021-06-18,ETHOSCOPE_141,5,male,CS,solvent,06/06/2021,ZT0,1,0
2021-06-18,ETHOSCOPE_141,6,male,CS,solvent,06/06/2021,ZT0,1,0
2021-06-18,ETHOSCOPE_141,7,male,CS,solvent,06/06/2021,ZT0,1,0
2021-06-18,ETHOSCOPE_141,8,male,CS,solvent,06/06/2021,ZT0,1,0
2021-06-18,ETHOSCOPE_141,9,male,CS,solvent,06/06/2021,ZT0,1,0
2021-06-18,ETHOSCOPE_141,10,male,CS,solvent,06/06/2021,ZT0,1,0
2021-06-18,ETHOSCOPE_141,11,male,CS,solvent,06/06/2021,ZT0,1,0
2021-06-18,ETHOSCOPE_141,12,male,CS,solvent,06/06/2021,ZT0,1,0
2021-06-18,ETHOSCOPE_141,13,male,CS,solvent,06/06/2021,ZT0,1,0
2021-06-18,ETHOSCOPE_141,14,male,CS,solvent,06/06/2021,ZT0,1,0
2021-06-18,ETHOSCOPE_141,15,male,CS,solvent,06/06/2021,ZT0,1,0
2021-06-18,ETHOSCOPE_141,16,male,CS,solvent,06/06/2021,ZT0,1,0
2021-06-18,ETHOSCOPE_141,17,male,CS,solvent,06/06/2021,ZT0,1,0
2021-06-18,ETHOSCOPE_141,18,male,CS,solvent,06/06/2021,ZT0,1,0
2021-06-18,ETHOSCOPE_141,19,male,CS,solvent,06/06/2021,ZT0,1,0
2021-06-18,ETHOSCOPE_141,20,male,CS,solvent,06/06/2021,ZT0,1,0
2021-06-18,ETHOSCOPE_141,21,male,CS,solvent,06/06/2021,ZT0,1,0
2021-06-18,ETHOSCOPE_141,22,male,CS,solvent,06/06/2021,ZT0,1,0
2021-06-18,ETHOSCOPE_141,23,male,CS,solvent,06/06/2021,ZT0,1,0
2021-06-18,ETHOSCOPE_141,24,male,CS,solvent,06/06/2021,ZT0,1,0
2021-06-18,ETHOSCOPE_151,1,male,CS,BISAM,06/06/2021,ZT0,100,0
2021-06-18,ETHOSCOPE_151,2,male,CS,BISAM,06/06/2021,ZT0,100,0
2021-06-18,ETHOSCOPE_151,3,male,CS,BISAM,06/06/2021,ZT0,100,0
2021-06-18,ETHOSCOPE_151,4,male,CS,BISAM,06/06/2021,ZT0,100,0
2021-06-18,ETHOSCOPE_151,5,male,CS,BISAM,06/06/2021,ZT0,100,0
2021-06-18,ETHOSCOPE_151,6,male,CS,BISAM,06/06/2021,ZT0,100,0
2021-06-18,ETHOSCOPE_151,7,male,CS,BISAM,06/06/2021,ZT0,100,0
2021-06-18,ETHOSCOPE_151,8,male,CS,BISAM,06/06/2021,ZT0,100,0
2021-06-18,ETHOSCOPE_151,9,male,CS,BISAM,06/06/2021,ZT0,100,0
2021-06-18,ETHOSCOPE_151,10,male,CS,BISAM,06/06/2021,ZT0,100,0
2021-06-18,ETHOSCOPE_151,11,male,CS,BISAM,06/06/2021,ZT0,100,0
2021-06-18,ETHOSCOPE_151,12,male,CS,BISAM,06/06/2021,ZT0,100,0
2021-06-18,ETHOSCOPE_151,13,male,CS,BISAM,06/06/2021,ZT0,100,0
2021-06-18,ETHOSCOPE_151,14,male,CS,BISAM,06/06/2021,ZT0,100,0
2021-06-18,ETHOSCOPE_151,15,male,CS,BISAM,06/06/2021,ZT0,100,0
2021-06-18,ETHOSCOPE_151,16,male,CS,BISAM,06/06/2021,ZT0,100,0
2021-06-18,ETHOSCOPE_151,17,male,CS,BISAM,06/06/2021,ZT0,100,0
2021-06-18,ETHOSCOPE_151,18,male,CS,BISAM,06/06/2021,ZT0,100,0
2021-06-18,ETHOSCOPE_151,19,male,CS,BISAM,06/06/2021,ZT0,100,0
2021-06-18,ETHOSCOPE_151,20,male,CS,BISAM,06/06/2021,ZT0,100,0
2021-06-18,ETHOSCOPE_151,21,male,CS,BISAM,06/06/2021,ZT0,100,0
2021-06-18,ETHOSCOPE_151,22,male,CS,BISAM,06/06/2021,ZT0,100,0
2021-06-18,ETHOSCOPE_151,23,male,CS,BISAM,06/06/2021,ZT0,100,0
2021-06-18,ETHOSCOPE_151,24,male,CS,BISAM,06/06/2021,ZT0,100,0
2021-06-08,ETHOSCOPE_147,1,male,CS,spirindoline,06/06/2021,ZT0,1,0
2021-06-08,ETHOSCOPE_147,2,male,CS,spirindoline,06/06/2021,ZT0,1,0
2021-06-08,ETHOSCOPE_147,3,male,CS,spirindoline,06/06/2021,ZT0,1,0
2021-06-08,ETHOSCOPE_147,4,male,CS,spirindoline,06/06/2021,ZT0,1,0
2021-06-08,ETHOSCOPE_147,5,male,CS,spirindoline,06/06/2021,ZT0,1,0
2021-06-08,ETHOSCOPE_147,6,male,CS,spirindoline,06/06/2021,ZT0,1,0
2021-06-08,ETHOSCOPE_147,7,male,CS,spirindoline,06/06/2021,ZT0,1,0
2021-06-08,ETHOSCOPE_147,8,male,CS,spirindoline,06/06/2021,ZT0,1,0
2021-06-08,ETHOSCOPE_147,9,male,CS,spirindoline,06/06/2021,ZT0,1,0
2021-06-08,ETHOSCOPE_147,10,male,CS,spirindoline,06/06/2021,ZT0,1,0
2021-06-08,ETHOSCOPE_147,11,male,CS,spirindoline,06/06/2021,ZT0,1,0
2021-06-08,ETHOSCOPE_147,12,male,CS,spirindoline,06/06/2021,ZT0,1,0
2021-06-08,ETHOSCOPE_147,13,male,CS,spirindoline,06/06/2021,ZT0,1,0
2021-06-08,ETHOSCOPE_147,14,male,CS,spirindoline,06/06/2021,ZT0,1,0
2021-06-08,ETHOSCOPE_147,15,male,CS,spirindoline,06/06/2021,ZT0,1,0
2021-06-08,ETHOSCOPE_147,16,male,CS,spirindoline,06/06/2021,ZT0,1,0
2021-06-08,ETHOSCOPE_147,17,male,CS,spirindoline,06/06/2021,ZT0,1,0
2021-06-08,ETHOSCOPE_147,18,male,CS,spirindoline,06/06/2021,ZT0,1,0
2021-06-08,ETHOSCOPE_147,19,male,CS,spirindoline,06/06/2021,ZT0,1,0
2021-06-08,ETHOSCOPE_147,20,male,CS,spirindoline,06/06/2021,ZT0,1,0
2021-06-08,ETHOSCOPE_147,21,male,CS,spirindoline,06/06/2021,ZT0,1,0
2021-06-08,ETHOSCOPE_147,22,male,CS,spirindoline,06/06/2021,ZT0,1,0
2021-06-08,ETHOSCOPE_147,23,male,CS,spirindoline,06/06/2021,ZT0,1,0
2021-06-08,ETHOSCOPE_147,24,male,CS,spirindoline,06/06/2021,ZT0,1,0
2021-06-08,ETHOSCOPE_148,1,male,CS,abamectin,06/06/2021,ZT0,100,0
2021-06-08,ETHOSCOPE_148,2,male,CS,abamectin,06/06/2021,ZT0,100,0
2021-06-08,ETHOSCOPE_148,3,male,CS,abamectin,06/06/2021,ZT0,100,0
2021-06-08,ETHOSCOPE_148,4,male,CS,abamectin,06/06/2021,ZT0,100,0
2021-06-08,ETHOSCOPE_148,5,male,CS,abamectin,06/06/2021,ZT0,100,0
2021-06-08,ETHOSCOPE_148,6,male,CS,abamectin,06/06/2021,ZT0,100,0
2021-06-08,ETHOSCOPE_148,7,male,CS,abamectin,06/06/2021,ZT0,100,0
2021-06-08,ETHOSCOPE_148,8,male,CS,abamectin,06/06/2021,ZT0,100,0
2021-06-08,ETHOSCOPE_148,9,male,CS,abamectin,06/06/2021,ZT0,100,0
2021-06-08,ETHOSCOPE_148,10,male,CS,abamectin,06/06/2021,ZT0,100,0
2021-06-08,ETHOSCOPE_148,11,male,CS,abamectin,06/06/2021,ZT0,100,0
2021-06-08,ETHOSCOPE_148,12,male,CS,abamectin,06/06/2021,ZT0,100,0
2021-06-08,ETHOSCOPE_148,13,male,CS,abamectin,06/06/2021,ZT0,100,0
2021-06-08,ETHOSCOPE_148,14,male,CS,abamectin,06/06/2021,ZT0,100,0
2021-06-08,ETHOSCOPE_148,15,male,CS,abamectin,06/06/2021,ZT0,100,0
2021-06-08,ETHOSCOPE_148,16,male,CS,abamectin,06/06/2021,ZT0,100,0
2021-06-08,ETHOSCOPE_148,17,male,CS,abamectin,06/06/2021,ZT0,100,0
2021-06-08,ETHOSCOPE_148,18,male,CS,abamectin,06/06/2021,ZT0,100,0
2021-06-08,ETHOSCOPE_148,19,male,CS,abamectin,06/06/2021,ZT0,100,0
2021-06-08,ETHOSCOPE_148,20,male,CS,abamectin,06/06/2021,ZT0,100,0
2021-06-08,ETHOSCOPE_148,21,male,CS,abamectin,06/06/2021,ZT0,100,0
2021-06-08,ETHOSCOPE_148,22,male,CS,abamectin,06/06/2021,ZT0,100,0
2021-06-08,ETHOSCOPE_148,23,male,CS,abamectin,06/06/2021,ZT0,100,0
2021-06-08,ETHOSCOPE_148,24,male,CS,abamectin,06/06/2021,ZT0,100,0
2021-07-26,ETHOSCOPE_250,1,male,CS,tetramethrin,14/07/2021,ZT0,1,0
2021-07-26,ETHOSCOPE_250,2,male,CS,tetramethrin,14/07/2021,ZT0,1,0
2021-07-26,ETHOSCOPE_250,3,male,CS,tetramethrin,14/07/2021,ZT0,1,0
2021-07-26,ETHOSCOPE_250,4,male,CS,tetramethrin,14/07/2021,ZT0,1,0
2021-07-26,ETHOSCOPE_250,5,male,CS,tetramethrin,14/07/2021,ZT0,1,0
2021-07-26,ETHOSCOPE_250,6,male,CS,tetramethrin,14/07/2021,ZT0,1,0
2021-07-26,ETHOSCOPE_250,7,male,CS,tetramethrin,14/07/2021,ZT0,1,0
2021-07-26,ETHOSCOPE_250,8,male,CS,tetramethrin,14/07/2021,ZT0,1,0
2021-07-26,ETHOSCOPE_250,9,male,CS,tetramethrin,14/07/2021,ZT0,1,0
2021-07-26,ETHOSCOPE_250,10,male,CS,tetramethrin,14/07/2021,ZT0,1,0
2021-07-26,ETHOSCOPE_250,11,male,CS,tetramethrin,14/07/2021,ZT0,1,0
2021-07-26,ETHOSCOPE_250,12,male,CS,tetramethrin,14/07/2021,ZT0,1,0
2021-07-26,ETHOSCOPE_250,13,male,CS,tetramethrin,14/07/2021,ZT0,1,0
2021-07-26,ETHOSCOPE_250,14,male,CS,tetramethrin,14/07/2021,ZT0,1,0
2021-07-26,ETHOSCOPE_250,15,male,CS,tetramethrin,14/07/2021,ZT0,1,0
2021-07-26,ETHOSCOPE_250,16,male,CS,tetramethrin,14/07/2021,ZT0,1,0
2021-07-26,ETHOSCOPE_250,17,male,CS,tetramethrin,14/07/2021,ZT0,1,0
2021-07-26,ETHOSCOPE_250,18,male,CS,tetramethrin,14/07/2021,ZT0,1,0
2021-07-26,ETHOSCOPE_250,19,male,CS,tetramethrin,14/07/2021,ZT0,1,0
2021-07-26,ETHOSCOPE_250,20,male,CS,tetramethrin,14/07/2021,ZT0,1,0
2021-07-26,ETHOSCOPE_250,21,male,CS,tetramethrin,14/07/2021,ZT0,1,0
2021-07-26,ETHOSCOPE_250,22,male,CS,tetramethrin,14/07/2021,ZT0,1,0
2021-07-26,ETHOSCOPE_250,23,male,CS,tetramethrin,14/07/2021,ZT0,1,0
2021-07-26,ETHOSCOPE_250,24,male,CS,tetramethrin,14/07/2021,ZT0,1,0
2021-07-26,ETHOSCOPE_257,1,male,CS,cyantraniliprole,14/07/2021,ZT0,1,0
2021-07-26,ETHOSCOPE_257,2,male,CS,cyantraniliprole,14/07/2021,ZT0,1,0
2021-07-26,ETHOSCOPE_257,3,male,CS,cyantraniliprole,14/07/2021,ZT0,1,0
2021-07-26,ETHOSCOPE_257,4,male,CS,cyantraniliprole,14/07/2021,ZT0,1,0
2021-07-26,ETHOSCOPE_257,5,male,CS,cyantraniliprole,14/07/2021,ZT0,1,0
2021-07-26,ETHOSCOPE_257,6,male,CS,cyantraniliprole,14/07/2021,ZT0,1,0
2021-07-26,ETHOSCOPE_257,7,male,CS,cyantraniliprole,14/07/2021,ZT0,1,0
2021-07-26,ETHOSCOPE_257,8,male,CS,cyantraniliprole,14/07/2021,ZT0,1,0
2021-07-26,ETHOSCOPE_257,9,male,CS,cyantraniliprole,14/07/2021,ZT0,1,0
2021-07-26,ETHOSCOPE_257,10,male,CS,cyantraniliprole,14/07/2021,ZT0,1,0
2021-07-26,ETHOSCOPE_257,11,male,CS,cyantraniliprole,14/07/2021,ZT0,1,0
2021-07-26,ETHOSCOPE_257,12,male,CS,cyantraniliprole,14/07/2021,ZT0,1,0
2021-07-26,ETHOSCOPE_257,13,male,CS,cyantraniliprole,14/07/2021,ZT0,1,0
2021-07-26,ETHOSCOPE_257,14,male,CS,cyantraniliprole,14/07/2021,ZT0,1,0
2021-07-26,ETHOSCOPE_257,15,male,CS,cyantraniliprole,14/07/2021,ZT0,1,0
2021-07-26,ETHOSCOPE_257,16,male,CS,cyantraniliprole,14/07/2021,ZT0,1,0
2021-07-26,ETHOSCOPE_257,17,male,CS,cyantraniliprole,14/07/2021,ZT0,1,0
2021-07-26,ETHOSCOPE_257,18,male,CS,cyantraniliprole,14/07/2021,ZT0,1,0
2021-07-26,ETHOSCOPE_257,19,male,CS,cyantraniliprole,14/07/2021,ZT0,1,0
2021-07-26,ETHOSCOPE_257,20,male,CS,cyantraniliprole,14/07/2021,ZT0,1,0
2021-07-26,ETHOSCOPE_257,21,male,CS,cyantraniliprole,14/07/2021,ZT0,1,0
2021-07-26,ETHOSCOPE_257,22,male,CS,cyantraniliprole,14/07/2021,ZT0,1,0
2021-07-26,ETHOSCOPE_257,23,male,CS,cyantraniliprole,14/07/2021,ZT0,1,0
2021-07-26,ETHOSCOPE_257,24,male,CS,cyantraniliprole,14/07/2021,ZT0,1,0
2021-07-26,ETHOSCOPE_261,1,male,CS,dieldrin,14/07/2021,ZT0,100,0
2021-07-26,ETHOSCOPE_261,2,male,CS,dieldrin,14/07/2021,ZT0,100,0
2021-07-26,ETHOSCOPE_261,3,male,CS,dieldrin,14/07/2021,ZT0,100,0
2021-07-26,ETHOSCOPE_261,4,male,CS,dieldrin,14/07/2021,ZT0,100,0
2021-07-26,ETHOSCOPE_261,5,male,CS,dieldrin,14/07/2021,ZT0,100,0
2021-07-26,ETHOSCOPE_261,6,male,CS,dieldrin,14/07/2021,ZT0,100,0
2021-07-26,ETHOSCOPE_261,7,male,CS,dieldrin,14/07/2021,ZT0,100,0
2021-07-26,ETHOSCOPE_261,8,male,CS,dieldrin,14/07/2021,ZT0,100,0
2021-07-26,ETHOSCOPE_261,9,male,CS,dieldrin,14/07/2021,ZT0,100,0
2021-07-26,ETHOSCOPE_261,10,male,CS,dieldrin,14/07/2021,ZT0,100,0
2021-07-26,ETHOSCOPE_261,11,male,CS,dieldrin,14/07/2021,ZT0,100,0
2021-07-26,ETHOSCOPE_261,12,male,CS,dieldrin,14/07/2021,ZT0,100,0
2021-07-26,ETHOSCOPE_261,13,male,CS,dieldrin,14/07/2021,ZT0,100,0
2021-07-26,ETHOSCOPE_261,14,male,CS,dieldrin,14/07/2021,ZT0,100,0
2021-07-26,ETHOSCOPE_261,15,male,CS,dieldrin,14/07/2021,ZT0,100,0
2021-07-26,ETHOSCOPE_261,16,male,CS,dieldrin,14/07/2021,ZT0,100,0
2021-07-26,ETHOSCOPE_261,17,male,CS,dieldrin,14/07/2021,ZT0,100,0
2021-07-26,ETHOSCOPE_261,18,male,CS,dieldrin,14/07/2021,ZT0,100,0
2021-07-26,ETHOSCOPE_261,19,male,CS,dieldrin,14/07/2021,ZT0,100,0
2021-07-26,ETHOSCOPE_261,20,male,CS,dieldrin,14/07/2021,ZT0,100,0
2021-07-26,ETHOSCOPE_261,21,male,CS,dieldrin,14/07/2021,ZT0,100,0
2021-07-26,ETHOSCOPE_261,22,male,CS,dieldrin,14/07/2021,ZT0,100,0
2021-07-26,ETHOSCOPE_261,23,male,CS,dieldrin,14/07/2021,ZT0,100,0
2021-07-26,ETHOSCOPE_261,24,male,CS,dieldrin,14/07/2021,ZT0,100,0
2021-07-26,ETHOSCOPE_141,1,male,CS,imidacloprid,14/07/2021,ZT0,1,0
2021-07-26,ETHOSCOPE_141,2,male,CS,imidacloprid,14/07/2021,ZT0,1,0
2021-07-26,ETHOSCOPE_141,3,male,CS,imidacloprid,14/07/2021,ZT0,1,0
2021-07-26,ETHOSCOPE_141,4,male,CS,imidacloprid,14/07/2021,ZT0,1,0
2021-07-26,ETHOSCOPE_141,5,male,CS,imidacloprid,14/07/2021,ZT0,1,0
2021-07-26,ETHOSCOPE_141,6,male,CS,imidacloprid,14/07/2021,ZT0,1,0
2021-07-26,ETHOSCOPE_141,7,male,CS,imidacloprid,14/07/2021,ZT0,1,0
2021-07-26,ETHOSCOPE_141,8,male,CS,imidacloprid,14/07/2021,ZT0,1,0
2021-07-26,ETHOSCOPE_141,9,male,CS,imidacloprid,14/07/2021,ZT0,1,0
2021-07-26,ETHOSCOPE_141,10,male,CS,imidacloprid,14/07/2021,ZT0,1,0
2021-07-26,ETHOSCOPE_141,11,male,CS,imidacloprid,14/07/2021,ZT0,1,0
2021-07-26,ETHOSCOPE_141,12,male,CS,imidacloprid,14/07/2021,ZT0,1,0
2021-07-26,ETHOSCOPE_141,13,male,CS,imidacloprid,14/07/2021,ZT0,1,0
2021-07-26,ETHOSCOPE_141,14,male,CS,imidacloprid,14/07/2021,ZT0,1,0
2021-07-26,ETHOSCOPE_141,15,male,CS,imidacloprid,14/07/2021,ZT0,1,0
2021-07-26,ETHOSCOPE_141,16,male,CS,imidacloprid,14/07/2021,ZT0,1,0
2021-07-26,ETHOSCOPE_141,17,male,CS,imidacloprid,14/07/2021,ZT0,1,0
2021-07-26,ETHOSCOPE_141,18,male,CS,imidacloprid,14/07/2021,ZT0,1,0
2021-07-26,ETHOSCOPE_141,19,male,CS,imidacloprid,14/07/2021,ZT0,1,0
2021-07-26,ETHOSCOPE_141,20,male,CS,imidacloprid,14/07/2021,ZT0,1,0
2021-07-26,ETHOSCOPE_141,21,male,CS,imidacloprid,14/07/2021,ZT0,1,0
2021-07-26,ETHOSCOPE_141,22,male,CS,imidacloprid,14/07/2021,ZT0,1,0
2021-07-26,ETHOSCOPE_141,23,male,CS,imidacloprid,14/07/2021,ZT0,1,0
2021-07-26,ETHOSCOPE_141,24,male,CS,imidacloprid,14/07/2021,ZT0,1,0
2021-07-26,ETHOSCOPE_217,1,male,CS,pymetrozine,14/07/2021,ZT0,1,0
2021-07-26,ETHOSCOPE_217,2,male,CS,pymetrozine,14/07/2021,ZT0,1,0
2021-07-26,ETHOSCOPE_217,3,male,CS,pymetrozine,14/07/2021,ZT0,1,0
2021-07-26,ETHOSCOPE_217,4,male,CS,pymetrozine,14/07/2021,ZT0,1,0
2021-07-26,ETHOSCOPE_217,5,male,CS,pymetrozine,14/07/2021,ZT0,1,0
2021-07-26,ETHOSCOPE_217,6,male,CS,pymetrozine,14/07/2021,ZT0,1,0
2021-07-26,ETHOSCOPE_217,7,male,CS,pymetrozine,14/07/2021,ZT0,1,0
2021-07-26,ETHOSCOPE_217,8,male,CS,pymetrozine,14/07/2021,ZT0,1,0
2021-07-26,ETHOSCOPE_217,9,male,CS,pymetrozine,14/07/2021,ZT0,1,0
2021-07-26,ETHOSCOPE_217,10,male,CS,pymetrozine,14/07/2021,ZT0,1,0
2021-07-26,ETHOSCOPE_217,11,male,CS,pymetrozine,14/07/2021,ZT0,1,0
2021-07-26,ETHOSCOPE_217,12,male,CS,pymetrozine,14/07/2021,ZT0,1,0
2021-07-26,ETHOSCOPE_217,13,male,CS,pymetrozine,14/07/2021,ZT0,1,0
2021-07-26,ETHOSCOPE_217,14,male,CS,pymetrozine,14/07/2021,ZT0,1,0
2021-07-26,ETHOSCOPE_217,15,male,CS,pymetrozine,14/07/2021,ZT0,1,0
2021-07-26,ETHOSCOPE_217,16,male,CS,pymetrozine,14/07/2021,ZT0,1,0
2021-07-26,ETHOSCOPE_217,17,male,CS,pymetrozine,14/07/2021,ZT0,1,0
2021-07-26,ETHOSCOPE_217,18,male,CS,pymetrozine,14/07/2021,ZT0,1,0
2021-07-26,ETHOSCOPE_217,19,male,CS,pymetrozine,14/07/2021,ZT0,1,0
2021-07-26,ETHOSCOPE_217,20,male,CS,pymetrozine,14/07/2021,ZT0,1,0
2021-07-26,ETHOSCOPE_217,21,male,CS,pymetrozine,14/07/2021,ZT0,1,0
2021-07-26,ETHOSCOPE_217,22,male,CS,pymetrozine,14/07/2021,ZT0,1,0
2021-07-26,ETHOSCOPE_217,23,male,CS,pymetrozine,14/07/2021,ZT0,1,0
2021-07-26,ETHOSCOPE_217,24,male,CS,pymetrozine,14/07/2021,ZT0,1,0
2021-07-30,ETHOSCOPE_250,1,male,CS,imidacloprid,16/07/2021,ZT0,1,0
2021-07-30,ETHOSCOPE_250,2,male,CS,imidacloprid,16/07/2021,ZT0,1,0
2021-07-30,ETHOSCOPE_250,3,male,CS,imidacloprid,16/07/2021,ZT0,1,0
2021-07-30,ETHOSCOPE_250,4,male,CS,imidacloprid,16/07/2021,ZT0,1,0
2021-07-30,ETHOSCOPE_250,5,male,CS,imidacloprid,16/07/2021,ZT0,1,0
2021-07-30,ETHOSCOPE_250,6,male,CS,imidacloprid,16/07/2021,ZT0,1,0
2021-07-30,ETHOSCOPE_250,7,male,CS,imidacloprid,16/07/2021,ZT0,1,0
2021-07-30,ETHOSCOPE_250,8,male,CS,imidacloprid,16/07/2021,ZT0,1,0
2021-07-30,ETHOSCOPE_250,9,male,CS,imidacloprid,16/07/2021,ZT0,1,0
2021-07-30,ETHOSCOPE_250,10,male,CS,imidacloprid,16/07/2021,ZT0,1,0
2021-07-30,ETHOSCOPE_250,11,male,CS,imidacloprid,16/07/2021,ZT0,1,0
2021-07-30,ETHOSCOPE_250,12,male,CS,imidacloprid,16/07/2021,ZT0,1,0
2021-07-30,ETHOSCOPE_250,13,male,CS,imidacloprid,16/07/2021,ZT0,1,0
2021-07-30,ETHOSCOPE_250,14,male,CS,imidacloprid,16/07/2021,ZT0,1,0
2021-07-30,ETHOSCOPE_250,15,male,CS,imidacloprid,16/07/2021,ZT0,1,0
2021-07-30,ETHOSCOPE_250,16,male,CS,imidacloprid,16/07/2021,ZT0,1,0
2021-07-30,ETHOSCOPE_250,17,male,CS,imidacloprid,16/07/2021,ZT0,1,0
2021-07-30,ETHOSCOPE_250,18,male,CS,imidacloprid,16/07/2021,ZT0,1,0
2021-07-30,ETHOSCOPE_250,19,male,CS,imidacloprid,16/07/2021,ZT0,1,0
2021-07-30,ETHOSCOPE_250,20,male,CS,imidacloprid,16/07/2021,ZT0,1,0
2021-07-30,ETHOSCOPE_250,21,male,CS,imidacloprid,16/07/2021,ZT0,1,0
2021-07-30,ETHOSCOPE_250,22,male,CS,imidacloprid,16/07/2021,ZT0,1,0
2021-07-30,ETHOSCOPE_250,23,male,CS,imidacloprid,16/07/2021,ZT0,1,0
2021-07-30,ETHOSCOPE_250,24,male,CS,imidacloprid,16/07/2021,ZT0,1,0
2021-07-30,ETHOSCOPE_141,1,male,CS,tetramethrin,16/07/2021,ZT0,1,0
2021-07-30,ETHOSCOPE_141,2,male,CS,tetramethrin,16/07/2021,ZT0,1,0
2021-07-30,ETHOSCOPE_141,3,male,CS,tetramethrin,16/07/2021,ZT0,1,0
2021-07-30,ETHOSCOPE_141,4,male,CS,tetramethrin,16/07/2021,ZT0,1,0
2021-07-30,ETHOSCOPE_141,5,male,CS,tetramethrin,16/07/2021,ZT0,1,0
2021-07-30,ETHOSCOPE_141,6,male,CS,tetramethrin,16/07/2021,ZT0,1,0
2021-07-30,ETHOSCOPE_141,7,male,CS,tetramethrin,16/07/2021,ZT0,1,0
2021-07-30,ETHOSCOPE_141,8,male,CS,tetramethrin,16/07/2021,ZT0,1,0
2021-07-30,ETHOSCOPE_141,9,male,CS,tetramethrin,16/07/2021,ZT0,1,0
2021-07-30,ETHOSCOPE_141,10,male,CS,tetramethrin,16/07/2021,ZT0,1,0
2021-07-30,ETHOSCOPE_141,11,male,CS,tetramethrin,16/07/2021,ZT0,1,0
2021-07-30,ETHOSCOPE_141,12,male,CS,tetramethrin,16/07/2021,ZT0,1,0
2021-07-30,ETHOSCOPE_141,13,male,CS,tetramethrin,16/07/2021,ZT0,1,0
2021-07-30,ETHOSCOPE_141,14,male,CS,tetramethrin,16/07/2021,ZT0,1,0
2021-07-30,ETHOSCOPE_141,15,male,CS,tetramethrin,16/07/2021,ZT0,1,0
2021-07-30,ETHOSCOPE_141,16,male,CS,tetramethrin,16/07/2021,ZT0,1,0
2021-07-30,ETHOSCOPE_141,17,male,CS,tetramethrin,16/07/2021,ZT0,1,0
2021-07-30,ETHOSCOPE_141,18,male,CS,tetramethrin,16/07/2021,ZT0,1,0
2021-07-30,ETHOSCOPE_141,19,male,CS,tetramethrin,16/07/2021,ZT0,1,0
2021-07-30,ETHOSCOPE_141,20,male,CS,tetramethrin,16/07/2021,ZT0,1,0
2021-07-30,ETHOSCOPE_141,21,male,CS,tetramethrin,16/07/2021,ZT0,1,0
2021-07-30,ETHOSCOPE_141,22,male,CS,tetramethrin,16/07/2021,ZT0,1,0
2021-07-30,ETHOSCOPE_141,23,male,CS,tetramethrin,16/07/2021,ZT0,1,0
2021-07-30,ETHOSCOPE_141,24,male,CS,tetramethrin,16/07/2021,ZT0,1,0
2021-07-30,ETHOSCOPE_217,1,male,CS,dieldrin,16/07/2021,ZT0,100,0
2021-07-30,ETHOSCOPE_217,2,male,CS,dieldrin,16/07/2021,ZT0,100,0
2021-07-30,ETHOSCOPE_217,3,male,CS,dieldrin,16/07/2021,ZT0,100,0
2021-07-30,ETHOSCOPE_217,4,male,CS,dieldrin,16/07/2021,ZT0,100,0
2021-07-30,ETHOSCOPE_217,5,male,CS,dieldrin,16/07/2021,ZT0,100,0
2021-07-30,ETHOSCOPE_217,6,male,CS,dieldrin,16/07/2021,ZT0,100,0
2021-07-30,ETHOSCOPE_217,7,male,CS,dieldrin,16/07/2021,ZT0,100,0
2021-07-30,ETHOSCOPE_217,8,male,CS,dieldrin,16/07/2021,ZT0,100,0
2021-07-30,ETHOSCOPE_217,9,male,CS,dieldrin,16/07/2021,ZT0,100,0
2021-07-30,ETHOSCOPE_217,10,male,CS,dieldrin,16/07/2021,ZT0,100,0
2021-07-30,ETHOSCOPE_217,11,male,CS,dieldrin,16/07/2021,ZT0,100,0
2021-07-30,ETHOSCOPE_217,12,male,CS,dieldrin,16/07/2021,ZT0,100,0
2021-07-30,ETHOSCOPE_217,13,male,CS,dieldrin,16/07/2021,ZT0,100,0
2021-07-30,ETHOSCOPE_217,14,male,CS,dieldrin,16/07/2021,ZT0,100,0
2021-07-30,ETHOSCOPE_217,15,male,CS,dieldrin,16/07/2021,ZT0,100,0
2021-07-30,ETHOSCOPE_217,16,male,CS,dieldrin,16/07/2021,ZT0,100,0
2021-07-30,ETHOSCOPE_217,17,male,CS,dieldrin,16/07/2021,ZT0,100,0
2021-07-30,ETHOSCOPE_217,18,male,CS,dieldrin,16/07/2021,ZT0,100,0
2021-07-30,ETHOSCOPE_217,19,male,CS,dieldrin,16/07/2021,ZT0,100,0
2021-07-30,ETHOSCOPE_217,20,male,CS,dieldrin,16/07/2021,ZT0,100,0
2021-07-30,ETHOSCOPE_217,21,male,CS,dieldrin,16/07/2021,ZT0,100,0
2021-07-30,ETHOSCOPE_217,22,male,CS,dieldrin,16/07/2021,ZT0,100,0
2021-07-30,ETHOSCOPE_217,23,male,CS,dieldrin,16/07/2021,ZT0,100,0
2021-07-30,ETHOSCOPE_217,24,male,CS,dieldrin,16/07/2021,ZT0,100,0
2021-08-04,ETHOSCOPE_201,1,male,CS,dieldrin,23/07/2021,ZT0,100,0
2021-08-04,ETHOSCOPE_201,2,male,CS,dieldrin,23/07/2021,ZT0,100,0
2021-08-04,ETHOSCOPE_201,3,male,CS,dieldrin,23/07/2021,ZT0,100,0
2021-08-04,ETHOSCOPE_201,4,male,CS,dieldrin,23/07/2021,ZT0,100,0
2021-08-04,ETHOSCOPE_201,5,male,CS,dieldrin,23/07/2021,ZT0,100,0
2021-08-04,ETHOSCOPE_201,6,male,CS,dieldrin,23/07/2021,ZT0,100,0
2021-08-04,ETHOSCOPE_201,7,male,CS,dieldrin,23/07/2021,ZT0,100,0
2021-08-04,ETHOSCOPE_201,8,male,CS,dieldrin,23/07/2021,ZT0,100,0
2021-08-04,ETHOSCOPE_201,9,male,CS,dieldrin,23/07/2021,ZT0,100,0
2021-08-04,ETHOSCOPE_201,10,male,CS,dieldrin,23/07/2021,ZT0,100,0
2021-08-04,ETHOSCOPE_201,11,male,CS,dieldrin,23/07/2021,ZT0,100,0
2021-08-04,ETHOSCOPE_201,12,male,CS,dieldrin,23/07/2021,ZT0,100,0
2021-08-04,ETHOSCOPE_201,13,male,CS,dieldrin,23/07/2021,ZT0,100,0
2021-08-04,ETHOSCOPE_201,14,male,CS,dieldrin,23/07/2021,ZT0,100,0
2021-08-04,ETHOSCOPE_201,15,male,CS,dieldrin,23/07/2021,ZT0,100,0
2021-08-04,ETHOSCOPE_201,16,male,CS,dieldrin,23/07/2021,ZT0,100,0
2021-08-04,ETHOSCOPE_201,17,male,CS,dieldrin,23/07/2021,ZT0,100,0
2021-08-04,ETHOSCOPE_201,18,male,CS,dieldrin,23/07/2021,ZT0,100,0
2021-08-04,ETHOSCOPE_201,19,male,CS,dieldrin,23/07/2021,ZT0,100,0
2021-08-04,ETHOSCOPE_201,20,male,CS,dieldrin,23/07/2021,ZT0,100,0
2021-08-04,ETHOSCOPE_201,21,male,CS,dieldrin,23/07/2021,ZT0,100,0
2021-08-04,ETHOSCOPE_201,22,male,CS,dieldrin,23/07/2021,ZT0,100,0
2021-08-04,ETHOSCOPE_201,23,male,CS,dieldrin,23/07/2021,ZT0,100,0
2021-08-04,ETHOSCOPE_201,24,male,CS,dieldrin,23/07/2021,ZT0,100,0
2021-08-04,ETHOSCOPE_265,1,male,CS,pymetrozine,23/07/2021,ZT0,1,0
2021-08-04,ETHOSCOPE_265,2,male,CS,pymetrozine,23/07/2021,ZT0,1,0
2021-08-04,ETHOSCOPE_265,3,male,CS,pymetrozine,23/07/2021,ZT0,1,0
2021-08-04,ETHOSCOPE_265,4,male,CS,pymetrozine,23/07/2021,ZT0,1,0
2021-08-04,ETHOSCOPE_265,5,male,CS,pymetrozine,23/07/2021,ZT0,1,0
2021-08-04,ETHOSCOPE_265,6,male,CS,pymetrozine,23/07/2021,ZT0,1,0
2021-08-04,ETHOSCOPE_265,7,male,CS,pymetrozine,23/07/2021,ZT0,1,0
2021-08-04,ETHOSCOPE_265,8,male,CS,pymetrozine,23/07/2021,ZT0,1,0
2021-08-04,ETHOSCOPE_265,9,male,CS,pymetrozine,23/07/2021,ZT0,1,0
2021-08-04,ETHOSCOPE_265,10,male,CS,pymetrozine,23/07/2021,ZT0,1,0
2021-08-04,ETHOSCOPE_265,11,male,CS,pymetrozine,23/07/2021,ZT0,1,0
2021-08-04,ETHOSCOPE_265,12,male,CS,pymetrozine,23/07/2021,ZT0,1,0
2021-08-04,ETHOSCOPE_265,13,male,CS,pymetrozine,23/07/2021,ZT0,1,0
2021-08-04,ETHOSCOPE_265,14,male,CS,pymetrozine,23/07/2021,ZT0,1,0
2021-08-04,ETHOSCOPE_265,15,male,CS,pymetrozine,23/07/2021,ZT0,1,0
2021-08-04,ETHOSCOPE_265,16,male,CS,pymetrozine,23/07/2021,ZT0,1,0
2021-08-04,ETHOSCOPE_265,17,male,CS,pymetrozine,23/07/2021,ZT0,1,0
2021-08-04,ETHOSCOPE_265,18,male,CS,pymetrozine,23/07/2021,ZT0,1,0
2021-08-04,ETHOSCOPE_265,19,male,CS,pymetrozine,23/07/2021,ZT0,1,0
2021-08-04,ETHOSCOPE_265,20,male,CS,pymetrozine,23/07/2021,ZT0,1,0
2021-08-04,ETHOSCOPE_265,21,male,CS,pymetrozine,23/07/2021,ZT0,1,0
2021-08-04,ETHOSCOPE_265,22,male,CS,pymetrozine,23/07/2021,ZT0,1,0
2021-08-04,ETHOSCOPE_265,23,male,CS,pymetrozine,23/07/2021,ZT0,1,0
2021-08-04,ETHOSCOPE_265,24,male,CS,pymetrozine,23/07/2021,ZT0,1,0
2021-08-04,ETHOSCOPE_263,1,male,CS,imidacloprid,23/07/2021,ZT0,1,0
2021-08-04,ETHOSCOPE_263,2,male,CS,imidacloprid,23/07/2021,ZT0,1,0
2021-08-04,ETHOSCOPE_263,3,male,CS,imidacloprid,23/07/2021,ZT0,1,0
2021-08-04,ETHOSCOPE_263,4,male,CS,imidacloprid,23/07/2021,ZT0,1,0
2021-08-04,ETHOSCOPE_263,5,male,CS,imidacloprid,23/07/2021,ZT0,1,0
2021-08-04,ETHOSCOPE_263,6,male,CS,imidacloprid,23/07/2021,ZT0,1,0
2021-08-04,ETHOSCOPE_263,7,male,CS,imidacloprid,23/07/2021,ZT0,1,0
2021-08-04,ETHOSCOPE_263,8,male,CS,imidacloprid,23/07/2021,ZT0,1,0
2021-08-04,ETHOSCOPE_263,9,male,CS,imidacloprid,23/07/2021,ZT0,1,0
2021-08-04,ETHOSCOPE_263,10,male,CS,imidacloprid,23/07/2021,ZT0,1,0
2021-08-04,ETHOSCOPE_263,11,male,CS,imidacloprid,23/07/2021,ZT0,1,0
2021-08-04,ETHOSCOPE_263,12,male,CS,imidacloprid,23/07/2021,ZT0,1,0
2021-08-04,ETHOSCOPE_263,13,male,CS,imidacloprid,23/07/2021,ZT0,1,0
2021-08-04,ETHOSCOPE_263,14,male,CS,imidacloprid,23/07/2021,ZT0,1,0
2021-08-04,ETHOSCOPE_263,15,male,CS,imidacloprid,23/07/2021,ZT0,1,0
2021-08-04,ETHOSCOPE_263,16,male,CS,imidacloprid,23/07/2021,ZT0,1,0
2021-08-04,ETHOSCOPE_263,17,male,CS,imidacloprid,23/07/2021,ZT0,1,0
2021-08-04,ETHOSCOPE_263,18,male,CS,imidacloprid,23/07/2021,ZT0,1,0
2021-08-04,ETHOSCOPE_263,19,male,CS,imidacloprid,23/07/2021,ZT0,1,0
2021-08-04,ETHOSCOPE_263,20,male,CS,imidacloprid,23/07/2021,ZT0,1,0
2021-08-04,ETHOSCOPE_263,21,male,CS,imidacloprid,23/07/2021,ZT0,1,0
2021-08-04,ETHOSCOPE_263,22,male,CS,imidacloprid,23/07/2021,ZT0,1,0
2021-08-04,ETHOSCOPE_263,23,male,CS,imidacloprid,23/07/2021,ZT0,1,0
2021-08-04,ETHOSCOPE_263,24,male,CS,imidacloprid,23/07/2021,ZT0,1,0
2021-08-09,ETHOSCOPE_249,1,male,CS,solvent,26/07/2021,ZT0,1,0
2021-08-09,ETHOSCOPE_249,2,male,CS,solvent,26/07/2021,ZT0,1,0
2021-08-09,ETHOSCOPE_249,3,male,CS,solvent,26/07/2021,ZT0,1,0
2021-08-09,ETHOSCOPE_249,4,male,CS,solvent,26/07/2021,ZT0,1,0
2021-08-09,ETHOSCOPE_249,5,male,CS,solvent,26/07/2021,ZT0,1,0
2021-08-09,ETHOSCOPE_249,6,male,CS,solvent,26/07/2021,ZT0,1,0
2021-08-09,ETHOSCOPE_249,7,male,CS,solvent,26/07/2021,ZT0,1,0
2021-08-09,ETHOSCOPE_249,8,male,CS,solvent,26/07/2021,ZT0,1,0
2021-08-09,ETHOSCOPE_249,9,male,CS,solvent,26/07/2021,ZT0,1,0
2021-08-09,ETHOSCOPE_249,10,male,CS,solvent,26/07/2021,ZT0,1,0
2021-08-09,ETHOSCOPE_249,11,male,CS,solvent,26/07/2021,ZT0,1,0
2021-08-09,ETHOSCOPE_249,12,male,CS,solvent,26/07/2021,ZT0,1,0
2021-08-09,ETHOSCOPE_249,13,male,CS,solvent,26/07/2021,ZT0,1,0
2021-08-09,ETHOSCOPE_249,14,male,CS,solvent,26/07/2021,ZT0,1,0
2021-08-09,ETHOSCOPE_249,15,male,CS,solvent,26/07/2021,ZT0,1,0
2021-08-09,ETHOSCOPE_249,16,male,CS,solvent,26/07/2021,ZT0,1,0
2021-08-09,ETHOSCOPE_249,17,male,CS,solvent,26/07/2021,ZT0,1,0
2021-08-09,ETHOSCOPE_249,18,male,CS,solvent,26/07/2021,ZT0,1,0
2021-08-09,ETHOSCOPE_249,19,male,CS,solvent,26/07/2021,ZT0,1,0
2021-08-09,ETHOSCOPE_249,20,male,CS,solvent,26/07/2021,ZT0,1,0
2021-08-09,ETHOSCOPE_249,21,male,CS,solvent,26/07/2021,ZT0,1,0
2021-08-09,ETHOSCOPE_249,22,male,CS,solvent,26/07/2021,ZT0,1,0
2021-08-09,ETHOSCOPE_249,23,male,CS,solvent,26/07/2021,ZT0,1,0
2021-08-09,ETHOSCOPE_249,24,male,CS,solvent,26/07/2021,ZT0,1,0
2021-08-09,ETHOSCOPE_148,1,male,CS,flubendiamde,26/07/2021,ZT0,100,0
2021-08-09,ETHOSCOPE_148,2,male,CS,flubendiamde,26/07/2021,ZT0,100,0
2021-08-09,ETHOSCOPE_148,3,male,CS,flubendiamde,26/07/2021,ZT0,100,0
2021-08-09,ETHOSCOPE_148,4,male,CS,flubendiamde,26/07/2021,ZT0,100,0
2021-08-09,ETHOSCOPE_148,5,male,CS,flubendiamde,26/07/2021,ZT0,100,0
2021-08-09,ETHOSCOPE_148,6,male,CS,flubendiamde,26/07/2021,ZT0,100,0
2021-08-09,ETHOSCOPE_148,7,male,CS,flubendiamde,26/07/2021,ZT0,100,0
2021-08-09,ETHOSCOPE_148,8,male,CS,flubendiamde,26/07/2021,ZT0,100,0
2021-08-09,ETHOSCOPE_148,9,male,CS,flubendiamde,26/07/2021,ZT0,100,0
2021-08-09,ETHOSCOPE_148,10,male,CS,flubendiamde,26/07/2021,ZT0,100,0
2021-08-09,ETHOSCOPE_148,11,male,CS,flubendiamde,26/07/2021,ZT0,100,0
2021-08-09,ETHOSCOPE_148,12,male,CS,flubendiamde,26/07/2021,ZT0,100,0
2021-08-09,ETHOSCOPE_148,13,male,CS,flubendiamde,26/07/2021,ZT0,100,0
2021-08-09,ETHOSCOPE_148,14,male,CS,flubendiamde,26/07/2021,ZT0,100,0
2021-08-09,ETHOSCOPE_148,15,male,CS,flubendiamde,26/07/2021,ZT0,100,0
2021-08-09,ETHOSCOPE_148,16,male,CS,flubendiamde,26/07/2021,ZT0,100,0
2021-08-09,ETHOSCOPE_148,17,male,CS,flubendiamde,26/07/2021,ZT0,100,0
2021-08-09,ETHOSCOPE_148,18,male,CS,flubendiamde,26/07/2021,ZT0,100,0
2021-08-09,ETHOSCOPE_148,19,male,CS,flubendiamde,26/07/2021,ZT0,100,0
2021-08-09,ETHOSCOPE_148,20,male,CS,flubendiamde,26/07/2021,ZT0,100,0
2021-08-09,ETHOSCOPE_148,21,male,CS,flubendiamde,26/07/2021,ZT0,100,0
2021-08-09,ETHOSCOPE_148,22,male,CS,flubendiamde,26/07/2021,ZT0,100,0
2021-08-09,ETHOSCOPE_148,23,male,CS,flubendiamde,26/07/2021,ZT0,100,0
2021-08-09,ETHOSCOPE_148,24,male,CS,flubendiamde,26/07/2021,ZT0,100,0
2021-08-09,ETHOSCOPE_139,1,male,CS,pymetrozine,26/07/2021,ZT0,100,0
2021-08-09,ETHOSCOPE_139,2,male,CS,pymetrozine,26/07/2021,ZT0,100,0
2021-08-09,ETHOSCOPE_139,3,male,CS,pymetrozine,26/07/2021,ZT0,100,0
2021-08-09,ETHOSCOPE_139,4,male,CS,pymetrozine,26/07/2021,ZT0,100,0
2021-08-09,ETHOSCOPE_139,5,male,CS,pymetrozine,26/07/2021,ZT0,100,0
2021-08-09,ETHOSCOPE_139,6,male,CS,pymetrozine,26/07/2021,ZT0,100,0
2021-08-09,ETHOSCOPE_139,7,male,CS,pymetrozine,26/07/2021,ZT0,100,0
2021-08-09,ETHOSCOPE_139,8,male,CS,pymetrozine,26/07/2021,ZT0,100,0
2021-08-09,ETHOSCOPE_139,9,male,CS,pymetrozine,26/07/2021,ZT0,100,0
2021-08-09,ETHOSCOPE_139,10,male,CS,pymetrozine,26/07/2021,ZT0,100,0
2021-08-09,ETHOSCOPE_139,11,male,CS,pymetrozine,26/07/2021,ZT0,100,0
2021-08-09,ETHOSCOPE_139,12,male,CS,pymetrozine,26/07/2021,ZT0,100,0
2021-08-09,ETHOSCOPE_139,13,male,CS,pymetrozine,26/07/2021,ZT0,100,0
2021-08-09,ETHOSCOPE_139,14,male,CS,pymetrozine,26/07/2021,ZT0,100,0
2021-08-09,ETHOSCOPE_139,15,male,CS,pymetrozine,26/07/2021,ZT0,100,0
2021-08-09,ETHOSCOPE_139,16,male,CS,pymetrozine,26/07/2021,ZT0,100,0
2021-08-09,ETHOSCOPE_139,17,male,CS,pymetrozine,26/07/2021,ZT0,100,0
2021-08-09,ETHOSCOPE_139,18,male,CS,pymetrozine,26/07/2021,ZT0,100,0
2021-08-09,ETHOSCOPE_139,19,male,CS,pymetrozine,26/07/2021,ZT0,100,0
2021-08-09,ETHOSCOPE_139,20,male,CS,pymetrozine,26/07/2021,ZT0,100,0
2021-08-09,ETHOSCOPE_139,21,male,CS,pymetrozine,26/07/2021,ZT0,100,0
2021-08-09,ETHOSCOPE_139,22,male,CS,pymetrozine,26/07/2021,ZT0,100,0
2021-08-09,ETHOSCOPE_139,23,male,CS,pymetrozine,26/07/2021,ZT0,100,0
2021-08-09,ETHOSCOPE_139,24,male,CS,pymetrozine,26/07/2021,ZT0,100,0
2021-08-09,ETHOSCOPE_151,1,male,CS,dieldrin,26/07/2021,ZT0,100,0
2021-08-09,ETHOSCOPE_151,2,male,CS,dieldrin,26/07/2021,ZT0,100,0
2021-08-09,ETHOSCOPE_151,3,male,CS,dieldrin,26/07/2021,ZT0,100,0
2021-08-09,ETHOSCOPE_151,4,male,CS,dieldrin,26/07/2021,ZT0,100,0
2021-08-09,ETHOSCOPE_151,5,male,CS,dieldrin,26/07/2021,ZT0,100,0
2021-08-09,ETHOSCOPE_151,6,male,CS,dieldrin,26/07/2021,ZT0,100,0
2021-08-09,ETHOSCOPE_151,7,male,CS,dieldrin,26/07/2021,ZT0,100,0
2021-08-09,ETHOSCOPE_151,8,male,CS,dieldrin,26/07/2021,ZT0,100,0
2021-08-09,ETHOSCOPE_151,9,male,CS,dieldrin,26/07/2021,ZT0,100,0
2021-08-09,ETHOSCOPE_151,10,male,CS,dieldrin,26/07/2021,ZT0,100,0
2021-08-09,ETHOSCOPE_151,11,male,CS,dieldrin,26/07/2021,ZT0,100,0
2021-08-09,ETHOSCOPE_151,12,male,CS,dieldrin,26/07/2021,ZT0,100,0
2021-08-09,ETHOSCOPE_151,13,male,CS,dieldrin,26/07/2021,ZT0,100,0
2021-08-09,ETHOSCOPE_151,14,male,CS,dieldrin,26/07/2021,ZT0,100,0
2021-08-09,ETHOSCOPE_151,15,male,CS,dieldrin,26/07/2021,ZT0,100,0
2021-08-09,ETHOSCOPE_151,16,male,CS,dieldrin,26/07/2021,ZT0,100,0
2021-08-09,ETHOSCOPE_151,17,male,CS,dieldrin,26/07/2021,ZT0,100,0
2021-08-09,ETHOSCOPE_151,18,male,CS,dieldrin,26/07/2021,ZT0,100,0
2021-08-09,ETHOSCOPE_151,19,male,CS,dieldrin,26/07/2021,ZT0,100,0
2021-08-09,ETHOSCOPE_151,20,male,CS,dieldrin,26/07/2021,ZT0,100,0
2021-08-09,ETHOSCOPE_151,21,male,CS,dieldrin,26/07/2021,ZT0,100,0
2021-08-09,ETHOSCOPE_151,22,male,CS,dieldrin,26/07/2021,ZT0,100,0
2021-08-09,ETHOSCOPE_151,23,male,CS,dieldrin,26/07/2021,ZT0,100,0
2021-08-09,ETHOSCOPE_151,24,male,CS,dieldrin,26/07/2021,ZT0,100,0
2021-08-12,ETHOSCOPE_125,1,male,CS,pymetrozine,30/07/2021,ZT0,1,0
2021-08-12,ETHOSCOPE_125,2,male,CS,pymetrozine,30/07/2021,ZT0,1,0
2021-08-12,ETHOSCOPE_125,3,male,CS,pymetrozine,30/07/2021,ZT0,1,0
2021-08-12,ETHOSCOPE_125,4,male,CS,pymetrozine,30/07/2021,ZT0,1,0
2021-08-12,ETHOSCOPE_125,5,male,CS,pymetrozine,30/07/2021,ZT0,1,0
2021-08-12,ETHOSCOPE_125,6,male,CS,pymetrozine,30/07/2021,ZT0,1,0
2021-08-12,ETHOSCOPE_125,7,male,CS,pymetrozine,30/07/2021,ZT0,1,0
2021-08-12,ETHOSCOPE_125,8,male,CS,pymetrozine,30/07/2021,ZT0,1,0
2021-08-12,ETHOSCOPE_125,9,male,CS,pymetrozine,30/07/2021,ZT0,1,0
2021-08-12,ETHOSCOPE_125,10,male,CS,pymetrozine,30/07/2021,ZT0,1,0
2021-08-12,ETHOSCOPE_125,11,male,CS,pymetrozine,30/07/2021,ZT0,1,0
2021-08-12,ETHOSCOPE_125,12,male,CS,pymetrozine,30/07/2021,ZT0,1,0
2021-08-12,ETHOSCOPE_125,13,male,CS,pymetrozine,30/07/2021,ZT0,1,0
2021-08-12,ETHOSCOPE_125,14,male,CS,pymetrozine,30/07/2021,ZT0,1,0
2021-08-12,ETHOSCOPE_125,15,male,CS,pymetrozine,30/07/2021,ZT0,1,0
2021-08-12,ETHOSCOPE_125,16,male,CS,pymetrozine,30/07/2021,ZT0,1,0
2021-08-12,ETHOSCOPE_125,17,male,CS,pymetrozine,30/07/2021,ZT0,1,0
2021-08-12,ETHOSCOPE_125,18,male,CS,pymetrozine,30/07/2021,ZT0,1,0
2021-08-12,ETHOSCOPE_125,19,male,CS,pymetrozine,30/07/2021,ZT0,1,0
2021-08-12,ETHOSCOPE_125,20,male,CS,pymetrozine,30/07/2021,ZT0,1,0
2021-08-12,ETHOSCOPE_125,21,male,CS,pymetrozine,30/07/2021,ZT0,1,0
2021-08-12,ETHOSCOPE_125,22,male,CS,pymetrozine,30/07/2021,ZT0,1,0
2021-08-12,ETHOSCOPE_125,23,male,CS,pymetrozine,30/07/2021,ZT0,1,0
2021-08-12,ETHOSCOPE_125,24,male,CS,pymetrozine,30/07/2021,ZT0,1,0
2021-08-12,ETHOSCOPE_218,1,male,CS,pymetrozine,30/07/2021,ZT0,100,0
2021-08-12,ETHOSCOPE_218,2,male,CS,pymetrozine,30/07/2021,ZT0,100,0
2021-08-12,ETHOSCOPE_218,3,male,CS,pymetrozine,30/07/2021,ZT0,100,0
2021-08-12,ETHOSCOPE_218,4,male,CS,pymetrozine,30/07/2021,ZT0,100,0
2021-08-12,ETHOSCOPE_218,5,male,CS,pymetrozine,30/07/2021,ZT0,100,0
2021-08-12,ETHOSCOPE_218,6,male,CS,pymetrozine,30/07/2021,ZT0,100,0
2021-08-12,ETHOSCOPE_218,7,male,CS,pymetrozine,30/07/2021,ZT0,100,0
2021-08-12,ETHOSCOPE_218,8,male,CS,pymetrozine,30/07/2021,ZT0,100,0
2021-08-12,ETHOSCOPE_218,9,male,CS,pymetrozine,30/07/2021,ZT0,100,0
2021-08-12,ETHOSCOPE_218,10,male,CS,pymetrozine,30/07/2021,ZT0,100,0
2021-08-12,ETHOSCOPE_218,11,male,CS,pymetrozine,30/07/2021,ZT0,100,0
2021-08-12,ETHOSCOPE_218,12,male,CS,pymetrozine,30/07/2021,ZT0,100,0
2021-08-12,ETHOSCOPE_218,13,male,CS,pymetrozine,30/07/2021,ZT0,100,0
2021-08-12,ETHOSCOPE_218,14,male,CS,pymetrozine,30/07/2021,ZT0,100,0
2021-08-12,ETHOSCOPE_218,15,male,CS,pymetrozine,30/07/2021,ZT0,100,0
2021-08-12,ETHOSCOPE_218,16,male,CS,pymetrozine,30/07/2021,ZT0,100,0
2021-08-12,ETHOSCOPE_218,17,male,CS,pymetrozine,30/07/2021,ZT0,100,0
2021-08-12,ETHOSCOPE_218,18,male,CS,pymetrozine,30/07/2021,ZT0,100,0
2021-08-12,ETHOSCOPE_218,19,male,CS,pymetrozine,30/07/2021,ZT0,100,0
2021-08-12,ETHOSCOPE_218,20,male,CS,pymetrozine,30/07/2021,ZT0,100,0
2021-08-12,ETHOSCOPE_218,21,male,CS,pymetrozine,30/07/2021,ZT0,100,0
2021-08-12,ETHOSCOPE_218,22,male,CS,pymetrozine,30/07/2021,ZT0,100,0
2021-08-12,ETHOSCOPE_218,23,male,CS,pymetrozine,30/07/2021,ZT0,100,0
2021-08-12,ETHOSCOPE_218,24,male,CS,pymetrozine,30/07/2021,ZT0,100,0
2021-08-12,ETHOSCOPE_259,1,male,CS,flubendiamde,30/07/2021,ZT0,100,0
2021-08-12,ETHOSCOPE_259,2,male,CS,flubendiamde,30/07/2021,ZT0,100,0
2021-08-12,ETHOSCOPE_259,3,male,CS,flubendiamde,30/07/2021,ZT0,100,0
2021-08-12,ETHOSCOPE_259,4,male,CS,flubendiamde,30/07/2021,ZT0,100,0
2021-08-12,ETHOSCOPE_259,5,male,CS,flubendiamde,30/07/2021,ZT0,100,0
2021-08-12,ETHOSCOPE_259,6,male,CS,flubendiamde,30/07/2021,ZT0,100,0
2021-08-12,ETHOSCOPE_259,7,male,CS,flubendiamde,30/07/2021,ZT0,100,0
2021-08-12,ETHOSCOPE_259,8,male,CS,flubendiamde,30/07/2021,ZT0,100,0
2021-08-12,ETHOSCOPE_259,9,male,CS,flubendiamde,30/07/2021,ZT0,100,0
2021-08-12,ETHOSCOPE_259,10,male,CS,flubendiamde,30/07/2021,ZT0,100,0
2021-08-12,ETHOSCOPE_259,11,male,CS,flubendiamde,30/07/2021,ZT0,100,0
2021-08-12,ETHOSCOPE_259,12,male,CS,flubendiamde,30/07/2021,ZT0,100,0
2021-08-12,ETHOSCOPE_259,13,male,CS,flubendiamde,30/07/2021,ZT0,100,0
2021-08-12,ETHOSCOPE_259,14,male,CS,flubendiamde,30/07/2021,ZT0,100,0
2021-08-12,ETHOSCOPE_259,15,male,CS,flubendiamde,30/07/2021,ZT0,100,0
2021-08-12,ETHOSCOPE_259,16,male,CS,flubendiamde,30/07/2021,ZT0,100,0
2021-08-12,ETHOSCOPE_259,17,male,CS,flubendiamde,30/07/2021,ZT0,100,0
2021-08-12,ETHOSCOPE_259,18,male,CS,flubendiamde,30/07/2021,ZT0,100,0
2021-08-12,ETHOSCOPE_259,19,male,CS,flubendiamde,30/07/2021,ZT0,100,0
2021-08-12,ETHOSCOPE_259,20,male,CS,flubendiamde,30/07/2021,ZT0,100,0
2021-08-12,ETHOSCOPE_259,21,male,CS,flubendiamde,30/07/2021,ZT0,100,0
2021-08-12,ETHOSCOPE_259,22,male,CS,flubendiamde,30/07/2021,ZT0,100,0
2021-08-12,ETHOSCOPE_259,23,male,CS,flubendiamde,30/07/2021,ZT0,100,0
2021-08-12,ETHOSCOPE_259,24,male,CS,flubendiamde,30/07/2021,ZT0,100,0
2021-08-18,ETHOSCOPE_249,1,male,CS,imidacloprid,02/08/2021,ZT0,100,0
2021-08-18,ETHOSCOPE_249,2,male,CS,imidacloprid,02/08/2021,ZT0,100,0
2021-08-18,ETHOSCOPE_249,3,male,CS,imidacloprid,02/08/2021,ZT0,100,0
2021-08-18,ETHOSCOPE_249,4,male,CS,imidacloprid,02/08/2021,ZT0,100,0
2021-08-18,ETHOSCOPE_249,5,male,CS,imidacloprid,02/08/2021,ZT0,100,0
2021-08-18,ETHOSCOPE_249,6,male,CS,imidacloprid,02/08/2021,ZT0,100,0
2021-08-18,ETHOSCOPE_249,7,male,CS,imidacloprid,02/08/2021,ZT0,100,0
2021-08-18,ETHOSCOPE_249,8,male,CS,imidacloprid,02/08/2021,ZT0,100,0
2021-08-18,ETHOSCOPE_249,9,male,CS,imidacloprid,02/08/2021,ZT0,100,0
2021-08-18,ETHOSCOPE_249,10,male,CS,imidacloprid,02/08/2021,ZT0,100,0
2021-08-18,ETHOSCOPE_249,11,male,CS,imidacloprid,02/08/2021,ZT0,100,0
2021-08-18,ETHOSCOPE_249,12,male,CS,imidacloprid,02/08/2021,ZT0,100,0
2021-08-18,ETHOSCOPE_249,13,male,CS,imidacloprid,02/08/2021,ZT0,100,0
2021-08-18,ETHOSCOPE_249,14,male,CS,imidacloprid,02/08/2021,ZT0,100,0
2021-08-18,ETHOSCOPE_249,15,male,CS,imidacloprid,02/08/2021,ZT0,100,0
2021-08-18,ETHOSCOPE_249,16,male,CS,imidacloprid,02/08/2021,ZT0,100,0
2021-08-18,ETHOSCOPE_249,17,male,CS,imidacloprid,02/08/2021,ZT0,100,0
2021-08-18,ETHOSCOPE_249,18,male,CS,imidacloprid,02/08/2021,ZT0,100,0
2021-08-18,ETHOSCOPE_249,19,male,CS,imidacloprid,02/08/2021,ZT0,100,0
2021-08-18,ETHOSCOPE_249,20,male,CS,imidacloprid,02/08/2021,ZT0,100,0
2021-08-18,ETHOSCOPE_249,21,male,CS,imidacloprid,02/08/2021,ZT0,100,0
2021-08-18,ETHOSCOPE_249,22,male,CS,imidacloprid,02/08/2021,ZT0,100,0
2021-08-18,ETHOSCOPE_249,23,male,CS,imidacloprid,02/08/2021,ZT0,100,0
2021-08-18,ETHOSCOPE_249,24,male,CS,imidacloprid,02/08/2021,ZT0,100,0
2021-08-18,ETHOSCOPE_139,1,male,CS,flubendiamde,02/08/2021,ZT0,100,0
2021-08-18,ETHOSCOPE_139,2,male,CS,flubendiamde,02/08/2021,ZT0,100,0
2021-08-18,ETHOSCOPE_139,3,male,CS,flubendiamde,02/08/2021,ZT0,100,0
2021-08-18,ETHOSCOPE_139,4,male,CS,flubendiamde,02/08/2021,ZT0,100,0
2021-08-18,ETHOSCOPE_139,5,male,CS,flubendiamde,02/08/2021,ZT0,100,0
2021-08-18,ETHOSCOPE_139,6,male,CS,flubendiamde,02/08/2021,ZT0,100,0
2021-08-18,ETHOSCOPE_139,7,male,CS,flubendiamde,02/08/2021,ZT0,100,0
2021-08-18,ETHOSCOPE_139,8,male,CS,flubendiamde,02/08/2021,ZT0,100,0
2021-08-18,ETHOSCOPE_139,9,male,CS,flubendiamde,02/08/2021,ZT0,100,0
2021-08-18,ETHOSCOPE_139,10,male,CS,flubendiamde,02/08/2021,ZT0,100,0
2021-08-18,ETHOSCOPE_139,11,male,CS,flubendiamde,02/08/2021,ZT0,100,0
2021-08-18,ETHOSCOPE_139,12,male,CS,flubendiamde,02/08/2021,ZT0,100,0
2021-08-18,ETHOSCOPE_139,13,male,CS,flubendiamde,02/08/2021,ZT0,100,0
2021-08-18,ETHOSCOPE_139,14,male,CS,flubendiamde,02/08/2021,ZT0,100,0
2021-08-18,ETHOSCOPE_139,15,male,CS,flubendiamde,02/08/2021,ZT0,100,0
2021-08-18,ETHOSCOPE_139,16,male,CS,flubendiamde,02/08/2021,ZT0,100,0
2021-08-18,ETHOSCOPE_139,17,male,CS,flubendiamde,02/08/2021,ZT0,100,0
2021-08-18,ETHOSCOPE_139,18,male,CS,flubendiamde,02/08/2021,ZT0,100,0
2021-08-18,ETHOSCOPE_139,19,male,CS,flubendiamde,02/08/2021,ZT0,100,0
2021-08-18,ETHOSCOPE_139,20,male,CS,flubendiamde,02/08/2021,ZT0,100,0
2021-08-18,ETHOSCOPE_139,21,male,CS,flubendiamde,02/08/2021,ZT0,100,0
2021-08-18,ETHOSCOPE_139,22,male,CS,flubendiamde,02/08/2021,ZT0,100,0
2021-08-18,ETHOSCOPE_139,23,male,CS,flubendiamde,02/08/2021,ZT0,100,0
2021-08-18,ETHOSCOPE_139,24,male,CS,flubendiamde,02/08/2021,ZT0,100,0
2021-08-18,ETHOSCOPE_151,1,male,CS,flubendiamde,02/08/2021,ZT1,1,-0.0417
2021-08-18,ETHOSCOPE_151,2,male,CS,flubendiamde,02/08/2021,ZT1,1,-0.0417
2021-08-18,ETHOSCOPE_151,3,male,CS,flubendiamde,02/08/2021,ZT1,1,-0.0417
2021-08-18,ETHOSCOPE_151,4,male,CS,flubendiamde,02/08/2021,ZT1,1,-0.0417
2021-08-18,ETHOSCOPE_151,5,male,CS,flubendiamde,02/08/2021,ZT1,1,-0.0417
2021-08-18,ETHOSCOPE_151,6,male,CS,flubendiamde,02/08/2021,ZT1,1,-0.0417
2021-08-18,ETHOSCOPE_151,7,male,CS,flubendiamde,02/08/2021,ZT1,1,-0.0417
2021-08-18,ETHOSCOPE_151,8,male,CS,flubendiamde,02/08/2021,ZT1,1,-0.0417
2021-08-18,ETHOSCOPE_151,9,male,CS,flubendiamde,02/08/2021,ZT1,1,-0.0417
2021-08-18,ETHOSCOPE_151,10,male,CS,flubendiamde,02/08/2021,ZT1,1,-0.0417
2021-08-18,ETHOSCOPE_151,11,male,CS,flubendiamde,02/08/2021,ZT1,1,-0.0417
2021-08-18,ETHOSCOPE_151,12,male,CS,flubendiamde,02/08/2021,ZT1,1,-0.0417
2021-08-18,ETHOSCOPE_151,13,male,CS,flubendiamde,02/08/2021,ZT1,1,-0.0417
2021-08-18,ETHOSCOPE_151,14,male,CS,flubendiamde,02/08/2021,ZT1,1,-0.0417
2021-08-18,ETHOSCOPE_151,15,male,CS,flubendiamde,02/08/2021,ZT1,1,-0.0417
2021-08-18,ETHOSCOPE_151,16,male,CS,flubendiamde,02/08/2021,ZT1,1,-0.0417
2021-08-18,ETHOSCOPE_151,17,male,CS,flubendiamde,02/08/2021,ZT1,1,-0.0417
2021-08-18,ETHOSCOPE_151,18,male,CS,flubendiamde,02/08/2021,ZT1,1,-0.0417
2021-08-18,ETHOSCOPE_151,19,male,CS,flubendiamde,02/08/2021,ZT1,1,-0.0417
2021-08-18,ETHOSCOPE_151,20,male,CS,flubendiamde,02/08/2021,ZT1,1,-0.0417
2021-08-18,ETHOSCOPE_151,21,male,CS,flubendiamde,02/08/2021,ZT1,1,-0.0417
2021-08-18,ETHOSCOPE_151,22,male,CS,flubendiamde,02/08/2021,ZT1,1,-0.0417
2021-08-18,ETHOSCOPE_151,23,male,CS,flubendiamde,02/08/2021,ZT1,1,-0.0417
2021-08-18,ETHOSCOPE_151,24,male,CS,flubendiamde,02/08/2021,ZT1,1,-0.0417
2021-08-18,ETHOSCOPE_148,1,male,CS,pymetrozine,02/08/2021,ZT0,100,0
2021-08-18,ETHOSCOPE_148,2,male,CS,pymetrozine,02/08/2021,ZT0,100,0
2021-08-18,ETHOSCOPE_148,3,male,CS,pymetrozine,02/08/2021,ZT0,100,0
2021-08-18,ETHOSCOPE_148,4,male,CS,pymetrozine,02/08/2021,ZT0,100,0
2021-08-18,ETHOSCOPE_148,5,male,CS,pymetrozine,02/08/2021,ZT0,100,0
2021-08-18,ETHOSCOPE_148,6,male,CS,pymetrozine,02/08/2021,ZT0,100,0
2021-08-18,ETHOSCOPE_148,7,male,CS,pymetrozine,02/08/2021,ZT0,100,0
2021-08-18,ETHOSCOPE_148,8,male,CS,pymetrozine,02/08/2021,ZT0,100,0
2021-08-18,ETHOSCOPE_148,9,male,CS,pymetrozine,02/08/2021,ZT0,100,0
2021-08-18,ETHOSCOPE_148,10,male,CS,pymetrozine,02/08/2021,ZT0,100,0
2021-08-18,ETHOSCOPE_148,11,male,CS,pymetrozine,02/08/2021,ZT0,100,0
2021-08-18,ETHOSCOPE_148,12,male,CS,pymetrozine,02/08/2021,ZT0,100,0
2021-08-18,ETHOSCOPE_148,13,male,CS,pymetrozine,02/08/2021,ZT0,100,0
2021-08-18,ETHOSCOPE_148,14,male,CS,pymetrozine,02/08/2021,ZT0,100,0
2021-08-18,ETHOSCOPE_148,15,male,CS,pymetrozine,02/08/2021,ZT0,100,0
2021-08-18,ETHOSCOPE_148,16,male,CS,pymetrozine,02/08/2021,ZT0,100,0
2021-08-18,ETHOSCOPE_148,17,male,CS,pymetrozine,02/08/2021,ZT0,100,0
2021-08-18,ETHOSCOPE_148,18,male,CS,pymetrozine,02/08/2021,ZT0,100,0
2021-08-18,ETHOSCOPE_148,19,male,CS,pymetrozine,02/08/2021,ZT0,100,0
2021-08-18,ETHOSCOPE_148,20,male,CS,pymetrozine,02/08/2021,ZT0,100,0
2021-08-18,ETHOSCOPE_148,21,male,CS,pymetrozine,02/08/2021,ZT0,100,0
2021-08-18,ETHOSCOPE_148,22,male,CS,pymetrozine,02/08/2021,ZT0,100,0
2021-08-18,ETHOSCOPE_148,23,male,CS,pymetrozine,02/08/2021,ZT0,100,0
2021-08-18,ETHOSCOPE_148,24,male,CS,pymetrozine,02/08/2021,ZT0,100,0
2021-08-20,ETHOSCOPE_108,1,male,CS,flubendiamde,04/08/2021,ZT0,1,0
2021-08-20,ETHOSCOPE_108,2,male,CS,flubendiamde,04/08/2021,ZT0,1,0
2021-08-20,ETHOSCOPE_108,3,male,CS,flubendiamde,04/08/2021,ZT0,1,0
2021-08-20,ETHOSCOPE_108,4,male,CS,flubendiamde,04/08/2021,ZT0,1,0
2021-08-20,ETHOSCOPE_108,5,male,CS,flubendiamde,04/08/2021,ZT0,1,0
2021-08-20,ETHOSCOPE_108,6,male,CS,flubendiamde,04/08/2021,ZT0,1,0
2021-08-20,ETHOSCOPE_108,7,male,CS,flubendiamde,04/08/2021,ZT0,1,0
2021-08-20,ETHOSCOPE_108,8,male,CS,flubendiamde,04/08/2021,ZT0,1,0
2021-08-20,ETHOSCOPE_108,9,male,CS,flubendiamde,04/08/2021,ZT0,1,0
2021-08-20,ETHOSCOPE_108,10,male,CS,flubendiamde,04/08/2021,ZT0,1,0
2021-08-20,ETHOSCOPE_108,11,male,CS,flubendiamde,04/08/2021,ZT0,1,0
2021-08-20,ETHOSCOPE_108,12,male,CS,flubendiamde,04/08/2021,ZT0,1,0
2021-08-20,ETHOSCOPE_108,13,male,CS,flubendiamde,04/08/2021,ZT0,1,0
2021-08-20,ETHOSCOPE_108,14,male,CS,flubendiamde,04/08/2021,ZT0,1,0
2021-08-20,ETHOSCOPE_108,15,male,CS,flubendiamde,04/08/2021,ZT0,1,0
2021-08-20,ETHOSCOPE_108,16,male,CS,flubendiamde,04/08/2021,ZT0,1,0
2021-08-20,ETHOSCOPE_108,17,male,CS,flubendiamde,04/08/2021,ZT0,1,0
2021-08-20,ETHOSCOPE_108,18,male,CS,flubendiamde,04/08/2021,ZT0,1,0
2021-08-20,ETHOSCOPE_108,19,male,CS,flubendiamde,04/08/2021,ZT0,1,0
2021-08-20,ETHOSCOPE_108,20,male,CS,flubendiamde,04/08/2021,ZT0,1,0
2021-08-20,ETHOSCOPE_108,21,male,CS,flubendiamde,04/08/2021,ZT0,1,0
2021-08-20,ETHOSCOPE_108,22,male,CS,flubendiamde,04/08/2021,ZT0,1,0
2021-08-20,ETHOSCOPE_108,23,male,CS,flubendiamde,04/08/2021,ZT0,1,0
2021-08-20,ETHOSCOPE_108,24,male,CS,flubendiamde,04/08/2021,ZT0,1,0
2021-08-20,ETHOSCOPE_141,1,male,CS,imidacloprid,04/08/2021,ZT0,100,0
2021-08-20,ETHOSCOPE_141,2,male,CS,imidacloprid,04/08/2021,ZT0,100,0
2021-08-20,ETHOSCOPE_141,3,male,CS,imidacloprid,04/08/2021,ZT0,100,0
2021-08-20,ETHOSCOPE_141,4,male,CS,imidacloprid,04/08/2021,ZT0,100,0
2021-08-20,ETHOSCOPE_141,5,male,CS,imidacloprid,04/08/2021,ZT0,100,0
2021-08-20,ETHOSCOPE_141,6,male,CS,imidacloprid,04/08/2021,ZT0,100,0
2021-08-20,ETHOSCOPE_141,7,male,CS,imidacloprid,04/08/2021,ZT0,100,0
2021-08-20,ETHOSCOPE_141,8,male,CS,imidacloprid,04/08/2021,ZT0,100,0
2021-08-20,ETHOSCOPE_141,9,male,CS,imidacloprid,04/08/2021,ZT0,100,0
2021-08-20,ETHOSCOPE_141,10,male,CS,imidacloprid,04/08/2021,ZT0,100,0
2021-08-20,ETHOSCOPE_141,11,male,CS,imidacloprid,04/08/2021,ZT0,100,0
2021-08-20,ETHOSCOPE_141,12,male,CS,imidacloprid,04/08/2021,ZT0,100,0
2021-08-20,ETHOSCOPE_141,13,male,CS,imidacloprid,04/08/2021,ZT0,100,0
2021-08-20,ETHOSCOPE_141,14,male,CS,imidacloprid,04/08/2021,ZT0,100,0
2021-08-20,ETHOSCOPE_141,15,male,CS,imidacloprid,04/08/2021,ZT0,100,0
2021-08-20,ETHOSCOPE_141,16,male,CS,imidacloprid,04/08/2021,ZT0,100,0
2021-08-20,ETHOSCOPE_141,17,male,CS,imidacloprid,04/08/2021,ZT0,100,0
2021-08-20,ETHOSCOPE_141,18,male,CS,imidacloprid,04/08/2021,ZT0,100,0
2021-08-20,ETHOSCOPE_141,19,male,CS,imidacloprid,04/08/2021,ZT0,100,0
2021-08-20,ETHOSCOPE_141,20,male,CS,imidacloprid,04/08/2021,ZT0,100,0
2021-08-20,ETHOSCOPE_141,21,male,CS,imidacloprid,04/08/2021,ZT0,100,0
2021-08-20,ETHOSCOPE_141,22,male,CS,imidacloprid,04/08/2021,ZT0,100,0
2021-08-20,ETHOSCOPE_141,23,male,CS,imidacloprid,04/08/2021,ZT0,100,0
2021-08-20,ETHOSCOPE_141,24,male,CS,imidacloprid,04/08/2021,ZT0,100,0
2021-08-20,ETHOSCOPE_147,1,male,CS,dieldrin,04/08/2021,ZT0,1,0
2021-08-20,ETHOSCOPE_147,2,male,CS,dieldrin,04/08/2021,ZT0,1,0
2021-08-20,ETHOSCOPE_147,3,male,CS,dieldrin,04/08/2021,ZT0,1,0
2021-08-20,ETHOSCOPE_147,4,male,CS,dieldrin,04/08/2021,ZT0,1,0
2021-08-20,ETHOSCOPE_147,5,male,CS,dieldrin,04/08/2021,ZT0,1,0
2021-08-20,ETHOSCOPE_147,6,male,CS,dieldrin,04/08/2021,ZT0,1,0
2021-08-20,ETHOSCOPE_147,7,male,CS,dieldrin,04/08/2021,ZT0,1,0
2021-08-20,ETHOSCOPE_147,8,male,CS,dieldrin,04/08/2021,ZT0,1,0
2021-08-20,ETHOSCOPE_147,9,male,CS,dieldrin,04/08/2021,ZT0,1,0
2021-08-20,ETHOSCOPE_147,10,male,CS,dieldrin,04/08/2021,ZT0,1,0
2021-08-20,ETHOSCOPE_147,11,male,CS,dieldrin,04/08/2021,ZT0,1,0
2021-08-20,ETHOSCOPE_147,12,male,CS,dieldrin,04/08/2021,ZT0,1,0
2021-08-20,ETHOSCOPE_147,13,male,CS,dieldrin,04/08/2021,ZT0,1,0
2021-08-20,ETHOSCOPE_147,14,male,CS,dieldrin,04/08/2021,ZT0,1,0
2021-08-20,ETHOSCOPE_147,15,male,CS,dieldrin,04/08/2021,ZT0,1,0
2021-08-20,ETHOSCOPE_147,16,male,CS,dieldrin,04/08/2021,ZT0,1,0
2021-08-20,ETHOSCOPE_147,17,male,CS,dieldrin,04/08/2021,ZT0,1,0
2021-08-20,ETHOSCOPE_147,18,male,CS,dieldrin,04/08/2021,ZT0,1,0
2021-08-20,ETHOSCOPE_147,19,male,CS,dieldrin,04/08/2021,ZT0,1,0
2021-08-20,ETHOSCOPE_147,20,male,CS,dieldrin,04/08/2021,ZT0,1,0
2021-08-20,ETHOSCOPE_147,21,male,CS,dieldrin,04/08/2021,ZT0,1,0
2021-08-20,ETHOSCOPE_147,22,male,CS,dieldrin,04/08/2021,ZT0,1,0
2021-08-20,ETHOSCOPE_147,23,male,CS,dieldrin,04/08/2021,ZT0,1,0
2021-08-20,ETHOSCOPE_147,24,male,CS,dieldrin,04/08/2021,ZT0,1,0
2021-08-20,ETHOSCOPE_217,1,male,CS,CSCD595706,04/08/2021,ZT0,1000,0
2021-08-20,ETHOSCOPE_217,2,male,CS,CSCD595706,04/08/2021,ZT0,1000,0
2021-08-20,ETHOSCOPE_217,3,male,CS,CSCD595706,04/08/2021,ZT0,1000,0
2021-08-20,ETHOSCOPE_217,4,male,CS,CSCD595706,04/08/2021,ZT0,1000,0
2021-08-20,ETHOSCOPE_217,5,male,CS,CSCD595706,04/08/2021,ZT0,1000,0
2021-08-20,ETHOSCOPE_217,6,male,CS,CSCD595706,04/08/2021,ZT0,1000,0
2021-08-20,ETHOSCOPE_217,7,male,CS,CSCD595706,04/08/2021,ZT0,1000,0
2021-08-20,ETHOSCOPE_217,8,male,CS,CSCD595706,04/08/2021,ZT0,1000,0
2021-08-20,ETHOSCOPE_217,9,male,CS,CSCD595706,04/08/2021,ZT0,1000,0
2021-08-20,ETHOSCOPE_217,10,male,CS,CSCD595706,04/08/2021,ZT0,1000,0
2021-08-20,ETHOSCOPE_217,11,male,CS,CSCD595706,04/08/2021,ZT0,1000,0
2021-08-20,ETHOSCOPE_217,12,male,CS,CSCD595706,04/08/2021,ZT0,1000,0
2021-08-20,ETHOSCOPE_217,13,male,CS,CSCD595706,04/08/2021,ZT0,1000,0
2021-08-20,ETHOSCOPE_217,14,male,CS,CSCD595706,04/08/2021,ZT0,1000,0
2021-08-20,ETHOSCOPE_217,15,male,CS,CSCD595706,04/08/2021,ZT0,1000,0
2021-08-20,ETHOSCOPE_217,16,male,CS,CSCD595706,04/08/2021,ZT0,1000,0
2021-08-20,ETHOSCOPE_217,17,male,CS,CSCD595706,04/08/2021,ZT0,1000,0
2021-08-20,ETHOSCOPE_217,18,male,CS,CSCD595706,04/08/2021,ZT0,1000,0
2021-08-20,ETHOSCOPE_217,19,male,CS,CSCD595706,04/08/2021,ZT0,1000,0
2021-08-20,ETHOSCOPE_217,20,male,CS,CSCD595706,04/08/2021,ZT0,1000,0
2021-08-20,ETHOSCOPE_217,21,male,CS,CSCD595706,04/08/2021,ZT0,1000,0
2021-08-20,ETHOSCOPE_217,22,male,CS,CSCD595706,04/08/2021,ZT0,1000,0
2021-08-20,ETHOSCOPE_217,23,male,CS,CSCD595706,04/08/2021,ZT0,1000,0
2021-08-20,ETHOSCOPE_217,24,male,CS,CSCD595706,04/08/2021,ZT0,1000,0
2021-08-24,ETHOSCOPE_261,1,male,CS,flubendiamde,09/08/2021,ZT0,1,0
2021-08-24,ETHOSCOPE_261,2,male,CS,flubendiamde,09/08/2021,ZT0,1,0
2021-08-24,ETHOSCOPE_261,3,male,CS,flubendiamde,09/08/2021,ZT0,1,0
2021-08-24,ETHOSCOPE_261,4,male,CS,flubendiamde,09/08/2021,ZT0,1,0
2021-08-24,ETHOSCOPE_261,5,male,CS,flubendiamde,09/08/2021,ZT0,1,0
2021-08-24,ETHOSCOPE_261,6,male,CS,flubendiamde,09/08/2021,ZT0,1,0
2021-08-24,ETHOSCOPE_261,7,male,CS,flubendiamde,09/08/2021,ZT0,1,0
2021-08-24,ETHOSCOPE_261,8,male,CS,flubendiamde,09/08/2021,ZT0,1,0
2021-08-24,ETHOSCOPE_261,9,male,CS,flubendiamde,09/08/2021,ZT0,1,0
2021-08-24,ETHOSCOPE_261,10,male,CS,flubendiamde,09/08/2021,ZT0,1,0
2021-08-24,ETHOSCOPE_261,11,male,CS,flubendiamde,09/08/2021,ZT0,1,0
2021-08-24,ETHOSCOPE_261,12,male,CS,flubendiamde,09/08/2021,ZT0,1,0
2021-08-24,ETHOSCOPE_261,13,male,CS,flubendiamde,09/08/2021,ZT0,1,0
2021-08-24,ETHOSCOPE_261,14,male,CS,flubendiamde,09/08/2021,ZT0,1,0
2021-08-24,ETHOSCOPE_261,15,male,CS,flubendiamde,09/08/2021,ZT0,1,0
2021-08-24,ETHOSCOPE_261,16,male,CS,flubendiamde,09/08/2021,ZT0,1,0
2021-08-24,ETHOSCOPE_261,17,male,CS,flubendiamde,09/08/2021,ZT0,1,0
2021-08-24,ETHOSCOPE_261,18,male,CS,flubendiamde,09/08/2021,ZT0,1,0
2021-08-24,ETHOSCOPE_261,19,male,CS,flubendiamde,09/08/2021,ZT0,1,0
2021-08-24,ETHOSCOPE_261,20,male,CS,flubendiamde,09/08/2021,ZT0,1,0
2021-08-24,ETHOSCOPE_261,21,male,CS,flubendiamde,09/08/2021,ZT0,1,0
2021-08-24,ETHOSCOPE_261,22,male,CS,flubendiamde,09/08/2021,ZT0,1,0
2021-08-24,ETHOSCOPE_261,23,male,CS,flubendiamde,09/08/2021,ZT0,1,0
2021-08-24,ETHOSCOPE_261,24,male,CS,flubendiamde,09/08/2021,ZT0,1,0
2021-08-24,ETHOSCOPE_139,1,male,CS,imidacloprid,09/08/2021,ZT0,100,0
2021-08-24,ETHOSCOPE_139,2,male,CS,imidacloprid,09/08/2021,ZT0,100,0
2021-08-24,ETHOSCOPE_139,3,male,CS,imidacloprid,09/08/2021,ZT0,100,0
2021-08-24,ETHOSCOPE_139,4,male,CS,imidacloprid,09/08/2021,ZT0,100,0
2021-08-24,ETHOSCOPE_139,5,male,CS,imidacloprid,09/08/2021,ZT0,100,0
2021-08-24,ETHOSCOPE_139,6,male,CS,imidacloprid,09/08/2021,ZT0,100,0
2021-08-24,ETHOSCOPE_139,7,male,CS,imidacloprid,09/08/2021,ZT0,100,0
2021-08-24,ETHOSCOPE_139,8,male,CS,imidacloprid,09/08/2021,ZT0,100,0
2021-08-24,ETHOSCOPE_139,9,male,CS,imidacloprid,09/08/2021,ZT0,100,0
2021-08-24,ETHOSCOPE_139,10,male,CS,imidacloprid,09/08/2021,ZT0,100,0
2021-08-24,ETHOSCOPE_139,11,male,CS,imidacloprid,09/08/2021,ZT0,100,0
2021-08-24,ETHOSCOPE_139,12,male,CS,imidacloprid,09/08/2021,ZT0,100,0
2021-08-24,ETHOSCOPE_139,13,male,CS,imidacloprid,09/08/2021,ZT0,100,0
2021-08-24,ETHOSCOPE_139,14,male,CS,imidacloprid,09/08/2021,ZT0,100,0
2021-08-24,ETHOSCOPE_139,15,male,CS,imidacloprid,09/08/2021,ZT0,100,0
2021-08-24,ETHOSCOPE_139,16,male,CS,imidacloprid,09/08/2021,ZT0,100,0
2021-08-24,ETHOSCOPE_139,17,male,CS,imidacloprid,09/08/2021,ZT0,100,0
2021-08-24,ETHOSCOPE_139,18,male,CS,imidacloprid,09/08/2021,ZT0,100,0
2021-08-24,ETHOSCOPE_139,19,male,CS,imidacloprid,09/08/2021,ZT0,100,0
2021-08-24,ETHOSCOPE_139,20,male,CS,imidacloprid,09/08/2021,ZT0,100,0
2021-08-24,ETHOSCOPE_139,21,male,CS,imidacloprid,09/08/2021,ZT0,100,0
2021-08-24,ETHOSCOPE_139,22,male,CS,imidacloprid,09/08/2021,ZT0,100,0
2021-08-24,ETHOSCOPE_139,23,male,CS,imidacloprid,09/08/2021,ZT0,100,0
2021-08-24,ETHOSCOPE_139,24,male,CS,imidacloprid,09/08/2021,ZT0,100,0
2021-08-24,ETHOSCOPE_151,1,male,CS,dieldrin,09/08/2021,ZT0,1,0
2021-08-24,ETHOSCOPE_151,2,male,CS,dieldrin,09/08/2021,ZT0,1,0
2021-08-24,ETHOSCOPE_151,3,male,CS,dieldrin,09/08/2021,ZT0,1,0
2021-08-24,ETHOSCOPE_151,4,male,CS,dieldrin,09/08/2021,ZT0,1,0
2021-08-24,ETHOSCOPE_151,5,male,CS,dieldrin,09/08/2021,ZT0,1,0
2021-08-24,ETHOSCOPE_151,6,male,CS,dieldrin,09/08/2021,ZT0,1,0
2021-08-24,ETHOSCOPE_151,7,male,CS,dieldrin,09/08/2021,ZT0,1,0
2021-08-24,ETHOSCOPE_151,8,male,CS,dieldrin,09/08/2021,ZT0,1,0
2021-08-24,ETHOSCOPE_151,9,male,CS,dieldrin,09/08/2021,ZT0,1,0
2021-08-24,ETHOSCOPE_151,10,male,CS,dieldrin,09/08/2021,ZT0,1,0
2021-08-24,ETHOSCOPE_151,11,male,CS,dieldrin,09/08/2021,ZT0,1,0
2021-08-24,ETHOSCOPE_151,12,male,CS,dieldrin,09/08/2021,ZT0,1,0
2021-08-24,ETHOSCOPE_151,13,male,CS,dieldrin,09/08/2021,ZT0,1,0
2021-08-24,ETHOSCOPE_151,14,male,CS,dieldrin,09/08/2021,ZT0,1,0
2021-08-24,ETHOSCOPE_151,15,male,CS,dieldrin,09/08/2021,ZT0,1,0
2021-08-24,ETHOSCOPE_151,16,male,CS,dieldrin,09/08/2021,ZT0,1,0
2021-08-24,ETHOSCOPE_151,17,male,CS,dieldrin,09/08/2021,ZT0,1,0
2021-08-24,ETHOSCOPE_151,18,male,CS,dieldrin,09/08/2021,ZT0,1,0
2021-08-24,ETHOSCOPE_151,19,male,CS,dieldrin,09/08/2021,ZT0,1,0
2021-08-24,ETHOSCOPE_151,20,male,CS,dieldrin,09/08/2021,ZT0,1,0
2021-08-24,ETHOSCOPE_151,21,male,CS,dieldrin,09/08/2021,ZT0,1,0
2021-08-24,ETHOSCOPE_151,22,male,CS,dieldrin,09/08/2021,ZT0,1,0
2021-08-24,ETHOSCOPE_151,23,male,CS,dieldrin,09/08/2021,ZT0,1,0
2021-08-24,ETHOSCOPE_151,24,male,CS,dieldrin,09/08/2021,ZT0,1,0
2021-08-24,ETHOSCOPE_148,1,male,CS,CSCD595706,09/08/2021,ZT0,1000,0
2021-08-24,ETHOSCOPE_148,2,male,CS,CSCD595706,09/08/2021,ZT0,1000,0
2021-08-24,ETHOSCOPE_148,3,male,CS,CSCD595706,09/08/2021,ZT0,1000,0
2021-08-24,ETHOSCOPE_148,4,male,CS,CSCD595706,09/08/2021,ZT0,1000,0
2021-08-24,ETHOSCOPE_148,5,male,CS,CSCD595706,09/08/2021,ZT0,1000,0
2021-08-24,ETHOSCOPE_148,6,male,CS,CSCD595706,09/08/2021,ZT0,1000,0
2021-08-24,ETHOSCOPE_148,7,male,CS,CSCD595706,09/08/2021,ZT0,1000,0
2021-08-24,ETHOSCOPE_148,8,male,CS,CSCD595706,09/08/2021,ZT0,1000,0
2021-08-24,ETHOSCOPE_148,9,male,CS,CSCD595706,09/08/2021,ZT0,1000,0
2021-08-24,ETHOSCOPE_148,10,male,CS,CSCD595706,09/08/2021,ZT0,1000,0
2021-08-24,ETHOSCOPE_148,11,male,CS,CSCD595706,09/08/2021,ZT0,1000,0
2021-08-24,ETHOSCOPE_148,12,male,CS,CSCD595706,09/08/2021,ZT0,1000,0
2021-08-24,ETHOSCOPE_148,13,male,CS,CSCD595706,09/08/2021,ZT0,1000,0
2021-08-24,ETHOSCOPE_148,14,male,CS,CSCD595706,09/08/2021,ZT0,1000,0
2021-08-24,ETHOSCOPE_148,15,male,CS,CSCD595706,09/08/2021,ZT0,1000,0
2021-08-24,ETHOSCOPE_148,16,male,CS,CSCD595706,09/08/2021,ZT0,1000,0
2021-08-24,ETHOSCOPE_148,17,male,CS,CSCD595706,09/08/2021,ZT0,1000,0
2021-08-24,ETHOSCOPE_148,18,male,CS,CSCD595706,09/08/2021,ZT0,1000,0
2021-08-24,ETHOSCOPE_148,19,male,CS,CSCD595706,09/08/2021,ZT0,1000,0
2021-08-24,ETHOSCOPE_148,20,male,CS,CSCD595706,09/08/2021,ZT0,1000,0
2021-08-24,ETHOSCOPE_148,21,male,CS,CSCD595706,09/08/2021,ZT0,1000,0
2021-08-24,ETHOSCOPE_148,22,male,CS,CSCD595706,09/08/2021,ZT0,1000,0
2021-08-24,ETHOSCOPE_148,23,male,CS,CSCD595706,09/08/2021,ZT0,1000,0
2021-08-24,ETHOSCOPE_148,24,male,CS,CSCD595706,09/08/2021,ZT0,1000,0
2021-08-20,ETHOSCOPE_217,1,male,CS,CSCD595706,04/08/2021,ZT0,1000,0
2021-08-20,ETHOSCOPE_217,2,male,CS,CSCD595706,04/08/2021,ZT0,1000,0
2021-08-20,ETHOSCOPE_217,3,male,CS,CSCD595706,04/08/2021,ZT0,1000,0
2021-08-20,ETHOSCOPE_217,4,male,CS,CSCD595706,04/08/2021,ZT0,1000,0
2021-08-20,ETHOSCOPE_217,5,male,CS,CSCD595706,04/08/2021,ZT0,1000,0
2021-08-20,ETHOSCOPE_217,6,male,CS,CSCD595706,04/08/2021,ZT0,1000,0
2021-08-20,ETHOSCOPE_217,7,male,CS,CSCD595706,04/08/2021,ZT0,1000,0
2021-08-20,ETHOSCOPE_217,8,male,CS,CSCD595706,04/08/2021,ZT0,1000,0
2021-08-20,ETHOSCOPE_217,9,male,CS,CSCD595706,04/08/2021,ZT0,1000,0
2021-08-20,ETHOSCOPE_217,10,male,CS,CSCD595706,04/08/2021,ZT0,1000,0
2021-08-20,ETHOSCOPE_217,11,male,CS,CSCD595706,04/08/2021,ZT0,1000,0
2021-08-20,ETHOSCOPE_217,12,male,CS,CSCD595706,04/08/2021,ZT0,1000,0
2021-08-20,ETHOSCOPE_217,13,male,CS,CSCD595706,04/08/2021,ZT0,1000,0
2021-08-20,ETHOSCOPE_217,14,male,CS,CSCD595706,04/08/2021,ZT0,1000,0
2021-08-20,ETHOSCOPE_217,15,male,CS,CSCD595706,04/08/2021,ZT0,1000,0
2021-08-20,ETHOSCOPE_217,16,male,CS,CSCD595706,04/08/2021,ZT0,1000,0
2021-08-20,ETHOSCOPE_217,17,male,CS,CSCD595706,04/08/2021,ZT0,1000,0
2021-08-20,ETHOSCOPE_217,18,male,CS,CSCD595706,04/08/2021,ZT0,1000,0
2021-08-20,ETHOSCOPE_217,19,male,CS,CSCD595706,04/08/2021,ZT0,1000,0
2021-08-20,ETHOSCOPE_217,20,male,CS,CSCD595706,04/08/2021,ZT0,1000,0
2021-08-20,ETHOSCOPE_217,21,male,CS,CSCD595706,04/08/2021,ZT0,1000,0
2021-08-20,ETHOSCOPE_217,22,male,CS,CSCD595706,04/08/2021,ZT0,1000,0
2021-08-20,ETHOSCOPE_217,23,male,CS,CSCD595706,04/08/2021,ZT0,1000,0
2021-08-20,ETHOSCOPE_217,24,male,CS,CSCD595706,04/08/2021,ZT0,1000,0
2021-08-24,ETHOSCOPE_148,1,male,CS,CSCD595706,09/08/2021,ZT0,1000,0
2021-08-24,ETHOSCOPE_148,2,male,CS,CSCD595706,09/08/2021,ZT0,1000,0
2021-08-24,ETHOSCOPE_148,3,male,CS,CSCD595706,09/08/2021,ZT0,1000,0
2021-08-24,ETHOSCOPE_148,4,male,CS,CSCD595706,09/08/2021,ZT0,1000,0
2021-08-24,ETHOSCOPE_148,5,male,CS,CSCD595706,09/08/2021,ZT0,1000,0
2021-08-24,ETHOSCOPE_148,6,male,CS,CSCD595706,09/08/2021,ZT0,1000,0
2021-08-24,ETHOSCOPE_148,7,male,CS,CSCD595706,09/08/2021,ZT0,1000,0
2021-08-24,ETHOSCOPE_148,8,male,CS,CSCD595706,09/08/2021,ZT0,1000,0
2021-08-24,ETHOSCOPE_148,9,male,CS,CSCD595706,09/08/2021,ZT0,1000,0
2021-08-24,ETHOSCOPE_148,10,male,CS,CSCD595706,09/08/2021,ZT0,1000,0
2021-08-24,ETHOSCOPE_148,11,male,CS,CSCD595706,09/08/2021,ZT0,1000,0
2021-08-24,ETHOSCOPE_148,12,male,CS,CSCD595706,09/08/2021,ZT0,1000,0
2021-08-24,ETHOSCOPE_148,13,male,CS,CSCD595706,09/08/2021,ZT0,1000,0
2021-08-24,ETHOSCOPE_148,14,male,CS,CSCD595706,09/08/2021,ZT0,1000,0
2021-08-24,ETHOSCOPE_148,15,male,CS,CSCD595706,09/08/2021,ZT0,1000,0
2021-08-24,ETHOSCOPE_148,16,male,CS,CSCD595706,09/08/2021,ZT0,1000,0
2021-08-24,ETHOSCOPE_148,17,male,CS,CSCD595706,09/08/2021,ZT0,1000,0
2021-08-24,ETHOSCOPE_148,18,male,CS,CSCD595706,09/08/2021,ZT0,1000,0
2021-08-24,ETHOSCOPE_148,19,male,CS,CSCD595706,09/08/2021,ZT0,1000,0
2021-08-24,ETHOSCOPE_148,20,male,CS,CSCD595706,09/08/2021,ZT0,1000,0
2021-08-24,ETHOSCOPE_148,21,male,CS,CSCD595706,09/08/2021,ZT0,1000,0
2021-08-24,ETHOSCOPE_148,22,male,CS,CSCD595706,09/08/2021,ZT0,1000,0
2021-08-24,ETHOSCOPE_148,23,male,CS,CSCD595706,09/08/2021,ZT0,1000,0
2021-08-24,ETHOSCOPE_148,24,male,CS,CSCD595706,09/08/2021,ZT0,1000,0
2021-09-07,ETHOSCOPE_151,1,male,CS,CSCD595706,25/08/2021,ZT0,1000,0
2021-09-07,ETHOSCOPE_151,2,male,CS,CSCD595706,25/08/2021,ZT0,1000,0
2021-09-07,ETHOSCOPE_151,3,male,CS,CSCD595706,25/08/2021,ZT0,1000,0
2021-09-07,ETHOSCOPE_151,4,male,CS,CSCD595706,25/08/2021,ZT0,1000,0
2021-09-07,ETHOSCOPE_151,5,male,CS,CSCD595706,25/08/2021,ZT0,1000,0
2021-09-07,ETHOSCOPE_151,6,male,CS,CSCD595706,25/08/2021,ZT0,1000,0
2021-09-07,ETHOSCOPE_151,7,male,CS,CSCD595706,25/08/2021,ZT0,1000,0
2021-09-07,ETHOSCOPE_151,8,male,CS,CSCD595706,25/08/2021,ZT0,1000,0
2021-09-07,ETHOSCOPE_151,9,male,CS,CSCD595706,25/08/2021,ZT0,1000,0
2021-09-07,ETHOSCOPE_151,10,male,CS,CSCD595706,25/08/2021,ZT0,1000,0
2021-09-07,ETHOSCOPE_151,11,male,CS,CSCD595706,25/08/2021,ZT0,1000,0
2021-09-07,ETHOSCOPE_151,12,male,CS,CSCD595706,25/08/2021,ZT0,1000,0
2021-09-07,ETHOSCOPE_151,13,male,CS,CSCD595706,25/08/2021,ZT0,1000,0
2021-09-07,ETHOSCOPE_151,14,male,CS,CSCD595706,25/08/2021,ZT0,1000,0
2021-09-07,ETHOSCOPE_151,15,male,CS,CSCD595706,25/08/2021,ZT0,1000,0
2021-09-07,ETHOSCOPE_151,16,male,CS,CSCD595706,25/08/2021,ZT0,1000,0
2021-09-07,ETHOSCOPE_151,17,male,CS,CSCD595706,25/08/2021,ZT0,1000,0
2021-09-07,ETHOSCOPE_151,18,male,CS,CSCD595706,25/08/2021,ZT0,1000,0
2021-09-07,ETHOSCOPE_151,19,male,CS,CSCD595706,25/08/2021,ZT0,1000,0
2021-09-07,ETHOSCOPE_151,20,male,CS,CSCD595706,25/08/2021,ZT0,1000,0
2021-09-07,ETHOSCOPE_151,21,male,CS,CSCD595706,25/08/2021,ZT0,1000,0
2021-09-07,ETHOSCOPE_151,22,male,CS,CSCD595706,25/08/2021,ZT0,1000,0
2021-09-07,ETHOSCOPE_151,23,male,CS,CSCD595706,25/08/2021,ZT0,1000,0
2021-09-07,ETHOSCOPE_151,24,male,CS,CSCD595706,25/08/2021,ZT0,1000,0
2021-10-07,ETHOSCOPE_217,1,male,CS,CSCD595706,22/09/2021,ZT0,100,0
2021-10-07,ETHOSCOPE_217,2,male,CS,CSCD595706,22/09/2021,ZT0,100,0
2021-10-07,ETHOSCOPE_217,3,male,CS,CSCD595706,22/09/2021,ZT0,100,0
2021-10-07,ETHOSCOPE_217,4,male,CS,CSCD595706,22/09/2021,ZT0,100,0
2021-10-07,ETHOSCOPE_217,5,male,CS,CSCD595706,22/09/2021,ZT0,100,0
2021-10-07,ETHOSCOPE_217,6,male,CS,CSCD595706,22/09/2021,ZT0,100,0
2021-10-07,ETHOSCOPE_217,7,male,CS,CSCD595706,22/09/2021,ZT0,100,0
2021-10-07,ETHOSCOPE_217,8,male,CS,CSCD595706,22/09/2021,ZT0,100,0
2021-10-07,ETHOSCOPE_217,9,male,CS,CSCD595706,22/09/2021,ZT0,100,0
2021-10-07,ETHOSCOPE_217,10,male,CS,CSCD595706,22/09/2021,ZT0,100,0
2021-10-07,ETHOSCOPE_217,11,male,CS,CSCD595706,22/09/2021,ZT0,100,0
2021-10-07,ETHOSCOPE_217,12,male,CS,CSCD595706,22/09/2021,ZT0,100,0
2021-10-07,ETHOSCOPE_217,13,male,CS,CSCD595706,22/09/2021,ZT0,100,0
2021-10-07,ETHOSCOPE_217,14,male,CS,CSCD595706,22/09/2021,ZT0,100,0
2021-10-07,ETHOSCOPE_217,15,male,CS,CSCD595706,22/09/2021,ZT0,100,0
2021-10-07,ETHOSCOPE_217,16,male,CS,CSCD595706,22/09/2021,ZT0,100,0
2021-10-07,ETHOSCOPE_217,17,male,CS,CSCD595706,22/09/2021,ZT0,100,0
2021-10-07,ETHOSCOPE_217,18,male,CS,CSCD595706,22/09/2021,ZT0,100,0
2021-10-07,ETHOSCOPE_217,19,male,CS,CSCD595706,22/09/2021,ZT0,100,0
2021-10-07,ETHOSCOPE_217,20,male,CS,CSCD595706,22/09/2021,ZT0,100,0
2021-10-07,ETHOSCOPE_217,21,male,CS,CSCD595706,22/09/2021,ZT0,100,0
2021-10-07,ETHOSCOPE_217,22,male,CS,CSCD595706,22/09/2021,ZT0,100,0
2021-10-07,ETHOSCOPE_217,23,male,CS,CSCD595706,22/09/2021,ZT0,100,0
2021-10-07,ETHOSCOPE_217,24,male,CS,CSCD595706,22/09/2021,ZT0,100,0
2021-10-15,ETHOSCOPE_221,1,male,CS,CSCD595706,01/10/2021,ZT0,100,0
2021-10-15,ETHOSCOPE_221,2,male,CS,CSCD595706,01/10/2021,ZT0,100,0
2021-10-15,ETHOSCOPE_221,3,male,CS,CSCD595706,01/10/2021,ZT0,100,0
2021-10-15,ETHOSCOPE_221,4,male,CS,CSCD595706,01/10/2021,ZT0,100,0
2021-10-15,ETHOSCOPE_221,5,male,CS,CSCD595706,01/10/2021,ZT0,100,0
2021-10-15,ETHOSCOPE_221,6,male,CS,CSCD595706,01/10/2021,ZT0,100,0
2021-10-15,ETHOSCOPE_221,7,male,CS,CSCD595706,01/10/2021,ZT0,100,0
2021-10-15,ETHOSCOPE_221,8,male,CS,CSCD595706,01/10/2021,ZT0,100,0
2021-10-15,ETHOSCOPE_221,9,male,CS,CSCD595706,01/10/2021,ZT0,100,0
2021-10-15,ETHOSCOPE_221,10,male,CS,CSCD595706,01/10/2021,ZT0,100,0
2021-10-15,ETHOSCOPE_221,11,male,CS,CSCD595706,01/10/2021,ZT0,100,0
2021-10-15,ETHOSCOPE_221,12,male,CS,CSCD595706,01/10/2021,ZT0,100,0
2021-10-15,ETHOSCOPE_221,13,male,CS,CSCD595706,01/10/2021,ZT0,100,0
2021-10-15,ETHOSCOPE_221,14,male,CS,CSCD595706,01/10/2021,ZT0,100,0
2021-10-15,ETHOSCOPE_221,15,male,CS,CSCD595706,01/10/2021,ZT0,100,0
2021-10-15,ETHOSCOPE_221,16,male,CS,CSCD595706,01/10/2021,ZT0,100,0
2021-10-15,ETHOSCOPE_221,17,male,CS,CSCD595706,01/10/2021,ZT0,100,0
2021-10-15,ETHOSCOPE_221,18,male,CS,CSCD595706,01/10/2021,ZT0,100,0
2021-10-15,ETHOSCOPE_221,19,male,CS,CSCD595706,01/10/2021,ZT0,100,0
2021-10-15,ETHOSCOPE_221,20,male,CS,CSCD595706,01/10/2021,ZT0,100,0
2021-10-15,ETHOSCOPE_221,21,male,CS,CSCD595706,01/10/2021,ZT0,100,0
2021-10-15,ETHOSCOPE_221,22,male,CS,CSCD595706,01/10/2021,ZT0,100,0
2021-10-15,ETHOSCOPE_221,23,male,CS,CSCD595706,01/10/2021,ZT0,100,0
2021-10-15,ETHOSCOPE_221,24,male,CS,CSCD595706,01/10/2021,ZT0,100,0
2021-10-29,ETHOSCOPE_257,1,male,CS,CSCD595706,15/10/2021,ZT0,100,0
2021-10-29,ETHOSCOPE_257,2,male,CS,CSCD595706,15/10/2021,ZT0,100,0
2021-10-29,ETHOSCOPE_257,3,male,CS,CSCD595706,15/10/2021,ZT0,100,0
2021-10-29,ETHOSCOPE_257,4,male,CS,CSCD595706,15/10/2021,ZT0,100,0
2021-10-29,ETHOSCOPE_257,5,male,CS,CSCD595706,15/10/2021,ZT0,100,0
2021-10-29,ETHOSCOPE_257,6,male,CS,CSCD595706,15/10/2021,ZT0,100,0
2021-10-29,ETHOSCOPE_257,7,male,CS,CSCD595706,15/10/2021,ZT0,100,0
2021-10-29,ETHOSCOPE_257,8,male,CS,CSCD595706,15/10/2021,ZT0,100,0
2021-10-29,ETHOSCOPE_257,9,male,CS,CSCD595706,15/10/2021,ZT0,100,0
2021-10-29,ETHOSCOPE_257,10,male,CS,CSCD595706,15/10/2021,ZT0,100,0
2021-10-29,ETHOSCOPE_257,11,male,CS,CSCD595706,15/10/2021,ZT0,100,0
2021-10-29,ETHOSCOPE_257,12,male,CS,CSCD595706,15/10/2021,ZT0,100,0
2021-10-29,ETHOSCOPE_257,13,male,CS,CSCD595706,15/10/2021,ZT0,100,0
2021-10-29,ETHOSCOPE_257,14,male,CS,CSCD595706,15/10/2021,ZT0,100,0
2021-10-29,ETHOSCOPE_257,15,male,CS,CSCD595706,15/10/2021,ZT0,100,0
2021-10-29,ETHOSCOPE_257,16,male,CS,CSCD595706,15/10/2021,ZT0,100,0
2021-10-29,ETHOSCOPE_257,17,male,CS,CSCD595706,15/10/2021,ZT0,100,0
2021-10-29,ETHOSCOPE_257,18,male,CS,CSCD595706,15/10/2021,ZT0,100,0
2021-10-29,ETHOSCOPE_257,19,male,CS,CSCD595706,15/10/2021,ZT0,100,0
2021-10-29,ETHOSCOPE_257,20,male,CS,CSCD595706,15/10/2021,ZT0,100,0
2021-10-29,ETHOSCOPE_257,21,male,CS,CSCD595706,15/10/2021,ZT0,100,0
2021-10-29,ETHOSCOPE_257,22,male,CS,CSCD595706,15/10/2021,ZT0,100,0
2021-10-29,ETHOSCOPE_257,23,male,CS,CSCD595706,15/10/2021,ZT0,100,0
2021-10-29,ETHOSCOPE_257,24,male,CS,CSCD595706,15/10/2021,ZT0,100,0
2021-11-04,ETHOSCOPE_261,1,male,CS,CSCD595706,22/10/2021,ZT0,1,
2021-11-04,ETHOSCOPE_261,2,male,CS,CSCD595706,22/10/2021,ZT0,1,
2021-11-04,ETHOSCOPE_261,3,male,CS,CSCD595706,22/10/2021,ZT0,1,
2021-11-04,ETHOSCOPE_261,4,male,CS,CSCD595706,22/10/2021,ZT0,1,
2021-11-04,ETHOSCOPE_261,5,male,CS,CSCD595706,22/10/2021,ZT0,1,
2021-11-04,ETHOSCOPE_261,6,male,CS,CSCD595706,22/10/2021,ZT0,1,
2021-11-04,ETHOSCOPE_261,7,male,CS,CSCD595706,22/10/2021,ZT0,1,
2021-11-04,ETHOSCOPE_261,8,male,CS,CSCD595706,22/10/2021,ZT0,1,
2021-11-04,ETHOSCOPE_261,9,male,CS,CSCD595706,22/10/2021,ZT0,1,
2021-11-04,ETHOSCOPE_261,10,male,CS,CSCD595706,22/10/2021,ZT0,1,
2021-11-04,ETHOSCOPE_261,11,male,CS,CSCD595706,22/10/2021,ZT0,1,
2021-11-04,ETHOSCOPE_261,12,male,CS,CSCD595706,22/10/2021,ZT0,1,
2021-11-04,ETHOSCOPE_261,13,male,CS,CSCD595706,22/10/2021,ZT0,1,
2021-11-04,ETHOSCOPE_261,14,male,CS,CSCD595706,22/10/2021,ZT0,1,
2021-11-04,ETHOSCOPE_261,15,male,CS,CSCD595706,22/10/2021,ZT0,1,
2021-11-04,ETHOSCOPE_261,16,male,CS,CSCD595706,22/10/2021,ZT0,1,
2021-11-04,ETHOSCOPE_261,17,male,CS,CSCD595706,22/10/2021,ZT0,1,
2021-11-04,ETHOSCOPE_261,18,male,CS,CSCD595706,22/10/2021,ZT0,1,
2021-11-04,ETHOSCOPE_261,19,male,CS,CSCD595706,22/10/2021,ZT0,1,
2021-11-04,ETHOSCOPE_261,20,male,CS,CSCD595706,22/10/2021,ZT0,1,
2021-11-04,ETHOSCOPE_261,21,male,CS,CSCD595706,22/10/2021,ZT0,1,
2021-11-04,ETHOSCOPE_261,22,male,CS,CSCD595706,22/10/2021,ZT0,1,
2021-11-04,ETHOSCOPE_261,23,male,CS,CSCD595706,22/10/2021,ZT0,1,
2021-11-04,ETHOSCOPE_261,24,male,CS,CSCD595706,22/10/2021,ZT0,1,
2021-11-15,ETHOSCOPE_252,1,male,CS,CSCD595706,02/11/2021,ZT0,1,
2021-11-15,ETHOSCOPE_252,2,male,CS,CSCD595706,02/11/2021,ZT0,1,
2021-11-15,ETHOSCOPE_252,3,male,CS,CSCD595706,02/11/2021,ZT0,1,
2021-11-15,ETHOSCOPE_252,4,male,CS,CSCD595706,02/11/2021,ZT0,1,
2021-11-15,ETHOSCOPE_252,5,male,CS,CSCD595706,02/11/2021,ZT0,1,
2021-11-15,ETHOSCOPE_252,6,male,CS,CSCD595706,02/11/2021,ZT0,1,
2021-11-15,ETHOSCOPE_252,7,male,CS,CSCD595706,02/11/2021,ZT0,1,
2021-11-15,ETHOSCOPE_252,8,male,CS,CSCD595706,02/11/2021,ZT0,1,
2021-11-15,ETHOSCOPE_252,9,male,CS,CSCD595706,02/11/2021,ZT0,1,
2021-11-15,ETHOSCOPE_252,10,male,CS,CSCD595706,02/11/2021,ZT0,1,
2021-11-15,ETHOSCOPE_252,11,male,CS,CSCD595706,02/11/2021,ZT0,1,
2021-11-15,ETHOSCOPE_252,12,male,CS,CSCD595706,02/11/2021,ZT0,1,
2021-11-15,ETHOSCOPE_252,13,male,CS,CSCD595706,02/11/2021,ZT0,1,
2021-11-15,ETHOSCOPE_252,14,male,CS,CSCD595706,02/11/2021,ZT0,1,
2021-11-15,ETHOSCOPE_252,15,male,CS,CSCD595706,02/11/2021,ZT0,1,
2021-11-15,ETHOSCOPE_252,16,male,CS,CSCD595706,02/11/2021,ZT0,1,
2021-11-15,ETHOSCOPE_252,17,male,CS,CSCD595706,02/11/2021,ZT0,1,
2021-11-15,ETHOSCOPE_252,18,male,CS,CSCD595706,02/11/2021,ZT0,1,
2021-11-15,ETHOSCOPE_252,19,male,CS,CSCD595706,02/11/2021,ZT0,1,
2021-11-15,ETHOSCOPE_252,20,male,CS,CSCD595706,02/11/2021,ZT0,1,
2021-11-15,ETHOSCOPE_252,21,male,CS,CSCD595706,02/11/2021,ZT0,1,
2021-11-15,ETHOSCOPE_252,22,male,CS,CSCD595706,02/11/2021,ZT0,1,
2021-11-15,ETHOSCOPE_252,23,male,CS,CSCD595706,02/11/2021,ZT0,1,
2021-11-15,ETHOSCOPE_252,24,male,CS,CSCD595706,02/11/2021,ZT0,1,
2021-12-10,ETHOSCOPE_148,1,male,CS,CSCD595706,26/11/2021,ZT0,1,
2021-12-10,ETHOSCOPE_148,2,male,CS,CSCD595706,26/11/2021,ZT0,1,
2021-12-10,ETHOSCOPE_148,3,male,CS,CSCD595706,26/11/2021,ZT0,1,
2021-12-10,ETHOSCOPE_148,4,male,CS,CSCD595706,26/11/2021,ZT0,1,
2021-12-10,ETHOSCOPE_148,5,male,CS,CSCD595706,26/11/2021,ZT0,1,
2021-12-10,ETHOSCOPE_148,6,male,CS,CSCD595706,26/11/2021,ZT0,1,
2021-12-10,ETHOSCOPE_148,7,male,CS,CSCD595706,26/11/2021,ZT0,1,
2021-12-10,ETHOSCOPE_148,8,male,CS,CSCD595706,26/11/2021,ZT0,1,
2021-12-10,ETHOSCOPE_148,9,male,CS,CSCD595706,26/11/2021,ZT0,1,
2021-12-10,ETHOSCOPE_148,10,male,CS,CSCD595706,26/11/2021,ZT0,1,
2021-12-10,ETHOSCOPE_148,11,male,CS,CSCD595706,26/11/2021,ZT0,1,
2021-12-10,ETHOSCOPE_148,12,male,CS,CSCD595706,26/11/2021,ZT0,1,
2021-12-10,ETHOSCOPE_148,13,male,CS,CSCD595706,26/11/2021,ZT0,1,
2021-12-10,ETHOSCOPE_148,14,male,CS,CSCD595706,26/11/2021,ZT0,1,
2021-12-10,ETHOSCOPE_148,15,male,CS,CSCD595706,26/11/2021,ZT0,1,
2021-12-10,ETHOSCOPE_148,16,male,CS,CSCD595706,26/11/2021,ZT0,1,
2021-12-10,ETHOSCOPE_148,17,male,CS,CSCD595706,26/11/2021,ZT0,1,
2021-12-10,ETHOSCOPE_148,18,male,CS,CSCD595706,26/11/2021,ZT0,1,
2021-12-10,ETHOSCOPE_148,19,male,CS,CSCD595706,26/11/2021,ZT0,1,
2021-12-10,ETHOSCOPE_148,20,male,CS,CSCD595706,26/11/2021,ZT0,1,
2021-12-10,ETHOSCOPE_148,21,male,CS,CSCD595706,26/11/2021,ZT0,1,
2021-12-10,ETHOSCOPE_148,22,male,CS,CSCD595706,26/11/2021,ZT0,1,
2021-12-10,ETHOSCOPE_148,23,male,CS,CSCD595706,26/11/2021,ZT0,1,
2021-12-10,ETHOSCOPE_148,24,male,CS,CSCD595706,26/11/2021,ZT0,1,
2021-09-07,ETHOSCOPE_148,1,male,CS,CSCC813636,25/08/2021,ZT0,1000,0
2021-09-07,ETHOSCOPE_148,2,male,CS,CSCC813636,25/08/2021,ZT0,1000,0
2021-09-07,ETHOSCOPE_148,3,male,CS,CSCC813636,25/08/2021,ZT0,1000,0
2021-09-07,ETHOSCOPE_148,4,male,CS,CSCC813636,25/08/2021,ZT0,1000,0
2021-09-07,ETHOSCOPE_148,5,male,CS,CSCC813636,25/08/2021,ZT0,1000,0
2021-09-07,ETHOSCOPE_148,6,male,CS,CSCC813636,25/08/2021,ZT0,1000,0
2021-09-07,ETHOSCOPE_148,7,male,CS,CSCC813636,25/08/2021,ZT0,1000,0
2021-09-07,ETHOSCOPE_148,8,male,CS,CSCC813636,25/08/2021,ZT0,1000,0
2021-09-07,ETHOSCOPE_148,9,male,CS,CSCC813636,25/08/2021,ZT0,1000,0
2021-09-07,ETHOSCOPE_148,10,male,CS,CSCC813636,25/08/2021,ZT0,1000,0
2021-09-07,ETHOSCOPE_148,11,male,CS,CSCC813636,25/08/2021,ZT0,1000,0
2021-09-07,ETHOSCOPE_148,12,male,CS,CSCC813636,25/08/2021,ZT0,1000,0
2021-09-07,ETHOSCOPE_148,13,male,CS,CSCC813636,25/08/2021,ZT0,1000,0
2021-09-07,ETHOSCOPE_148,14,male,CS,CSCC813636,25/08/2021,ZT0,1000,0
2021-09-07,ETHOSCOPE_148,15,male,CS,CSCC813636,25/08/2021,ZT0,1000,0
2021-09-07,ETHOSCOPE_148,16,male,CS,CSCC813636,25/08/2021,ZT0,1000,0
2021-09-07,ETHOSCOPE_148,17,male,CS,CSCC813636,25/08/2021,ZT0,1000,0
2021-09-07,ETHOSCOPE_148,18,male,CS,CSCC813636,25/08/2021,ZT0,1000,0
2021-09-07,ETHOSCOPE_148,19,male,CS,CSCC813636,25/08/2021,ZT0,1000,0
2021-09-07,ETHOSCOPE_148,20,male,CS,CSCC813636,25/08/2021,ZT0,1000,0
2021-09-07,ETHOSCOPE_148,21,male,CS,CSCC813636,25/08/2021,ZT0,1000,0
2021-09-07,ETHOSCOPE_148,22,male,CS,CSCC813636,25/08/2021,ZT0,1000,0
2021-09-07,ETHOSCOPE_148,23,male,CS,CSCC813636,25/08/2021,ZT0,1000,0
2021-09-07,ETHOSCOPE_148,24,male,CS,CSCC813636,25/08/2021,ZT0,1000,0
2021-09-14,ETHOSCOPE_108,1,male,CS,CSCC813636,31/08/2021,ZT0,1000,0
2021-09-14,ETHOSCOPE_108,2,male,CS,CSCC813636,31/08/2021,ZT0,1000,0
2021-09-14,ETHOSCOPE_108,3,male,CS,CSCC813636,31/08/2021,ZT0,1000,0
2021-09-14,ETHOSCOPE_108,4,male,CS,CSCC813636,31/08/2021,ZT0,1000,0
2021-09-14,ETHOSCOPE_108,5,male,CS,CSCC813636,31/08/2021,ZT0,1000,0
2021-09-14,ETHOSCOPE_108,6,male,CS,CSCC813636,31/08/2021,ZT0,1000,0
2021-09-14,ETHOSCOPE_108,7,male,CS,CSCC813636,31/08/2021,ZT0,1000,0
2021-09-14,ETHOSCOPE_108,8,male,CS,CSCC813636,31/08/2021,ZT0,1000,0
2021-09-14,ETHOSCOPE_108,9,male,CS,CSCC813636,31/08/2021,ZT0,1000,0
2021-09-14,ETHOSCOPE_108,10,male,CS,CSCC813636,31/08/2021,ZT0,1000,0
2021-09-14,ETHOSCOPE_108,11,male,CS,CSCC813636,31/08/2021,ZT0,1000,0
2021-09-14,ETHOSCOPE_108,12,male,CS,CSCC813636,31/08/2021,ZT0,1000,0
2021-09-14,ETHOSCOPE_108,13,male,CS,CSCC813636,31/08/2021,ZT0,1000,0
2021-09-14,ETHOSCOPE_108,14,male,CS,CSCC813636,31/08/2021,ZT0,1000,0
2021-09-14,ETHOSCOPE_108,15,male,CS,CSCC813636,31/08/2021,ZT0,1000,0
2021-09-14,ETHOSCOPE_108,16,male,CS,CSCC813636,31/08/2021,ZT0,1000,0
2021-09-14,ETHOSCOPE_108,17,male,CS,CSCC813636,31/08/2021,ZT0,1000,0
2021-09-14,ETHOSCOPE_108,18,male,CS,CSCC813636,31/08/2021,ZT0,1000,0
2021-09-14,ETHOSCOPE_108,19,male,CS,CSCC813636,31/08/2021,ZT0,1000,0
2021-09-14,ETHOSCOPE_108,20,male,CS,CSCC813636,31/08/2021,ZT0,1000,0
2021-09-14,ETHOSCOPE_108,21,male,CS,CSCC813636,31/08/2021,ZT0,1000,0
2021-09-14,ETHOSCOPE_108,22,male,CS,CSCC813636,31/08/2021,ZT0,1000,0
2021-09-14,ETHOSCOPE_108,23,male,CS,CSCC813636,31/08/2021,ZT0,1000,0
2021-09-14,ETHOSCOPE_108,24,male,CS,CSCC813636,31/08/2021,ZT0,1000,0
2021-09-15,ETHOSCOPE_252,1,male,CS,CSCC813636,31/08/2021,ZT0,1000,0
2021-09-15,ETHOSCOPE_252,2,male,CS,CSCC813636,31/08/2021,ZT0,1000,0
2021-09-15,ETHOSCOPE_252,3,male,CS,CSCC813636,31/08/2021,ZT0,1000,0
2021-09-15,ETHOSCOPE_252,4,male,CS,CSCC813636,31/08/2021,ZT0,1000,0
2021-09-15,ETHOSCOPE_252,5,male,CS,CSCC813636,31/08/2021,ZT0,1000,0
2021-09-15,ETHOSCOPE_252,6,male,CS,CSCC813636,31/08/2021,ZT0,1000,0
2021-09-15,ETHOSCOPE_252,7,male,CS,CSCC813636,31/08/2021,ZT0,1000,0
2021-09-15,ETHOSCOPE_252,8,male,CS,CSCC813636,31/08/2021,ZT0,1000,0
2021-09-15,ETHOSCOPE_252,9,male,CS,CSCC813636,31/08/2021,ZT0,1000,0
2021-09-15,ETHOSCOPE_252,10,male,CS,CSCC813636,31/08/2021,ZT0,1000,0
2021-09-15,ETHOSCOPE_252,11,male,CS,CSCC813636,31/08/2021,ZT0,1000,0
2021-09-15,ETHOSCOPE_252,12,male,CS,CSCC813636,31/08/2021,ZT0,1000,0
2021-09-15,ETHOSCOPE_252,13,male,CS,CSCC813636,31/08/2021,ZT0,1000,0
2021-09-15,ETHOSCOPE_252,14,male,CS,CSCC813636,31/08/2021,ZT0,1000,0
2021-09-15,ETHOSCOPE_252,15,male,CS,CSCC813636,31/08/2021,ZT0,1000,0
2021-09-15,ETHOSCOPE_252,16,male,CS,CSCC813636,31/08/2021,ZT0,1000,0
2021-09-15,ETHOSCOPE_252,17,male,CS,CSCC813636,31/08/2021,ZT0,1000,0
2021-09-15,ETHOSCOPE_252,18,male,CS,CSCC813636,31/08/2021,ZT0,1000,0
2021-09-15,ETHOSCOPE_252,19,male,CS,CSCC813636,31/08/2021,ZT0,1000,0
2021-09-15,ETHOSCOPE_252,20,male,CS,CSCC813636,31/08/2021,ZT0,1000,0
2021-09-15,ETHOSCOPE_252,21,male,CS,CSCC813636,31/08/2021,ZT0,1000,0
2021-09-15,ETHOSCOPE_252,22,male,CS,CSCC813636,31/08/2021,ZT0,1000,0
2021-09-15,ETHOSCOPE_252,23,male,CS,CSCC813636,31/08/2021,ZT0,1000,0
2021-09-15,ETHOSCOPE_252,24,male,CS,CSCC813636,31/08/2021,ZT0,1000,0
2021-10-07,ETHOSCOPE_141,1,male,CS,CSCC813636,22/09/2021,ZT0,100,0
2021-10-07,ETHOSCOPE_141,2,male,CS,CSCC813636,22/09/2021,ZT0,100,0
2021-10-07,ETHOSCOPE_141,3,male,CS,CSCC813636,22/09/2021,ZT0,100,0
2021-10-07,ETHOSCOPE_141,4,male,CS,CSCC813636,22/09/2021,ZT0,100,0
2021-10-07,ETHOSCOPE_141,5,male,CS,CSCC813636,22/09/2021,ZT0,100,0
2021-10-07,ETHOSCOPE_141,6,male,CS,CSCC813636,22/09/2021,ZT0,100,0
2021-10-07,ETHOSCOPE_141,7,male,CS,CSCC813636,22/09/2021,ZT0,100,0
2021-10-07,ETHOSCOPE_141,8,male,CS,CSCC813636,22/09/2021,ZT0,100,0
2021-10-07,ETHOSCOPE_141,9,male,CS,CSCC813636,22/09/2021,ZT0,100,0
2021-10-07,ETHOSCOPE_141,10,male,CS,CSCC813636,22/09/2021,ZT0,100,0
2021-10-07,ETHOSCOPE_141,11,male,CS,CSCC813636,22/09/2021,ZT0,100,0
2021-10-07,ETHOSCOPE_141,12,male,CS,CSCC813636,22/09/2021,ZT0,100,0
2021-10-07,ETHOSCOPE_141,13,male,CS,CSCC813636,22/09/2021,ZT0,100,0
2021-10-07,ETHOSCOPE_141,14,male,CS,CSCC813636,22/09/2021,ZT0,100,0
2021-10-07,ETHOSCOPE_141,15,male,CS,CSCC813636,22/09/2021,ZT0,100,0
2021-10-07,ETHOSCOPE_141,16,male,CS,CSCC813636,22/09/2021,ZT0,100,0
2021-10-07,ETHOSCOPE_141,17,male,CS,CSCC813636,22/09/2021,ZT0,100,0
2021-10-07,ETHOSCOPE_141,18,male,CS,CSCC813636,22/09/2021,ZT0,100,0
2021-10-07,ETHOSCOPE_141,19,male,CS,CSCC813636,22/09/2021,ZT0,100,0
2021-10-07,ETHOSCOPE_141,20,male,CS,CSCC813636,22/09/2021,ZT0,100,0
2021-10-07,ETHOSCOPE_141,21,male,CS,CSCC813636,22/09/2021,ZT0,100,0
2021-10-07,ETHOSCOPE_141,22,male,CS,CSCC813636,22/09/2021,ZT0,100,0
2021-10-07,ETHOSCOPE_141,23,male,CS,CSCC813636,22/09/2021,ZT0,100,0
2021-10-07,ETHOSCOPE_141,24,male,CS,CSCC813636,22/09/2021,ZT0,100,0
2021-10-15,ETHOSCOPE_261,1,male,CS,CSCC813636,01/10/2021,ZT0,100,0
2021-10-15,ETHOSCOPE_261,2,male,CS,CSCC813636,01/10/2021,ZT0,100,0
2021-10-15,ETHOSCOPE_261,3,male,CS,CSCC813636,01/10/2021,ZT0,100,0
2021-10-15,ETHOSCOPE_261,4,male,CS,CSCC813636,01/10/2021,ZT0,100,0
2021-10-15,ETHOSCOPE_261,5,male,CS,CSCC813636,01/10/2021,ZT0,100,0
2021-10-15,ETHOSCOPE_261,6,male,CS,CSCC813636,01/10/2021,ZT0,100,0
2021-10-15,ETHOSCOPE_261,7,male,CS,CSCC813636,01/10/2021,ZT0,100,0
2021-10-15,ETHOSCOPE_261,8,male,CS,CSCC813636,01/10/2021,ZT0,100,0
2021-10-15,ETHOSCOPE_261,9,male,CS,CSCC813636,01/10/2021,ZT0,100,0
2021-10-15,ETHOSCOPE_261,10,male,CS,CSCC813636,01/10/2021,ZT0,100,0
2021-10-15,ETHOSCOPE_261,11,male,CS,CSCC813636,01/10/2021,ZT0,100,0
2021-10-15,ETHOSCOPE_261,12,male,CS,CSCC813636,01/10/2021,ZT0,100,0
2021-10-15,ETHOSCOPE_261,13,male,CS,CSCC813636,01/10/2021,ZT0,100,0
2021-10-15,ETHOSCOPE_261,14,male,CS,CSCC813636,01/10/2021,ZT0,100,0
2021-10-15,ETHOSCOPE_261,15,male,CS,CSCC813636,01/10/2021,ZT0,100,0
2021-10-15,ETHOSCOPE_261,16,male,CS,CSCC813636,01/10/2021,ZT0,100,0
2021-10-15,ETHOSCOPE_261,17,male,CS,CSCC813636,01/10/2021,ZT0,100,0
2021-10-15,ETHOSCOPE_261,18,male,CS,CSCC813636,01/10/2021,ZT0,100,0
2021-10-15,ETHOSCOPE_261,19,male,CS,CSCC813636,01/10/2021,ZT0,100,0
2021-10-15,ETHOSCOPE_261,20,male,CS,CSCC813636,01/10/2021,ZT0,100,0
2021-10-15,ETHOSCOPE_261,21,male,CS,CSCC813636,01/10/2021,ZT0,100,0
2021-10-15,ETHOSCOPE_261,22,male,CS,CSCC813636,01/10/2021,ZT0,100,0
2021-10-15,ETHOSCOPE_261,23,male,CS,CSCC813636,01/10/2021,ZT0,100,0
2021-10-15,ETHOSCOPE_261,24,male,CS,CSCC813636,01/10/2021,ZT0,100,0
2021-10-29,ETHOSCOPE_259,1,male,CS,CSCC813636,15/10/2021,ZT0,100,0
2021-10-29,ETHOSCOPE_259,2,male,CS,CSCC813636,15/10/2021,ZT0,100,0
2021-10-29,ETHOSCOPE_259,3,male,CS,CSCC813636,15/10/2021,ZT0,100,0
2021-10-29,ETHOSCOPE_259,4,male,CS,CSCC813636,15/10/2021,ZT0,100,0
2021-10-29,ETHOSCOPE_259,5,male,CS,CSCC813636,15/10/2021,ZT0,100,0
2021-10-29,ETHOSCOPE_259,6,male,CS,CSCC813636,15/10/2021,ZT0,100,0
2021-10-29,ETHOSCOPE_259,7,male,CS,CSCC813636,15/10/2021,ZT0,100,0
2021-10-29,ETHOSCOPE_259,8,male,CS,CSCC813636,15/10/2021,ZT0,100,0
2021-10-29,ETHOSCOPE_259,9,male,CS,CSCC813636,15/10/2021,ZT0,100,0
2021-10-29,ETHOSCOPE_259,10,male,CS,CSCC813636,15/10/2021,ZT0,100,0
2021-10-29,ETHOSCOPE_259,11,male,CS,CSCC813636,15/10/2021,ZT0,100,0
2021-10-29,ETHOSCOPE_259,12,male,CS,CSCC813636,15/10/2021,ZT0,100,0
2021-10-29,ETHOSCOPE_259,13,male,CS,CSCC813636,15/10/2021,ZT0,100,0
2021-10-29,ETHOSCOPE_259,14,male,CS,CSCC813636,15/10/2021,ZT0,100,0
2021-10-29,ETHOSCOPE_259,15,male,CS,CSCC813636,15/10/2021,ZT0,100,0
2021-10-29,ETHOSCOPE_259,16,male,CS,CSCC813636,15/10/2021,ZT0,100,0
2021-10-29,ETHOSCOPE_259,17,male,CS,CSCC813636,15/10/2021,ZT0,100,0
2021-10-29,ETHOSCOPE_259,18,male,CS,CSCC813636,15/10/2021,ZT0,100,0
2021-10-29,ETHOSCOPE_259,19,male,CS,CSCC813636,15/10/2021,ZT0,100,0
2021-10-29,ETHOSCOPE_259,20,male,CS,CSCC813636,15/10/2021,ZT0,100,0
2021-10-29,ETHOSCOPE_259,21,male,CS,CSCC813636,15/10/2021,ZT0,100,0
2021-10-29,ETHOSCOPE_259,22,male,CS,CSCC813636,15/10/2021,ZT0,100,0
2021-10-29,ETHOSCOPE_259,23,male,CS,CSCC813636,15/10/2021,ZT0,100,0
2021-10-29,ETHOSCOPE_259,24,male,CS,CSCC813636,15/10/2021,ZT0,100,0
2021-11-04,ETHOSCOPE_217,1,male,CS,CSCC813636,22/10/2021,ZT0,1,0
2021-11-04,ETHOSCOPE_217,2,male,CS,CSCC813636,22/10/2021,ZT0,1,0
2021-11-04,ETHOSCOPE_217,3,male,CS,CSCC813636,22/10/2021,ZT0,1,0
2021-11-04,ETHOSCOPE_217,4,male,CS,CSCC813636,22/10/2021,ZT0,1,0
2021-11-04,ETHOSCOPE_217,5,male,CS,CSCC813636,22/10/2021,ZT0,1,0
2021-11-04,ETHOSCOPE_217,6,male,CS,CSCC813636,22/10/2021,ZT0,1,0
2021-11-04,ETHOSCOPE_217,7,male,CS,CSCC813636,22/10/2021,ZT0,1,0
2021-11-04,ETHOSCOPE_217,8,male,CS,CSCC813636,22/10/2021,ZT0,1,0
2021-11-04,ETHOSCOPE_217,9,male,CS,CSCC813636,22/10/2021,ZT0,1,0
2021-11-04,ETHOSCOPE_217,10,male,CS,CSCC813636,22/10/2021,ZT0,1,0
2021-11-04,ETHOSCOPE_217,11,male,CS,CSCC813636,22/10/2021,ZT0,1,0
2021-11-04,ETHOSCOPE_217,12,male,CS,CSCC813636,22/10/2021,ZT0,1,0
2021-11-04,ETHOSCOPE_217,13,male,CS,CSCC813636,22/10/2021,ZT0,1,0
2021-11-04,ETHOSCOPE_217,14,male,CS,CSCC813636,22/10/2021,ZT0,1,0
2021-11-04,ETHOSCOPE_217,15,male,CS,CSCC813636,22/10/2021,ZT0,1,0
2021-11-04,ETHOSCOPE_217,16,male,CS,CSCC813636,22/10/2021,ZT0,1,0
2021-11-04,ETHOSCOPE_217,17,male,CS,CSCC813636,22/10/2021,ZT0,1,0
2021-11-04,ETHOSCOPE_217,18,male,CS,CSCC813636,22/10/2021,ZT0,1,0
2021-11-04,ETHOSCOPE_217,19,male,CS,CSCC813636,22/10/2021,ZT0,1,0
2021-11-04,ETHOSCOPE_217,20,male,CS,CSCC813636,22/10/2021,ZT0,1,0
2021-11-04,ETHOSCOPE_217,21,male,CS,CSCC813636,22/10/2021,ZT0,1,0
2021-11-04,ETHOSCOPE_217,22,male,CS,CSCC813636,22/10/2021,ZT0,1,0
2021-11-04,ETHOSCOPE_217,23,male,CS,CSCC813636,22/10/2021,ZT0,1,0
2021-11-04,ETHOSCOPE_217,24,male,CS,CSCC813636,22/10/2021,ZT0,1,0
2021-11-15,ETHOSCOPE_109,1,male,CS,CSCC813636,02/11/2021,ZT0,1,0
2021-11-15,ETHOSCOPE_109,2,male,CS,CSCC813636,02/11/2021,ZT0,1,0
2021-11-15,ETHOSCOPE_109,3,male,CS,CSCC813636,02/11/2021,ZT0,1,0
2021-11-15,ETHOSCOPE_109,4,male,CS,CSCC813636,02/11/2021,ZT0,1,0
2021-11-15,ETHOSCOPE_109,5,male,CS,CSCC813636,02/11/2021,ZT0,1,0
2021-11-15,ETHOSCOPE_109,6,male,CS,CSCC813636,02/11/2021,ZT0,1,0
2021-11-15,ETHOSCOPE_109,7,male,CS,CSCC813636,02/11/2021,ZT0,1,0
2021-11-15,ETHOSCOPE_109,8,male,CS,CSCC813636,02/11/2021,ZT0,1,0
2021-11-15,ETHOSCOPE_109,9,male,CS,CSCC813636,02/11/2021,ZT0,1,0
2021-11-15,ETHOSCOPE_109,10,male,CS,CSCC813636,02/11/2021,ZT0,1,0
2021-11-15,ETHOSCOPE_109,11,male,CS,CSCC813636,02/11/2021,ZT0,1,0
2021-11-15,ETHOSCOPE_109,12,male,CS,CSCC813636,02/11/2021,ZT0,1,0
2021-11-15,ETHOSCOPE_109,13,male,CS,CSCC813636,02/11/2021,ZT0,1,0
2021-11-15,ETHOSCOPE_109,14,male,CS,CSCC813636,02/11/2021,ZT0,1,0
2021-11-15,ETHOSCOPE_109,15,male,CS,CSCC813636,02/11/2021,ZT0,1,0
2021-11-15,ETHOSCOPE_109,16,male,CS,CSCC813636,02/11/2021,ZT0,1,0
2021-11-15,ETHOSCOPE_109,17,male,CS,CSCC813636,02/11/2021,ZT0,1,0
2021-11-15,ETHOSCOPE_109,18,male,CS,CSCC813636,02/11/2021,ZT0,1,0
2021-11-15,ETHOSCOPE_109,19,male,CS,CSCC813636,02/11/2021,ZT0,1,0
2021-11-15,ETHOSCOPE_109,20,male,CS,CSCC813636,02/11/2021,ZT0,1,0
2021-11-15,ETHOSCOPE_109,21,male,CS,CSCC813636,02/11/2021,ZT0,1,0
2021-11-15,ETHOSCOPE_109,22,male,CS,CSCC813636,02/11/2021,ZT0,1,0
2021-11-15,ETHOSCOPE_109,23,male,CS,CSCC813636,02/11/2021,ZT0,1,0
2021-11-15,ETHOSCOPE_109,24,male,CS,CSCC813636,02/11/2021,ZT0,1,0
2021-12-10,ETHOSCOPE_259,1,male,CS,CSCC813636,26/11/2021,ZT0,1,0
2021-12-10,ETHOSCOPE_259,2,male,CS,CSCC813636,26/11/2021,ZT0,1,0
2021-12-10,ETHOSCOPE_259,3,male,CS,CSCC813636,26/11/2021,ZT0,1,0
2021-12-10,ETHOSCOPE_259,4,male,CS,CSCC813636,26/11/2021,ZT0,1,0
2021-12-10,ETHOSCOPE_259,5,male,CS,CSCC813636,26/11/2021,ZT0,1,0
2021-12-10,ETHOSCOPE_259,6,male,CS,CSCC813636,26/11/2021,ZT0,1,0
2021-12-10,ETHOSCOPE_259,7,male,CS,CSCC813636,26/11/2021,ZT0,1,0
2021-12-10,ETHOSCOPE_259,8,male,CS,CSCC813636,26/11/2021,ZT0,1,0
2021-12-10,ETHOSCOPE_259,9,male,CS,CSCC813636,26/11/2021,ZT0,1,0
2021-12-10,ETHOSCOPE_259,10,male,CS,CSCC813636,26/11/2021,ZT0,1,0
2021-12-10,ETHOSCOPE_259,11,male,CS,CSCC813636,26/11/2021,ZT0,1,0
2021-12-10,ETHOSCOPE_259,12,male,CS,CSCC813636,26/11/2021,ZT0,1,0
2021-12-10,ETHOSCOPE_259,13,male,CS,CSCC813636,26/11/2021,ZT0,1,0
2021-12-10,ETHOSCOPE_259,14,male,CS,CSCC813636,26/11/2021,ZT0,1,0
2021-12-10,ETHOSCOPE_259,15,male,CS,CSCC813636,26/11/2021,ZT0,1,0
2021-12-10,ETHOSCOPE_259,16,male,CS,CSCC813636,26/11/2021,ZT0,1,0
2021-12-10,ETHOSCOPE_259,17,male,CS,CSCC813636,26/11/2021,ZT0,1,0
2021-12-10,ETHOSCOPE_259,18,male,CS,CSCC813636,26/11/2021,ZT0,1,0
2021-12-10,ETHOSCOPE_259,19,male,CS,CSCC813636,26/11/2021,ZT0,1,0
2021-12-10,ETHOSCOPE_259,20,male,CS,CSCC813636,26/11/2021,ZT0,1,0
2021-12-10,ETHOSCOPE_259,21,male,CS,CSCC813636,26/11/2021,ZT0,1,0
2021-12-10,ETHOSCOPE_259,22,male,CS,CSCC813636,26/11/2021,ZT0,1,0
2021-12-10,ETHOSCOPE_259,23,male,CS,CSCC813636,26/11/2021,ZT0,1,0
2021-12-10,ETHOSCOPE_259,24,male,CS,CSCC813636,26/11/2021,ZT0,1,0
2021-09-14,ETHOSCOPE_141,1,male,CS,CSAA418859,31/08/2021,ZT0,1000,0
2021-09-14,ETHOSCOPE_141,2,male,CS,CSAA418859,31/08/2021,ZT0,1000,0
2021-09-14,ETHOSCOPE_141,3,male,CS,CSAA418859,31/08/2021,ZT0,1000,0
2021-09-14,ETHOSCOPE_141,4,male,CS,CSAA418859,31/08/2021,ZT0,1000,0
2021-09-14,ETHOSCOPE_141,5,male,CS,CSAA418859,31/08/2021,ZT0,1000,0
2021-09-14,ETHOSCOPE_141,6,male,CS,CSAA418859,31/08/2021,ZT0,1000,0
2021-09-14,ETHOSCOPE_141,7,male,CS,CSAA418859,31/08/2021,ZT0,1000,0
2021-09-14,ETHOSCOPE_141,8,male,CS,CSAA418859,31/08/2021,ZT0,1000,0
2021-09-14,ETHOSCOPE_141,9,male,CS,CSAA418859,31/08/2021,ZT0,1000,0
2021-09-14,ETHOSCOPE_141,10,male,CS,CSAA418859,31/08/2021,ZT0,1000,0
2021-09-14,ETHOSCOPE_141,11,male,CS,CSAA418859,31/08/2021,ZT0,1000,0
2021-09-14,ETHOSCOPE_141,12,male,CS,CSAA418859,31/08/2021,ZT0,1000,0
2021-09-14,ETHOSCOPE_141,13,male,CS,CSAA418859,31/08/2021,ZT0,1000,0
2021-09-14,ETHOSCOPE_141,14,male,CS,CSAA418859,31/08/2021,ZT0,1000,0
2021-09-14,ETHOSCOPE_141,15,male,CS,CSAA418859,31/08/2021,ZT0,1000,0
2021-09-14,ETHOSCOPE_141,16,male,CS,CSAA418859,31/08/2021,ZT0,1000,0
2021-09-14,ETHOSCOPE_141,17,male,CS,CSAA418859,31/08/2021,ZT0,1000,0
2021-09-14,ETHOSCOPE_141,18,male,CS,CSAA418859,31/08/2021,ZT0,1000,0
2021-09-14,ETHOSCOPE_141,19,male,CS,CSAA418859,31/08/2021,ZT0,1000,0
2021-09-14,ETHOSCOPE_141,20,male,CS,CSAA418859,31/08/2021,ZT0,1000,0
2021-09-14,ETHOSCOPE_141,21,male,CS,CSAA418859,31/08/2021,ZT0,1000,0
2021-09-14,ETHOSCOPE_141,22,male,CS,CSAA418859,31/08/2021,ZT0,1000,0
2021-09-14,ETHOSCOPE_141,23,male,CS,CSAA418859,31/08/2021,ZT0,1000,0
2021-09-14,ETHOSCOPE_141,24,male,CS,CSAA418859,31/08/2021,ZT0,1000,0
2021-09-15,ETHOSCOPE_139,1,male,CS,CSAA418859,31/08/2021,ZT0,1000,0
2021-09-15,ETHOSCOPE_139,2,male,CS,CSAA418859,31/08/2021,ZT0,1000,0
2021-09-15,ETHOSCOPE_139,3,male,CS,CSAA418859,31/08/2021,ZT0,1000,0
2021-09-15,ETHOSCOPE_139,4,male,CS,CSAA418859,31/08/2021,ZT0,1000,0
2021-09-15,ETHOSCOPE_139,5,male,CS,CSAA418859,31/08/2021,ZT0,1000,0
2021-09-15,ETHOSCOPE_139,6,male,CS,CSAA418859,31/08/2021,ZT0,1000,0
2021-09-15,ETHOSCOPE_139,7,male,CS,CSAA418859,31/08/2021,ZT0,1000,0
2021-09-15,ETHOSCOPE_139,8,male,CS,CSAA418859,31/08/2021,ZT0,1000,0
2021-09-15,ETHOSCOPE_139,9,male,CS,CSAA418859,31/08/2021,ZT0,1000,0
2021-09-15,ETHOSCOPE_139,10,male,CS,CSAA418859,31/08/2021,ZT0,1000,0
2021-09-15,ETHOSCOPE_139,11,male,CS,CSAA418859,31/08/2021,ZT0,1000,0
2021-09-15,ETHOSCOPE_139,12,male,CS,CSAA418859,31/08/2021,ZT0,1000,0
2021-09-15,ETHOSCOPE_139,13,male,CS,CSAA418859,31/08/2021,ZT0,1000,0
2021-09-15,ETHOSCOPE_139,14,male,CS,CSAA418859,31/08/2021,ZT0,1000,0
2021-09-15,ETHOSCOPE_139,15,male,CS,CSAA418859,31/08/2021,ZT0,1000,0
2021-09-15,ETHOSCOPE_139,16,male,CS,CSAA418859,31/08/2021,ZT0,1000,0
2021-09-15,ETHOSCOPE_139,17,male,CS,CSAA418859,31/08/2021,ZT0,1000,0
2021-09-15,ETHOSCOPE_139,18,male,CS,CSAA418859,31/08/2021,ZT0,1000,0
2021-09-15,ETHOSCOPE_139,19,male,CS,CSAA418859,31/08/2021,ZT0,1000,0
2021-09-15,ETHOSCOPE_139,20,male,CS,CSAA418859,31/08/2021,ZT0,1000,0
2021-09-15,ETHOSCOPE_139,21,male,CS,CSAA418859,31/08/2021,ZT0,1000,0
2021-09-15,ETHOSCOPE_139,22,male,CS,CSAA418859,31/08/2021,ZT0,1000,0
2021-09-15,ETHOSCOPE_139,23,male,CS,CSAA418859,31/08/2021,ZT0,1000,0
2021-09-15,ETHOSCOPE_139,24,male,CS,CSAA418859,31/08/2021,ZT0,1000,0
2021-10-06,ETHOSCOPE_151,1,male,CS,CSAA418859,22/09/2021,ZT0,1000,0
2021-10-06,ETHOSCOPE_151,2,male,CS,CSAA418859,22/09/2021,ZT0,1000,0
2021-10-06,ETHOSCOPE_151,3,male,CS,CSAA418859,22/09/2021,ZT0,1000,0
2021-10-06,ETHOSCOPE_151,4,male,CS,CSAA418859,22/09/2021,ZT0,1000,0
2021-10-06,ETHOSCOPE_151,5,male,CS,CSAA418859,22/09/2021,ZT0,1000,0
2021-10-06,ETHOSCOPE_151,6,male,CS,CSAA418859,22/09/2021,ZT0,1000,0
2021-10-06,ETHOSCOPE_151,7,male,CS,CSAA418859,22/09/2021,ZT0,1000,0
2021-10-06,ETHOSCOPE_151,8,male,CS,CSAA418859,22/09/2021,ZT0,1000,0
2021-10-06,ETHOSCOPE_151,9,male,CS,CSAA418859,22/09/2021,ZT0,1000,0
2021-10-06,ETHOSCOPE_151,10,male,CS,CSAA418859,22/09/2021,ZT0,1000,0
2021-10-06,ETHOSCOPE_151,11,male,CS,CSAA418859,22/09/2021,ZT0,1000,0
2021-10-06,ETHOSCOPE_151,12,male,CS,CSAA418859,22/09/2021,ZT0,1000,0
2021-10-06,ETHOSCOPE_151,13,male,CS,CSAA418859,22/09/2021,ZT0,1000,0
2021-10-06,ETHOSCOPE_151,14,male,CS,CSAA418859,22/09/2021,ZT0,1000,0
2021-10-06,ETHOSCOPE_151,15,male,CS,CSAA418859,22/09/2021,ZT0,1000,0
2021-10-06,ETHOSCOPE_151,16,male,CS,CSAA418859,22/09/2021,ZT0,1000,0
2021-10-06,ETHOSCOPE_151,17,male,CS,CSAA418859,22/09/2021,ZT0,1000,0
2021-10-06,ETHOSCOPE_151,18,male,CS,CSAA418859,22/09/2021,ZT0,1000,0
2021-10-06,ETHOSCOPE_151,19,male,CS,CSAA418859,22/09/2021,ZT0,1000,0
2021-10-06,ETHOSCOPE_151,20,male,CS,CSAA418859,22/09/2021,ZT0,1000,0
2021-10-06,ETHOSCOPE_151,21,male,CS,CSAA418859,22/09/2021,ZT0,1000,0
2021-10-06,ETHOSCOPE_151,22,male,CS,CSAA418859,22/09/2021,ZT0,1000,0
2021-10-06,ETHOSCOPE_151,23,male,CS,CSAA418859,22/09/2021,ZT0,1000,0
2021-10-06,ETHOSCOPE_151,24,male,CS,CSAA418859,22/09/2021,ZT0,1000,0
2021-10-07,ETHOSCOPE_108,1,male,CS,CSAA418859,22/09/2021,ZT0,100,0
2021-10-07,ETHOSCOPE_108,2,male,CS,CSAA418859,22/09/2021,ZT0,100,0
2021-10-07,ETHOSCOPE_108,3,male,CS,CSAA418859,22/09/2021,ZT0,100,0
2021-10-07,ETHOSCOPE_108,4,male,CS,CSAA418859,22/09/2021,ZT0,100,0
2021-10-07,ETHOSCOPE_108,5,male,CS,CSAA418859,22/09/2021,ZT0,100,0
2021-10-07,ETHOSCOPE_108,6,male,CS,CSAA418859,22/09/2021,ZT0,100,0
2021-10-07,ETHOSCOPE_108,7,male,CS,CSAA418859,22/09/2021,ZT0,100,0
2021-10-07,ETHOSCOPE_108,8,male,CS,CSAA418859,22/09/2021,ZT0,100,0
2021-10-07,ETHOSCOPE_108,9,male,CS,CSAA418859,22/09/2021,ZT0,100,0
2021-10-07,ETHOSCOPE_108,10,male,CS,CSAA418859,22/09/2021,ZT0,100,0
2021-10-07,ETHOSCOPE_108,11,male,CS,CSAA418859,22/09/2021,ZT0,100,0
2021-10-07,ETHOSCOPE_108,12,male,CS,CSAA418859,22/09/2021,ZT0,100,0
2021-10-07,ETHOSCOPE_108,13,male,CS,CSAA418859,22/09/2021,ZT0,100,0
2021-10-07,ETHOSCOPE_108,14,male,CS,CSAA418859,22/09/2021,ZT0,100,0
2021-10-07,ETHOSCOPE_108,15,male,CS,CSAA418859,22/09/2021,ZT0,100,0
2021-10-07,ETHOSCOPE_108,16,male,CS,CSAA418859,22/09/2021,ZT0,100,0
2021-10-07,ETHOSCOPE_108,17,male,CS,CSAA418859,22/09/2021,ZT0,100,0
2021-10-07,ETHOSCOPE_108,18,male,CS,CSAA418859,22/09/2021,ZT0,100,0
2021-10-07,ETHOSCOPE_108,19,male,CS,CSAA418859,22/09/2021,ZT0,100,0
2021-10-07,ETHOSCOPE_108,20,male,CS,CSAA418859,22/09/2021,ZT0,100,0
2021-10-07,ETHOSCOPE_108,21,male,CS,CSAA418859,22/09/2021,ZT0,100,0
2021-10-07,ETHOSCOPE_108,22,male,CS,CSAA418859,22/09/2021,ZT0,100,0
2021-10-07,ETHOSCOPE_108,23,male,CS,CSAA418859,22/09/2021,ZT0,100,0
2021-10-07,ETHOSCOPE_108,24,male,CS,CSAA418859,22/09/2021,ZT0,100,0
2021-10-15,ETHOSCOPE_147,1,male,CS,CSAA418859,01/10/2021,ZT0,100,0
2021-10-15,ETHOSCOPE_147,2,male,CS,CSAA418859,01/10/2021,ZT0,100,0
2021-10-15,ETHOSCOPE_147,3,male,CS,CSAA418859,01/10/2021,ZT0,100,0
2021-10-15,ETHOSCOPE_147,4,male,CS,CSAA418859,01/10/2021,ZT0,100,0
2021-10-15,ETHOSCOPE_147,5,male,CS,CSAA418859,01/10/2021,ZT0,100,0
2021-10-15,ETHOSCOPE_147,6,male,CS,CSAA418859,01/10/2021,ZT0,100,0
2021-10-15,ETHOSCOPE_147,7,male,CS,CSAA418859,01/10/2021,ZT0,100,0
2021-10-15,ETHOSCOPE_147,8,male,CS,CSAA418859,01/10/2021,ZT0,100,0
2021-10-15,ETHOSCOPE_147,9,male,CS,CSAA418859,01/10/2021,ZT0,100,0
2021-10-15,ETHOSCOPE_147,10,male,CS,CSAA418859,01/10/2021,ZT0,100,0
2021-10-15,ETHOSCOPE_147,11,male,CS,CSAA418859,01/10/2021,ZT0,100,0
2021-10-15,ETHOSCOPE_147,12,male,CS,CSAA418859,01/10/2021,ZT0,100,0
2021-10-15,ETHOSCOPE_147,13,male,CS,CSAA418859,01/10/2021,ZT0,100,0
2021-10-15,ETHOSCOPE_147,14,male,CS,CSAA418859,01/10/2021,ZT0,100,0
2021-10-15,ETHOSCOPE_147,15,male,CS,CSAA418859,01/10/2021,ZT0,100,0
2021-10-15,ETHOSCOPE_147,16,male,CS,CSAA418859,01/10/2021,ZT0,100,0
2021-10-15,ETHOSCOPE_147,17,male,CS,CSAA418859,01/10/2021,ZT0,100,0
2021-10-15,ETHOSCOPE_147,18,male,CS,CSAA418859,01/10/2021,ZT0,100,0
2021-10-15,ETHOSCOPE_147,19,male,CS,CSAA418859,01/10/2021,ZT0,100,0
2021-10-15,ETHOSCOPE_147,20,male,CS,CSAA418859,01/10/2021,ZT0,100,0
2021-10-15,ETHOSCOPE_147,21,male,CS,CSAA418859,01/10/2021,ZT0,100,0
2021-10-15,ETHOSCOPE_147,22,male,CS,CSAA418859,01/10/2021,ZT0,100,0
2021-10-15,ETHOSCOPE_147,23,male,CS,CSAA418859,01/10/2021,ZT0,100,0
2021-10-15,ETHOSCOPE_147,24,male,CS,CSAA418859,01/10/2021,ZT0,100,0
2021-10-29,ETHOSCOPE_218,1,male,CS,CSAA418859,15/10/2021,ZT0,100,0
2021-10-29,ETHOSCOPE_218,2,male,CS,CSAA418859,15/10/2021,ZT0,100,0
2021-10-29,ETHOSCOPE_218,3,male,CS,CSAA418859,15/10/2021,ZT0,100,0
2021-10-29,ETHOSCOPE_218,4,male,CS,CSAA418859,15/10/2021,ZT0,100,0
2021-10-29,ETHOSCOPE_218,5,male,CS,CSAA418859,15/10/2021,ZT0,100,0
2021-10-29,ETHOSCOPE_218,6,male,CS,CSAA418859,15/10/2021,ZT0,100,0
2021-10-29,ETHOSCOPE_218,7,male,CS,CSAA418859,15/10/2021,ZT0,100,0
2021-10-29,ETHOSCOPE_218,8,male,CS,CSAA418859,15/10/2021,ZT0,100,0
2021-10-29,ETHOSCOPE_218,9,male,CS,CSAA418859,15/10/2021,ZT0,100,0
2021-10-29,ETHOSCOPE_218,10,male,CS,CSAA418859,15/10/2021,ZT0,100,0
2021-10-29,ETHOSCOPE_218,11,male,CS,CSAA418859,15/10/2021,ZT0,100,0
2021-10-29,ETHOSCOPE_218,12,male,CS,CSAA418859,15/10/2021,ZT0,100,0
2021-10-29,ETHOSCOPE_218,13,male,CS,CSAA418859,15/10/2021,ZT0,100,0
2021-10-29,ETHOSCOPE_218,14,male,CS,CSAA418859,15/10/2021,ZT0,100,0
2021-10-29,ETHOSCOPE_218,15,male,CS,CSAA418859,15/10/2021,ZT0,100,0
2021-10-29,ETHOSCOPE_218,16,male,CS,CSAA418859,15/10/2021,ZT0,100,0
2021-10-29,ETHOSCOPE_218,17,male,CS,CSAA418859,15/10/2021,ZT0,100,0
2021-10-29,ETHOSCOPE_218,18,male,CS,CSAA418859,15/10/2021,ZT0,100,0
2021-10-29,ETHOSCOPE_218,19,male,CS,CSAA418859,15/10/2021,ZT0,100,0
2021-10-29,ETHOSCOPE_218,20,male,CS,CSAA418859,15/10/2021,ZT0,100,0
2021-10-29,ETHOSCOPE_218,21,male,CS,CSAA418859,15/10/2021,ZT0,100,0
2021-10-29,ETHOSCOPE_218,22,male,CS,CSAA418859,15/10/2021,ZT0,100,0
2021-10-29,ETHOSCOPE_218,23,male,CS,CSAA418859,15/10/2021,ZT0,100,0
2021-10-29,ETHOSCOPE_218,24,male,CS,CSAA418859,15/10/2021,ZT0,100,0
2021-11-04,ETHOSCOPE_147,1,male,CS,CSAA418859,22/10/2021,ZT0,1,0
2021-11-04,ETHOSCOPE_147,2,male,CS,CSAA418859,22/10/2021,ZT0,1,0
2021-11-04,ETHOSCOPE_147,3,male,CS,CSAA418859,22/10/2021,ZT0,1,0
2021-11-04,ETHOSCOPE_147,4,male,CS,CSAA418859,22/10/2021,ZT0,1,0
2021-11-04,ETHOSCOPE_147,5,male,CS,CSAA418859,22/10/2021,ZT0,1,0
2021-11-04,ETHOSCOPE_147,6,male,CS,CSAA418859,22/10/2021,ZT0,1,0
2021-11-04,ETHOSCOPE_147,7,male,CS,CSAA418859,22/10/2021,ZT0,1,0
2021-11-04,ETHOSCOPE_147,8,male,CS,CSAA418859,22/10/2021,ZT0,1,0
2021-11-04,ETHOSCOPE_147,9,male,CS,CSAA418859,22/10/2021,ZT0,1,0
2021-11-04,ETHOSCOPE_147,10,male,CS,CSAA418859,22/10/2021,ZT0,1,0
2021-11-04,ETHOSCOPE_147,11,male,CS,CSAA418859,22/10/2021,ZT0,1,0
2021-11-04,ETHOSCOPE_147,12,male,CS,CSAA418859,22/10/2021,ZT0,1,0
2021-11-04,ETHOSCOPE_147,13,male,CS,CSAA418859,22/10/2021,ZT0,1,0
2021-11-04,ETHOSCOPE_147,14,male,CS,CSAA418859,22/10/2021,ZT0,1,0
2021-11-04,ETHOSCOPE_147,15,male,CS,CSAA418859,22/10/2021,ZT0,1,0
2021-11-04,ETHOSCOPE_147,16,male,CS,CSAA418859,22/10/2021,ZT0,1,0
2021-11-04,ETHOSCOPE_147,17,male,CS,CSAA418859,22/10/2021,ZT0,1,0
2021-11-04,ETHOSCOPE_147,18,male,CS,CSAA418859,22/10/2021,ZT0,1,0
2021-11-04,ETHOSCOPE_147,19,male,CS,CSAA418859,22/10/2021,ZT0,1,0
2021-11-04,ETHOSCOPE_147,20,male,CS,CSAA418859,22/10/2021,ZT0,1,0
2021-11-04,ETHOSCOPE_147,21,male,CS,CSAA418859,22/10/2021,ZT0,1,0
2021-11-04,ETHOSCOPE_147,22,male,CS,CSAA418859,22/10/2021,ZT0,1,0
2021-11-04,ETHOSCOPE_147,23,male,CS,CSAA418859,22/10/2021,ZT0,1,0
2021-11-04,ETHOSCOPE_147,24,male,CS,CSAA418859,22/10/2021,ZT0,1,0
2021-11-15,ETHOSCOPE_238,1,male,CS,CSAA418859,02/11/2021,ZT0,1,0
2021-11-15,ETHOSCOPE_238,2,male,CS,CSAA418859,02/11/2021,ZT0,1,0
2021-11-15,ETHOSCOPE_238,3,male,CS,CSAA418859,02/11/2021,ZT0,1,0
2021-11-15,ETHOSCOPE_238,4,male,CS,CSAA418859,02/11/2021,ZT0,1,0
2021-11-15,ETHOSCOPE_238,5,male,CS,CSAA418859,02/11/2021,ZT0,1,0
2021-11-15,ETHOSCOPE_238,6,male,CS,CSAA418859,02/11/2021,ZT0,1,0
2021-11-15,ETHOSCOPE_238,7,male,CS,CSAA418859,02/11/2021,ZT0,1,0
2021-11-15,ETHOSCOPE_238,8,male,CS,CSAA418859,02/11/2021,ZT0,1,0
2021-11-15,ETHOSCOPE_238,9,male,CS,CSAA418859,02/11/2021,ZT0,1,0
2021-11-15,ETHOSCOPE_238,10,male,CS,CSAA418859,02/11/2021,ZT0,1,0
2021-11-15,ETHOSCOPE_238,11,male,CS,CSAA418859,02/11/2021,ZT0,1,0
2021-11-15,ETHOSCOPE_238,12,male,CS,CSAA418859,02/11/2021,ZT0,1,0
2021-11-15,ETHOSCOPE_238,13,male,CS,CSAA418859,02/11/2021,ZT0,1,0
2021-11-15,ETHOSCOPE_238,14,male,CS,CSAA418859,02/11/2021,ZT0,1,0
2021-11-15,ETHOSCOPE_238,15,male,CS,CSAA418859,02/11/2021,ZT0,1,0
2021-11-15,ETHOSCOPE_238,16,male,CS,CSAA418859,02/11/2021,ZT0,1,0
2021-11-15,ETHOSCOPE_238,17,male,CS,CSAA418859,02/11/2021,ZT0,1,0
2021-11-15,ETHOSCOPE_238,18,male,CS,CSAA418859,02/11/2021,ZT0,1,0
2021-11-15,ETHOSCOPE_238,19,male,CS,CSAA418859,02/11/2021,ZT0,1,0
2021-11-15,ETHOSCOPE_238,20,male,CS,CSAA418859,02/11/2021,ZT0,1,0
2021-11-15,ETHOSCOPE_238,21,male,CS,CSAA418859,02/11/2021,ZT0,1,0
2021-11-15,ETHOSCOPE_238,22,male,CS,CSAA418859,02/11/2021,ZT0,1,0
2021-11-15,ETHOSCOPE_238,23,male,CS,CSAA418859,02/11/2021,ZT0,1,0
2021-11-15,ETHOSCOPE_238,24,male,CS,CSAA418859,02/11/2021,ZT0,1,0
2021-12-10,ETHOSCOPE_218,1,male,CS,CSAA418859,26/11/2021,ZT0,1,0
2021-12-10,ETHOSCOPE_218,2,male,CS,CSAA418859,26/11/2021,ZT0,1,0
2021-12-10,ETHOSCOPE_218,3,male,CS,CSAA418859,26/11/2021,ZT0,1,0
2021-12-10,ETHOSCOPE_218,4,male,CS,CSAA418859,26/11/2021,ZT0,1,0
2021-12-10,ETHOSCOPE_218,5,male,CS,CSAA418859,26/11/2021,ZT0,1,0
2021-12-10,ETHOSCOPE_218,6,male,CS,CSAA418859,26/11/2021,ZT0,1,0
2021-12-10,ETHOSCOPE_218,7,male,CS,CSAA418859,26/11/2021,ZT0,1,0
2021-12-10,ETHOSCOPE_218,8,male,CS,CSAA418859,26/11/2021,ZT0,1,0
2021-12-10,ETHOSCOPE_218,9,male,CS,CSAA418859,26/11/2021,ZT0,1,0
2021-12-10,ETHOSCOPE_218,10,male,CS,CSAA418859,26/11/2021,ZT0,1,0
2021-12-10,ETHOSCOPE_218,11,male,CS,CSAA418859,26/11/2021,ZT0,1,0
2021-12-10,ETHOSCOPE_218,12,male,CS,CSAA418859,26/11/2021,ZT0,1,0
2021-12-10,ETHOSCOPE_218,13,male,CS,CSAA418859,26/11/2021,ZT0,1,0
2021-12-10,ETHOSCOPE_218,14,male,CS,CSAA418859,26/11/2021,ZT0,1,0
2021-12-10,ETHOSCOPE_218,15,male,CS,CSAA418859,26/11/2021,ZT0,1,0
2021-12-10,ETHOSCOPE_218,16,male,CS,CSAA418859,26/11/2021,ZT0,1,0
2021-12-10,ETHOSCOPE_218,17,male,CS,CSAA418859,26/11/2021,ZT0,1,0
2021-12-10,ETHOSCOPE_218,18,male,CS,CSAA418859,26/11/2021,ZT0,1,0
2021-12-10,ETHOSCOPE_218,19,male,CS,CSAA418859,26/11/2021,ZT0,1,0
2021-12-10,ETHOSCOPE_218,20,male,CS,CSAA418859,26/11/2021,ZT0,1,0
2021-12-10,ETHOSCOPE_218,21,male,CS,CSAA418859,26/11/2021,ZT0,1,0
2021-12-10,ETHOSCOPE_218,22,male,CS,CSAA418859,26/11/2021,ZT0,1,0
2021-12-10,ETHOSCOPE_218,23,male,CS,CSAA418859,26/11/2021,ZT0,1,0
2021-12-10,ETHOSCOPE_218,24,male,CS,CSAA418859,26/11/2021,ZT0,1,0
2021-09-14,ETHOSCOPE_250,1,male,CS,CSAA172687,31/08/2021,ZT0,1000,0
2021-09-14,ETHOSCOPE_250,2,male,CS,CSAA172687,31/08/2021,ZT0,1000,0
2021-09-14,ETHOSCOPE_250,3,male,CS,CSAA172687,31/08/2021,ZT0,1000,0
2021-09-14,ETHOSCOPE_250,4,male,CS,CSAA172687,31/08/2021,ZT0,1000,0
2021-09-14,ETHOSCOPE_250,5,male,CS,CSAA172687,31/08/2021,ZT0,1000,0
2021-09-14,ETHOSCOPE_250,6,male,CS,CSAA172687,31/08/2021,ZT0,1000,0
2021-09-14,ETHOSCOPE_250,7,male,CS,CSAA172687,31/08/2021,ZT0,1000,0
2021-09-14,ETHOSCOPE_250,8,male,CS,CSAA172687,31/08/2021,ZT0,1000,0
2021-09-14,ETHOSCOPE_250,9,male,CS,CSAA172687,31/08/2021,ZT0,1000,0
2021-09-14,ETHOSCOPE_250,10,male,CS,CSAA172687,31/08/2021,ZT0,1000,0
2021-09-14,ETHOSCOPE_250,11,male,CS,CSAA172687,31/08/2021,ZT0,1000,0
2021-09-14,ETHOSCOPE_250,12,male,CS,CSAA172687,31/08/2021,ZT0,1000,0
2021-09-14,ETHOSCOPE_250,13,male,CS,CSAA172687,31/08/2021,ZT0,1000,0
2021-09-14,ETHOSCOPE_250,14,male,CS,CSAA172687,31/08/2021,ZT0,1000,0
2021-09-14,ETHOSCOPE_250,15,male,CS,CSAA172687,31/08/2021,ZT0,1000,0
2021-09-14,ETHOSCOPE_250,16,male,CS,CSAA172687,31/08/2021,ZT0,1000,0
2021-09-14,ETHOSCOPE_250,17,male,CS,CSAA172687,31/08/2021,ZT0,1000,0
2021-09-14,ETHOSCOPE_250,18,male,CS,CSAA172687,31/08/2021,ZT0,1000,0
2021-09-14,ETHOSCOPE_250,19,male,CS,CSAA172687,31/08/2021,ZT0,1000,0
2021-09-14,ETHOSCOPE_250,20,male,CS,CSAA172687,31/08/2021,ZT0,1000,0
2021-09-14,ETHOSCOPE_250,21,male,CS,CSAA172687,31/08/2021,ZT0,1000,0
2021-09-14,ETHOSCOPE_250,22,male,CS,CSAA172687,31/08/2021,ZT0,1000,0
2021-09-14,ETHOSCOPE_250,23,male,CS,CSAA172687,31/08/2021,ZT0,1000,0
2021-09-14,ETHOSCOPE_250,24,male,CS,CSAA172687,31/08/2021,ZT0,1000,0
2021-09-15,ETHOSCOPE_151,1,male,CS,CSAA172687,31/08/2021,ZT0,1000,0
2021-09-15,ETHOSCOPE_151,2,male,CS,CSAA172687,31/08/2021,ZT0,1000,0
2021-09-15,ETHOSCOPE_151,3,male,CS,CSAA172687,31/08/2021,ZT0,1000,0
2021-09-15,ETHOSCOPE_151,4,male,CS,CSAA172687,31/08/2021,ZT0,1000,0
2021-09-15,ETHOSCOPE_151,5,male,CS,CSAA172687,31/08/2021,ZT0,1000,0
2021-09-15,ETHOSCOPE_151,6,male,CS,CSAA172687,31/08/2021,ZT0,1000,0
2021-09-15,ETHOSCOPE_151,7,male,CS,CSAA172687,31/08/2021,ZT0,1000,0
2021-09-15,ETHOSCOPE_151,8,male,CS,CSAA172687,31/08/2021,ZT0,1000,0
2021-09-15,ETHOSCOPE_151,9,male,CS,CSAA172687,31/08/2021,ZT0,1000,0
2021-09-15,ETHOSCOPE_151,10,male,CS,CSAA172687,31/08/2021,ZT0,1000,0
2021-09-15,ETHOSCOPE_151,11,male,CS,CSAA172687,31/08/2021,ZT0,1000,0
2021-09-15,ETHOSCOPE_151,12,male,CS,CSAA172687,31/08/2021,ZT0,1000,0
2021-09-15,ETHOSCOPE_151,13,male,CS,CSAA172687,31/08/2021,ZT0,1000,0
2021-09-15,ETHOSCOPE_151,14,male,CS,CSAA172687,31/08/2021,ZT0,1000,0
2021-09-15,ETHOSCOPE_151,15,male,CS,CSAA172687,31/08/2021,ZT0,1000,0
2021-09-15,ETHOSCOPE_151,16,male,CS,CSAA172687,31/08/2021,ZT0,1000,0
2021-09-15,ETHOSCOPE_151,17,male,CS,CSAA172687,31/08/2021,ZT0,1000,0
2021-09-15,ETHOSCOPE_151,18,male,CS,CSAA172687,31/08/2021,ZT0,1000,0
2021-09-15,ETHOSCOPE_151,19,male,CS,CSAA172687,31/08/2021,ZT0,1000,0
2021-09-15,ETHOSCOPE_151,20,male,CS,CSAA172687,31/08/2021,ZT0,1000,0
2021-09-15,ETHOSCOPE_151,21,male,CS,CSAA172687,31/08/2021,ZT0,1000,0
2021-09-15,ETHOSCOPE_151,22,male,CS,CSAA172687,31/08/2021,ZT0,1000,0
2021-09-15,ETHOSCOPE_151,23,male,CS,CSAA172687,31/08/2021,ZT0,1000,0
2021-09-15,ETHOSCOPE_151,24,male,CS,CSAA172687,31/08/2021,ZT0,1000,0
2021-10-06,ETHOSCOPE_147,1,male,CS,CSAA172687,22/09/2021,ZT0,1000,0
2021-10-06,ETHOSCOPE_147,2,male,CS,CSAA172687,22/09/2021,ZT0,1000,0
2021-10-06,ETHOSCOPE_147,3,male,CS,CSAA172687,22/09/2021,ZT0,1000,0
2021-10-06,ETHOSCOPE_147,4,male,CS,CSAA172687,22/09/2021,ZT0,1000,0
2021-10-06,ETHOSCOPE_147,5,male,CS,CSAA172687,22/09/2021,ZT0,1000,0
2021-10-06,ETHOSCOPE_147,6,male,CS,CSAA172687,22/09/2021,ZT0,1000,0
2021-10-06,ETHOSCOPE_147,7,male,CS,CSAA172687,22/09/2021,ZT0,1000,0
2021-10-06,ETHOSCOPE_147,8,male,CS,CSAA172687,22/09/2021,ZT0,1000,0
2021-10-06,ETHOSCOPE_147,9,male,CS,CSAA172687,22/09/2021,ZT0,1000,0
2021-10-06,ETHOSCOPE_147,10,male,CS,CSAA172687,22/09/2021,ZT0,1000,0
2021-10-06,ETHOSCOPE_147,11,male,CS,CSAA172687,22/09/2021,ZT0,1000,0
2021-10-06,ETHOSCOPE_147,12,male,CS,CSAA172687,22/09/2021,ZT0,1000,0
2021-10-06,ETHOSCOPE_147,13,male,CS,CSAA172687,22/09/2021,ZT0,1000,0
2021-10-06,ETHOSCOPE_147,14,male,CS,CSAA172687,22/09/2021,ZT0,1000,0
2021-10-06,ETHOSCOPE_147,15,male,CS,CSAA172687,22/09/2021,ZT0,1000,0
2021-10-06,ETHOSCOPE_147,16,male,CS,CSAA172687,22/09/2021,ZT0,1000,0
2021-10-06,ETHOSCOPE_147,17,male,CS,CSAA172687,22/09/2021,ZT0,1000,0
2021-10-06,ETHOSCOPE_147,18,male,CS,CSAA172687,22/09/2021,ZT0,1000,0
2021-10-06,ETHOSCOPE_147,19,male,CS,CSAA172687,22/09/2021,ZT0,1000,0
2021-10-06,ETHOSCOPE_147,20,male,CS,CSAA172687,22/09/2021,ZT0,1000,0
2021-10-06,ETHOSCOPE_147,21,male,CS,CSAA172687,22/09/2021,ZT0,1000,0
2021-10-06,ETHOSCOPE_147,22,male,CS,CSAA172687,22/09/2021,ZT0,1000,0
2021-10-06,ETHOSCOPE_147,23,male,CS,CSAA172687,22/09/2021,ZT0,1000,0
2021-10-06,ETHOSCOPE_147,24,male,CS,CSAA172687,22/09/2021,ZT0,1000,0
2021-10-07,ETHOSCOPE_238,1,male,CS,CSAA172687,22/09/2021,ZT0,100,0
2021-10-07,ETHOSCOPE_238,2,male,CS,CSAA172687,22/09/2021,ZT0,100,0
2021-10-07,ETHOSCOPE_238,3,male,CS,CSAA172687,22/09/2021,ZT0,100,0
2021-10-07,ETHOSCOPE_238,4,male,CS,CSAA172687,22/09/2021,ZT0,100,0
2021-10-07,ETHOSCOPE_238,5,male,CS,CSAA172687,22/09/2021,ZT0,100,0
2021-10-07,ETHOSCOPE_238,6,male,CS,CSAA172687,22/09/2021,ZT0,100,0
2021-10-07,ETHOSCOPE_238,7,male,CS,CSAA172687,22/09/2021,ZT0,100,0
2021-10-07,ETHOSCOPE_238,8,male,CS,CSAA172687,22/09/2021,ZT0,100,0
2021-10-07,ETHOSCOPE_238,9,male,CS,CSAA172687,22/09/2021,ZT0,100,0
2021-10-07,ETHOSCOPE_238,10,male,CS,CSAA172687,22/09/2021,ZT0,100,0
2021-10-07,ETHOSCOPE_238,11,male,CS,CSAA172687,22/09/2021,ZT0,100,0
2021-10-07,ETHOSCOPE_238,12,male,CS,CSAA172687,22/09/2021,ZT0,100,0
2021-10-07,ETHOSCOPE_238,13,male,CS,CSAA172687,22/09/2021,ZT0,100,0
2021-10-07,ETHOSCOPE_238,14,male,CS,CSAA172687,22/09/2021,ZT0,100,0
2021-10-07,ETHOSCOPE_238,15,male,CS,CSAA172687,22/09/2021,ZT0,100,0
2021-10-07,ETHOSCOPE_238,16,male,CS,CSAA172687,22/09/2021,ZT0,100,0
2021-10-07,ETHOSCOPE_238,17,male,CS,CSAA172687,22/09/2021,ZT0,100,0
2021-10-07,ETHOSCOPE_238,18,male,CS,CSAA172687,22/09/2021,ZT0,100,0
2021-10-07,ETHOSCOPE_238,19,male,CS,CSAA172687,22/09/2021,ZT0,100,0
2021-10-07,ETHOSCOPE_238,20,male,CS,CSAA172687,22/09/2021,ZT0,100,0
2021-10-07,ETHOSCOPE_238,21,male,CS,CSAA172687,22/09/2021,ZT0,100,0
2021-10-07,ETHOSCOPE_238,22,male,CS,CSAA172687,22/09/2021,ZT0,100,0
2021-10-07,ETHOSCOPE_238,23,male,CS,CSAA172687,22/09/2021,ZT0,100,0
2021-10-07,ETHOSCOPE_238,24,male,CS,CSAA172687,22/09/2021,ZT0,100,0
2021-10-15,ETHOSCOPE_148,1,male,CS,CSAA172687,01/10/2021,ZT0,100,0
2021-10-15,ETHOSCOPE_148,2,male,CS,CSAA172687,01/10/2021,ZT0,100,0
2021-10-15,ETHOSCOPE_148,3,male,CS,CSAA172687,01/10/2021,ZT0,100,0
2021-10-15,ETHOSCOPE_148,4,male,CS,CSAA172687,01/10/2021,ZT0,100,0
2021-10-15,ETHOSCOPE_148,5,male,CS,CSAA172687,01/10/2021,ZT0,100,0
2021-10-15,ETHOSCOPE_148,6,male,CS,CSAA172687,01/10/2021,ZT0,100,0
2021-10-15,ETHOSCOPE_148,7,male,CS,CSAA172687,01/10/2021,ZT0,100,0
2021-10-15,ETHOSCOPE_148,8,male,CS,CSAA172687,01/10/2021,ZT0,100,0
2021-10-15,ETHOSCOPE_148,9,male,CS,CSAA172687,01/10/2021,ZT0,100,0
2021-10-15,ETHOSCOPE_148,10,male,CS,CSAA172687,01/10/2021,ZT0,100,0
2021-10-15,ETHOSCOPE_148,11,male,CS,CSAA172687,01/10/2021,ZT0,100,0
2021-10-15,ETHOSCOPE_148,12,male,CS,CSAA172687,01/10/2021,ZT0,100,0
2021-10-15,ETHOSCOPE_148,13,male,CS,CSAA172687,01/10/2021,ZT0,100,0
2021-10-15,ETHOSCOPE_148,14,male,CS,CSAA172687,01/10/2021,ZT0,100,0
2021-10-15,ETHOSCOPE_148,15,male,CS,CSAA172687,01/10/2021,ZT0,100,0
2021-10-15,ETHOSCOPE_148,16,male,CS,CSAA172687,01/10/2021,ZT0,100,0
2021-10-15,ETHOSCOPE_148,17,male,CS,CSAA172687,01/10/2021,ZT0,100,0
2021-10-15,ETHOSCOPE_148,18,male,CS,CSAA172687,01/10/2021,ZT0,100,0
2021-10-15,ETHOSCOPE_148,19,male,CS,CSAA172687,01/10/2021,ZT0,100,0
2021-10-15,ETHOSCOPE_148,20,male,CS,CSAA172687,01/10/2021,ZT0,100,0
2021-10-15,ETHOSCOPE_148,21,male,CS,CSAA172687,01/10/2021,ZT0,100,0
2021-10-15,ETHOSCOPE_148,22,male,CS,CSAA172687,01/10/2021,ZT0,100,0
2021-10-15,ETHOSCOPE_148,23,male,CS,CSAA172687,01/10/2021,ZT0,100,0
2021-10-15,ETHOSCOPE_148,24,male,CS,CSAA172687,01/10/2021,ZT0,100,0
2021-10-29,ETHOSCOPE_139,1,male,CS,CSAA172687,15/10/2021,ZT0,100,0
2021-10-29,ETHOSCOPE_139,2,male,CS,CSAA172687,15/10/2021,ZT0,100,0
2021-10-29,ETHOSCOPE_139,3,male,CS,CSAA172687,15/10/2021,ZT0,100,0
2021-10-29,ETHOSCOPE_139,4,male,CS,CSAA172687,15/10/2021,ZT0,100,0
2021-10-29,ETHOSCOPE_139,5,male,CS,CSAA172687,15/10/2021,ZT0,100,0
2021-10-29,ETHOSCOPE_139,6,male,CS,CSAA172687,15/10/2021,ZT0,100,0
2021-10-29,ETHOSCOPE_139,7,male,CS,CSAA172687,15/10/2021,ZT0,100,0
2021-10-29,ETHOSCOPE_139,8,male,CS,CSAA172687,15/10/2021,ZT0,100,0
2021-10-29,ETHOSCOPE_139,9,male,CS,CSAA172687,15/10/2021,ZT0,100,0
2021-10-29,ETHOSCOPE_139,10,male,CS,CSAA172687,15/10/2021,ZT0,100,0
2021-10-29,ETHOSCOPE_139,11,male,CS,CSAA172687,15/10/2021,ZT0,100,0
2021-10-29,ETHOSCOPE_139,12,male,CS,CSAA172687,15/10/2021,ZT0,100,0
2021-10-29,ETHOSCOPE_139,13,male,CS,CSAA172687,15/10/2021,ZT0,100,0
2021-10-29,ETHOSCOPE_139,14,male,CS,CSAA172687,15/10/2021,ZT0,100,0
2021-10-29,ETHOSCOPE_139,15,male,CS,CSAA172687,15/10/2021,ZT0,100,0
2021-10-29,ETHOSCOPE_139,16,male,CS,CSAA172687,15/10/2021,ZT0,100,0
2021-10-29,ETHOSCOPE_139,17,male,CS,CSAA172687,15/10/2021,ZT0,100,0
2021-10-29,ETHOSCOPE_139,18,male,CS,CSAA172687,15/10/2021,ZT0,100,0
2021-10-29,ETHOSCOPE_139,19,male,CS,CSAA172687,15/10/2021,ZT0,100,0
2021-10-29,ETHOSCOPE_139,20,male,CS,CSAA172687,15/10/2021,ZT0,100,0
2021-10-29,ETHOSCOPE_139,21,male,CS,CSAA172687,15/10/2021,ZT0,100,0
2021-10-29,ETHOSCOPE_139,22,male,CS,CSAA172687,15/10/2021,ZT0,100,0
2021-10-29,ETHOSCOPE_139,23,male,CS,CSAA172687,15/10/2021,ZT0,100,0
2021-10-29,ETHOSCOPE_139,24,male,CS,CSAA172687,15/10/2021,ZT0,100,0
2021-11-04,ETHOSCOPE_148,1,male,CS,CSAA172687,22/10/2021,ZT0,1,0
2021-11-04,ETHOSCOPE_148,2,male,CS,CSAA172687,22/10/2021,ZT0,1,0
2021-11-04,ETHOSCOPE_148,3,male,CS,CSAA172687,22/10/2021,ZT0,1,0
2021-11-04,ETHOSCOPE_148,4,male,CS,CSAA172687,22/10/2021,ZT0,1,0
2021-11-04,ETHOSCOPE_148,5,male,CS,CSAA172687,22/10/2021,ZT0,1,0
2021-11-04,ETHOSCOPE_148,6,male,CS,CSAA172687,22/10/2021,ZT0,1,0
2021-11-04,ETHOSCOPE_148,7,male,CS,CSAA172687,22/10/2021,ZT0,1,0
2021-11-04,ETHOSCOPE_148,8,male,CS,CSAA172687,22/10/2021,ZT0,1,0
2021-11-04,ETHOSCOPE_148,9,male,CS,CSAA172687,22/10/2021,ZT0,1,0
2021-11-04,ETHOSCOPE_148,10,male,CS,CSAA172687,22/10/2021,ZT0,1,0
2021-11-04,ETHOSCOPE_148,11,male,CS,CSAA172687,22/10/2021,ZT0,1,0
2021-11-04,ETHOSCOPE_148,12,male,CS,CSAA172687,22/10/2021,ZT0,1,0
2021-11-04,ETHOSCOPE_148,13,male,CS,CSAA172687,22/10/2021,ZT0,1,0
2021-11-04,ETHOSCOPE_148,14,male,CS,CSAA172687,22/10/2021,ZT0,1,0
2021-11-04,ETHOSCOPE_148,15,male,CS,CSAA172687,22/10/2021,ZT0,1,0
2021-11-04,ETHOSCOPE_148,16,male,CS,CSAA172687,22/10/2021,ZT0,1,0
2021-11-04,ETHOSCOPE_148,17,male,CS,CSAA172687,22/10/2021,ZT0,1,0
2021-11-04,ETHOSCOPE_148,18,male,CS,CSAA172687,22/10/2021,ZT0,1,0
2021-11-04,ETHOSCOPE_148,19,male,CS,CSAA172687,22/10/2021,ZT0,1,0
2021-11-04,ETHOSCOPE_148,20,male,CS,CSAA172687,22/10/2021,ZT0,1,0
2021-11-04,ETHOSCOPE_148,21,male,CS,CSAA172687,22/10/2021,ZT0,1,0
2021-11-04,ETHOSCOPE_148,22,male,CS,CSAA172687,22/10/2021,ZT0,1,0
2021-11-04,ETHOSCOPE_148,23,male,CS,CSAA172687,22/10/2021,ZT0,1,0
2021-11-04,ETHOSCOPE_148,24,male,CS,CSAA172687,22/10/2021,ZT0,1,0
2021-11-15,ETHOSCOPE_221,1,male,CS,CSAA172687,02/11/2021,ZT0,1,0
2021-11-15,ETHOSCOPE_221,2,male,CS,CSAA172687,02/11/2021,ZT0,1,0
2021-11-15,ETHOSCOPE_221,3,male,CS,CSAA172687,02/11/2021,ZT0,1,0
2021-11-15,ETHOSCOPE_221,4,male,CS,CSAA172687,02/11/2021,ZT0,1,0
2021-11-15,ETHOSCOPE_221,5,male,CS,CSAA172687,02/11/2021,ZT0,1,0
2021-11-15,ETHOSCOPE_221,6,male,CS,CSAA172687,02/11/2021,ZT0,1,0
2021-11-15,ETHOSCOPE_221,7,male,CS,CSAA172687,02/11/2021,ZT0,1,0
2021-11-15,ETHOSCOPE_221,8,male,CS,CSAA172687,02/11/2021,ZT0,1,0
2021-11-15,ETHOSCOPE_221,9,male,CS,CSAA172687,02/11/2021,ZT0,1,0
2021-11-15,ETHOSCOPE_221,10,male,CS,CSAA172687,02/11/2021,ZT0,1,0
2021-11-15,ETHOSCOPE_221,11,male,CS,CSAA172687,02/11/2021,ZT0,1,0
2021-11-15,ETHOSCOPE_221,12,male,CS,CSAA172687,02/11/2021,ZT0,1,0
2021-11-15,ETHOSCOPE_221,13,male,CS,CSAA172687,02/11/2021,ZT0,1,0
2021-11-15,ETHOSCOPE_221,14,male,CS,CSAA172687,02/11/2021,ZT0,1,0
2021-11-15,ETHOSCOPE_221,15,male,CS,CSAA172687,02/11/2021,ZT0,1,0
2021-11-15,ETHOSCOPE_221,16,male,CS,CSAA172687,02/11/2021,ZT0,1,0
2021-11-15,ETHOSCOPE_221,17,male,CS,CSAA172687,02/11/2021,ZT0,1,0
2021-11-15,ETHOSCOPE_221,18,male,CS,CSAA172687,02/11/2021,ZT0,1,0
2021-11-15,ETHOSCOPE_221,19,male,CS,CSAA172687,02/11/2021,ZT0,1,0
2021-11-15,ETHOSCOPE_221,20,male,CS,CSAA172687,02/11/2021,ZT0,1,0
2021-11-15,ETHOSCOPE_221,21,male,CS,CSAA172687,02/11/2021,ZT0,1,0
2021-11-15,ETHOSCOPE_221,22,male,CS,CSAA172687,02/11/2021,ZT0,1,0
2021-11-15,ETHOSCOPE_221,23,male,CS,CSAA172687,02/11/2021,ZT0,1,0
2021-11-15,ETHOSCOPE_221,24,male,CS,CSAA172687,02/11/2021,ZT0,1,0
2021-12-10,ETHOSCOPE_221,1,male,CS,CSAA172687,26/11/2021,ZT0,1,0
2021-12-10,ETHOSCOPE_221,2,male,CS,CSAA172687,26/11/2021,ZT0,1,0
2021-12-10,ETHOSCOPE_221,3,male,CS,CSAA172687,26/11/2021,ZT0,1,0
2021-12-10,ETHOSCOPE_221,4,male,CS,CSAA172687,26/11/2021,ZT0,1,0
2021-12-10,ETHOSCOPE_221,5,male,CS,CSAA172687,26/11/2021,ZT0,1,0
2021-12-10,ETHOSCOPE_221,6,male,CS,CSAA172687,26/11/2021,ZT0,1,0
2021-12-10,ETHOSCOPE_221,7,male,CS,CSAA172687,26/11/2021,ZT0,1,0
2021-12-10,ETHOSCOPE_221,8,male,CS,CSAA172687,26/11/2021,ZT0,1,0
2021-12-10,ETHOSCOPE_221,9,male,CS,CSAA172687,26/11/2021,ZT0,1,0
2021-12-10,ETHOSCOPE_221,10,male,CS,CSAA172687,26/11/2021,ZT0,1,0
2021-12-10,ETHOSCOPE_221,11,male,CS,CSAA172687,26/11/2021,ZT0,1,0
2021-12-10,ETHOSCOPE_221,12,male,CS,CSAA172687,26/11/2021,ZT0,1,0
2021-12-10,ETHOSCOPE_221,13,male,CS,CSAA172687,26/11/2021,ZT0,1,0
2021-12-10,ETHOSCOPE_221,14,male,CS,CSAA172687,26/11/2021,ZT0,1,0
2021-12-10,ETHOSCOPE_221,15,male,CS,CSAA172687,26/11/2021,ZT0,1,0
2021-12-10,ETHOSCOPE_221,16,male,CS,CSAA172687,26/11/2021,ZT0,1,0
2021-12-10,ETHOSCOPE_221,17,male,CS,CSAA172687,26/11/2021,ZT0,1,0
2021-12-10,ETHOSCOPE_221,18,male,CS,CSAA172687,26/11/2021,ZT0,1,0
2021-12-10,ETHOSCOPE_221,19,male,CS,CSAA172687,26/11/2021,ZT0,1,0
2021-12-10,ETHOSCOPE_221,20,male,CS,CSAA172687,26/11/2021,ZT0,1,0
2021-12-10,ETHOSCOPE_221,21,male,CS,CSAA172687,26/11/2021,ZT0,1,0
2021-12-10,ETHOSCOPE_221,22,male,CS,CSAA172687,26/11/2021,ZT0,1,0
2021-12-10,ETHOSCOPE_221,23,male,CS,CSAA172687,26/11/2021,ZT0,1,0
2021-12-10,ETHOSCOPE_221,24,male,CS,CSAA172687,26/11/2021,ZT0,1,0
2021-09-14,ETHOSCOPE_217,1,male,CS,CSAA006138,31/08/2021,ZT0,1000,0
2021-09-14,ETHOSCOPE_217,2,male,CS,CSAA006138,31/08/2021,ZT0,1000,0
2021-09-14,ETHOSCOPE_217,3,male,CS,CSAA006138,31/08/2021,ZT0,1000,0
2021-09-14,ETHOSCOPE_217,4,male,CS,CSAA006138,31/08/2021,ZT0,1000,0
2021-09-14,ETHOSCOPE_217,5,male,CS,CSAA006138,31/08/2021,ZT0,1000,0
2021-09-14,ETHOSCOPE_217,6,male,CS,CSAA006138,31/08/2021,ZT0,1000,0
2021-09-14,ETHOSCOPE_217,7,male,CS,CSAA006138,31/08/2021,ZT0,1000,0
2021-09-14,ETHOSCOPE_217,8,male,CS,CSAA006138,31/08/2021,ZT0,1000,0
2021-09-14,ETHOSCOPE_217,9,male,CS,CSAA006138,31/08/2021,ZT0,1000,0
2021-09-14,ETHOSCOPE_217,10,male,CS,CSAA006138,31/08/2021,ZT0,1000,0
2021-09-14,ETHOSCOPE_217,11,male,CS,CSAA006138,31/08/2021,ZT0,1000,0
2021-09-14,ETHOSCOPE_217,12,male,CS,CSAA006138,31/08/2021,ZT0,1000,0
2021-09-14,ETHOSCOPE_217,13,male,CS,CSAA006138,31/08/2021,ZT0,1000,0
2021-09-14,ETHOSCOPE_217,14,male,CS,CSAA006138,31/08/2021,ZT0,1000,0
2021-09-14,ETHOSCOPE_217,15,male,CS,CSAA006138,31/08/2021,ZT0,1000,0
2021-09-14,ETHOSCOPE_217,16,male,CS,CSAA006138,31/08/2021,ZT0,1000,0
2021-09-14,ETHOSCOPE_217,17,male,CS,CSAA006138,31/08/2021,ZT0,1000,0
2021-09-14,ETHOSCOPE_217,18,male,CS,CSAA006138,31/08/2021,ZT0,1000,0
2021-09-14,ETHOSCOPE_217,19,male,CS,CSAA006138,31/08/2021,ZT0,1000,0
2021-09-14,ETHOSCOPE_217,20,male,CS,CSAA006138,31/08/2021,ZT0,1000,0
2021-09-14,ETHOSCOPE_217,21,male,CS,CSAA006138,31/08/2021,ZT0,1000,0
2021-09-14,ETHOSCOPE_217,22,male,CS,CSAA006138,31/08/2021,ZT0,1000,0
2021-09-14,ETHOSCOPE_217,23,male,CS,CSAA006138,31/08/2021,ZT0,1000,0
2021-09-14,ETHOSCOPE_217,24,male,CS,CSAA006138,31/08/2021,ZT0,1000,0
2021-09-15,ETHOSCOPE_148,1,male,CS,CSAA006138,31/08/2021,ZT0,1000,0
2021-09-15,ETHOSCOPE_148,2,male,CS,CSAA006138,31/08/2021,ZT0,1000,0
2021-09-15,ETHOSCOPE_148,3,male,CS,CSAA006138,31/08/2021,ZT0,1000,0
2021-09-15,ETHOSCOPE_148,4,male,CS,CSAA006138,31/08/2021,ZT0,1000,0
2021-09-15,ETHOSCOPE_148,5,male,CS,CSAA006138,31/08/2021,ZT0,1000,0
2021-09-15,ETHOSCOPE_148,6,male,CS,CSAA006138,31/08/2021,ZT0,1000,0
2021-09-15,ETHOSCOPE_148,7,male,CS,CSAA006138,31/08/2021,ZT0,1000,0
2021-09-15,ETHOSCOPE_148,8,male,CS,CSAA006138,31/08/2021,ZT0,1000,0
2021-09-15,ETHOSCOPE_148,9,male,CS,CSAA006138,31/08/2021,ZT0,1000,0
2021-09-15,ETHOSCOPE_148,10,male,CS,CSAA006138,31/08/2021,ZT0,1000,0
2021-09-15,ETHOSCOPE_148,11,male,CS,CSAA006138,31/08/2021,ZT0,1000,0
2021-09-15,ETHOSCOPE_148,12,male,CS,CSAA006138,31/08/2021,ZT0,1000,0
2021-09-15,ETHOSCOPE_148,13,male,CS,CSAA006138,31/08/2021,ZT0,1000,0
2021-09-15,ETHOSCOPE_148,14,male,CS,CSAA006138,31/08/2021,ZT0,1000,0
2021-09-15,ETHOSCOPE_148,15,male,CS,CSAA006138,31/08/2021,ZT0,1000,0
2021-09-15,ETHOSCOPE_148,16,male,CS,CSAA006138,31/08/2021,ZT0,1000,0
2021-09-15,ETHOSCOPE_148,17,male,CS,CSAA006138,31/08/2021,ZT0,1000,0
2021-09-15,ETHOSCOPE_148,18,male,CS,CSAA006138,31/08/2021,ZT0,1000,0
2021-09-15,ETHOSCOPE_148,19,male,CS,CSAA006138,31/08/2021,ZT0,1000,0
2021-09-15,ETHOSCOPE_148,20,male,CS,CSAA006138,31/08/2021,ZT0,1000,0
2021-09-15,ETHOSCOPE_148,21,male,CS,CSAA006138,31/08/2021,ZT0,1000,0
2021-09-15,ETHOSCOPE_148,22,male,CS,CSAA006138,31/08/2021,ZT0,1000,0
2021-09-15,ETHOSCOPE_148,23,male,CS,CSAA006138,31/08/2021,ZT0,1000,0
2021-09-15,ETHOSCOPE_148,24,male,CS,CSAA006138,31/08/2021,ZT0,1000,0
2021-10-06,ETHOSCOPE_148,1,male,CS,CSAA006138,22/09/2021,ZT0,1000,0
2021-10-06,ETHOSCOPE_148,2,male,CS,CSAA006138,22/09/2021,ZT0,1000,0
2021-10-06,ETHOSCOPE_148,3,male,CS,CSAA006138,22/09/2021,ZT0,1000,0
2021-10-06,ETHOSCOPE_148,4,male,CS,CSAA006138,22/09/2021,ZT0,1000,0
2021-10-06,ETHOSCOPE_148,5,male,CS,CSAA006138,22/09/2021,ZT0,1000,0
2021-10-06,ETHOSCOPE_148,6,male,CS,CSAA006138,22/09/2021,ZT0,1000,0
2021-10-06,ETHOSCOPE_148,7,male,CS,CSAA006138,22/09/2021,ZT0,1000,0
2021-10-06,ETHOSCOPE_148,8,male,CS,CSAA006138,22/09/2021,ZT0,1000,0
2021-10-06,ETHOSCOPE_148,9,male,CS,CSAA006138,22/09/2021,ZT0,1000,0
2021-10-06,ETHOSCOPE_148,10,male,CS,CSAA006138,22/09/2021,ZT0,1000,0
2021-10-06,ETHOSCOPE_148,11,male,CS,CSAA006138,22/09/2021,ZT0,1000,0
2021-10-06,ETHOSCOPE_148,12,male,CS,CSAA006138,22/09/2021,ZT0,1000,0
2021-10-06,ETHOSCOPE_148,13,male,CS,CSAA006138,22/09/2021,ZT0,1000,0
2021-10-06,ETHOSCOPE_148,14,male,CS,CSAA006138,22/09/2021,ZT0,1000,0
2021-10-06,ETHOSCOPE_148,15,male,CS,CSAA006138,22/09/2021,ZT0,1000,0
2021-10-06,ETHOSCOPE_148,16,male,CS,CSAA006138,22/09/2021,ZT0,1000,0
2021-10-06,ETHOSCOPE_148,17,male,CS,CSAA006138,22/09/2021,ZT0,1000,0
2021-10-06,ETHOSCOPE_148,18,male,CS,CSAA006138,22/09/2021,ZT0,1000,0
2021-10-06,ETHOSCOPE_148,19,male,CS,CSAA006138,22/09/2021,ZT0,1000,0
2021-10-06,ETHOSCOPE_148,20,male,CS,CSAA006138,22/09/2021,ZT0,1000,0
2021-10-06,ETHOSCOPE_148,21,male,CS,CSAA006138,22/09/2021,ZT0,1000,0
2021-10-06,ETHOSCOPE_148,22,male,CS,CSAA006138,22/09/2021,ZT0,1000,0
2021-10-06,ETHOSCOPE_148,23,male,CS,CSAA006138,22/09/2021,ZT0,1000,0
2021-10-06,ETHOSCOPE_148,24,male,CS,CSAA006138,22/09/2021,ZT0,1000,0
2021-10-07,ETHOSCOPE_259,1,male,CS,CSAA006138,22/09/2021,ZT0,100,0
2021-10-07,ETHOSCOPE_259,2,male,CS,CSAA006138,22/09/2021,ZT0,100,0
2021-10-07,ETHOSCOPE_259,3,male,CS,CSAA006138,22/09/2021,ZT0,100,0
2021-10-07,ETHOSCOPE_259,4,male,CS,CSAA006138,22/09/2021,ZT0,100,0
2021-10-07,ETHOSCOPE_259,5,male,CS,CSAA006138,22/09/2021,ZT0,100,0
2021-10-07,ETHOSCOPE_259,6,male,CS,CSAA006138,22/09/2021,ZT0,100,0
2021-10-07,ETHOSCOPE_259,7,male,CS,CSAA006138,22/09/2021,ZT0,100,0
2021-10-07,ETHOSCOPE_259,8,male,CS,CSAA006138,22/09/2021,ZT0,100,0
2021-10-07,ETHOSCOPE_259,9,male,CS,CSAA006138,22/09/2021,ZT0,100,0
2021-10-07,ETHOSCOPE_259,10,male,CS,CSAA006138,22/09/2021,ZT0,100,0
2021-10-07,ETHOSCOPE_259,11,male,CS,CSAA006138,22/09/2021,ZT0,100,0
2021-10-07,ETHOSCOPE_259,12,male,CS,CSAA006138,22/09/2021,ZT0,100,0
2021-10-07,ETHOSCOPE_259,13,male,CS,CSAA006138,22/09/2021,ZT0,100,0
2021-10-07,ETHOSCOPE_259,14,male,CS,CSAA006138,22/09/2021,ZT0,100,0
2021-10-07,ETHOSCOPE_259,15,male,CS,CSAA006138,22/09/2021,ZT0,100,0
2021-10-07,ETHOSCOPE_259,16,male,CS,CSAA006138,22/09/2021,ZT0,100,0
2021-10-07,ETHOSCOPE_259,17,male,CS,CSAA006138,22/09/2021,ZT0,100,0
2021-10-07,ETHOSCOPE_259,18,male,CS,CSAA006138,22/09/2021,ZT0,100,0
2021-10-07,ETHOSCOPE_259,19,male,CS,CSAA006138,22/09/2021,ZT0,100,0
2021-10-07,ETHOSCOPE_259,20,male,CS,CSAA006138,22/09/2021,ZT0,100,0
2021-10-07,ETHOSCOPE_259,21,male,CS,CSAA006138,22/09/2021,ZT0,100,0
2021-10-07,ETHOSCOPE_259,22,male,CS,CSAA006138,22/09/2021,ZT0,100,0
2021-10-07,ETHOSCOPE_259,23,male,CS,CSAA006138,22/09/2021,ZT0,100,0
2021-10-07,ETHOSCOPE_259,24,male,CS,CSAA006138,22/09/2021,ZT0,100,0
2021-10-15,ETHOSCOPE_141,1,male,CS,CSAA006138,01/10/2021,ZT0,100,0
2021-10-15,ETHOSCOPE_141,2,male,CS,CSAA006138,01/10/2021,ZT0,100,0
2021-10-15,ETHOSCOPE_141,3,male,CS,CSAA006138,01/10/2021,ZT0,100,0
2021-10-15,ETHOSCOPE_141,4,male,CS,CSAA006138,01/10/2021,ZT0,100,0
2021-10-15,ETHOSCOPE_141,5,male,CS,CSAA006138,01/10/2021,ZT0,100,0
2021-10-15,ETHOSCOPE_141,6,male,CS,CSAA006138,01/10/2021,ZT0,100,0
2021-10-15,ETHOSCOPE_141,7,male,CS,CSAA006138,01/10/2021,ZT0,100,0
2021-10-15,ETHOSCOPE_141,8,male,CS,CSAA006138,01/10/2021,ZT0,100,0
2021-10-15,ETHOSCOPE_141,9,male,CS,CSAA006138,01/10/2021,ZT0,100,0
2021-10-15,ETHOSCOPE_141,10,male,CS,CSAA006138,01/10/2021,ZT0,100,0
2021-10-15,ETHOSCOPE_141,11,male,CS,CSAA006138,01/10/2021,ZT0,100,0
2021-10-15,ETHOSCOPE_141,12,male,CS,CSAA006138,01/10/2021,ZT0,100,0
2021-10-15,ETHOSCOPE_141,13,male,CS,CSAA006138,01/10/2021,ZT0,100,0
2021-10-15,ETHOSCOPE_141,14,male,CS,CSAA006138,01/10/2021,ZT0,100,0
2021-10-15,ETHOSCOPE_141,15,male,CS,CSAA006138,01/10/2021,ZT0,100,0
2021-10-15,ETHOSCOPE_141,16,male,CS,CSAA006138,01/10/2021,ZT0,100,0
2021-10-15,ETHOSCOPE_141,17,male,CS,CSAA006138,01/10/2021,ZT0,100,0
2021-10-15,ETHOSCOPE_141,18,male,CS,CSAA006138,01/10/2021,ZT0,100,0
2021-10-15,ETHOSCOPE_141,19,male,CS,CSAA006138,01/10/2021,ZT0,100,0
2021-10-15,ETHOSCOPE_141,20,male,CS,CSAA006138,01/10/2021,ZT0,100,0
2021-10-15,ETHOSCOPE_141,21,male,CS,CSAA006138,01/10/2021,ZT0,100,0
2021-10-15,ETHOSCOPE_141,22,male,CS,CSAA006138,01/10/2021,ZT0,100,0
2021-10-15,ETHOSCOPE_141,23,male,CS,CSAA006138,01/10/2021,ZT0,100,0
2021-10-15,ETHOSCOPE_141,24,male,CS,CSAA006138,01/10/2021,ZT0,100,0
2021-11-04,ETHOSCOPE_141,1,male,CS,CSAA006138,22/10/2021,ZT0,1,0
2021-11-04,ETHOSCOPE_141,2,male,CS,CSAA006138,22/10/2021,ZT0,1,0
2021-11-04,ETHOSCOPE_141,3,male,CS,CSAA006138,22/10/2021,ZT0,1,0
2021-11-04,ETHOSCOPE_141,4,male,CS,CSAA006138,22/10/2021,ZT0,1,0
2021-11-04,ETHOSCOPE_141,5,male,CS,CSAA006138,22/10/2021,ZT0,1,0
2021-11-04,ETHOSCOPE_141,6,male,CS,CSAA006138,22/10/2021,ZT0,1,0
2021-11-04,ETHOSCOPE_141,7,male,CS,CSAA006138,22/10/2021,ZT0,1,0
2021-11-04,ETHOSCOPE_141,8,male,CS,CSAA006138,22/10/2021,ZT0,1,0
2021-11-04,ETHOSCOPE_141,9,male,CS,CSAA006138,22/10/2021,ZT0,1,0
2021-11-04,ETHOSCOPE_141,10,male,CS,CSAA006138,22/10/2021,ZT0,1,0
2021-11-04,ETHOSCOPE_141,11,male,CS,CSAA006138,22/10/2021,ZT0,1,0
2021-11-04,ETHOSCOPE_141,12,male,CS,CSAA006138,22/10/2021,ZT0,1,0
2021-11-04,ETHOSCOPE_141,13,male,CS,CSAA006138,22/10/2021,ZT0,1,0
2021-11-04,ETHOSCOPE_141,14,male,CS,CSAA006138,22/10/2021,ZT0,1,0
2021-11-04,ETHOSCOPE_141,15,male,CS,CSAA006138,22/10/2021,ZT0,1,0
2021-11-04,ETHOSCOPE_141,16,male,CS,CSAA006138,22/10/2021,ZT0,1,0
2021-11-04,ETHOSCOPE_141,17,male,CS,CSAA006138,22/10/2021,ZT0,1,0
2021-11-04,ETHOSCOPE_141,18,male,CS,CSAA006138,22/10/2021,ZT0,1,0
2021-11-04,ETHOSCOPE_141,19,male,CS,CSAA006138,22/10/2021,ZT0,1,0
2021-11-04,ETHOSCOPE_141,20,male,CS,CSAA006138,22/10/2021,ZT0,1,0
2021-11-04,ETHOSCOPE_141,21,male,CS,CSAA006138,22/10/2021,ZT0,1,0
2021-11-04,ETHOSCOPE_141,22,male,CS,CSAA006138,22/10/2021,ZT0,1,0
2021-11-04,ETHOSCOPE_141,23,male,CS,CSAA006138,22/10/2021,ZT0,1,0
2021-11-04,ETHOSCOPE_141,24,male,CS,CSAA006138,22/10/2021,ZT0,1,0
2021-11-15,ETHOSCOPE_125,1,male,CS,CSAA006138,02/11/2021,ZT0,1,0
2021-11-15,ETHOSCOPE_125,2,male,CS,CSAA006138,02/11/2021,ZT0,1,0
2021-11-15,ETHOSCOPE_125,3,male,CS,CSAA006138,02/11/2021,ZT0,1,0
2021-11-15,ETHOSCOPE_125,4,male,CS,CSAA006138,02/11/2021,ZT0,1,0
2021-11-15,ETHOSCOPE_125,5,male,CS,CSAA006138,02/11/2021,ZT0,1,0
2021-11-15,ETHOSCOPE_125,6,male,CS,CSAA006138,02/11/2021,ZT0,1,0
2021-11-15,ETHOSCOPE_125,7,male,CS,CSAA006138,02/11/2021,ZT0,1,0
2021-11-15,ETHOSCOPE_125,8,male,CS,CSAA006138,02/11/2021,ZT0,1,0
2021-11-15,ETHOSCOPE_125,9,male,CS,CSAA006138,02/11/2021,ZT0,1,0
2021-11-15,ETHOSCOPE_125,10,male,CS,CSAA006138,02/11/2021,ZT0,1,0
2021-11-15,ETHOSCOPE_125,11,male,CS,CSAA006138,02/11/2021,ZT0,1,0
2021-11-15,ETHOSCOPE_125,12,male,CS,CSAA006138,02/11/2021,ZT0,1,0
2021-11-15,ETHOSCOPE_125,13,male,CS,CSAA006138,02/11/2021,ZT0,1,0
2021-11-15,ETHOSCOPE_125,14,male,CS,CSAA006138,02/11/2021,ZT0,1,0
2021-11-15,ETHOSCOPE_125,15,male,CS,CSAA006138,02/11/2021,ZT0,1,0
2021-11-15,ETHOSCOPE_125,16,male,CS,CSAA006138,02/11/2021,ZT0,1,0
2021-11-15,ETHOSCOPE_125,17,male,CS,CSAA006138,02/11/2021,ZT0,1,0
2021-11-15,ETHOSCOPE_125,18,male,CS,CSAA006138,02/11/2021,ZT0,1,0
2021-11-15,ETHOSCOPE_125,19,male,CS,CSAA006138,02/11/2021,ZT0,1,0
2021-11-15,ETHOSCOPE_125,20,male,CS,CSAA006138,02/11/2021,ZT0,1,0
2021-11-15,ETHOSCOPE_125,21,male,CS,CSAA006138,02/11/2021,ZT0,1,0
2021-11-15,ETHOSCOPE_125,22,male,CS,CSAA006138,02/11/2021,ZT0,1,0
2021-11-15,ETHOSCOPE_125,23,male,CS,CSAA006138,02/11/2021,ZT0,1,0
2021-11-15,ETHOSCOPE_125,24,male,CS,CSAA006138,02/11/2021,ZT0,1,0
2021-12-10,ETHOSCOPE_109,1,male,CS,CSAA006138,26/11/2021,ZT0,1,0
2021-12-10,ETHOSCOPE_109,2,male,CS,CSAA006138,26/11/2021,ZT0,1,0
2021-12-10,ETHOSCOPE_109,3,male,CS,CSAA006138,26/11/2021,ZT0,1,0
2021-12-10,ETHOSCOPE_109,4,male,CS,CSAA006138,26/11/2021,ZT0,1,0
2021-12-10,ETHOSCOPE_109,5,male,CS,CSAA006138,26/11/2021,ZT0,1,0
2021-12-10,ETHOSCOPE_109,6,male,CS,CSAA006138,26/11/2021,ZT0,1,0
2021-12-10,ETHOSCOPE_109,7,male,CS,CSAA006138,26/11/2021,ZT0,1,0
2021-12-10,ETHOSCOPE_109,8,male,CS,CSAA006138,26/11/2021,ZT0,1,0
2021-12-10,ETHOSCOPE_109,9,male,CS,CSAA006138,26/11/2021,ZT0,1,0
2021-12-10,ETHOSCOPE_109,10,male,CS,CSAA006138,26/11/2021,ZT0,1,0
2021-12-10,ETHOSCOPE_109,11,male,CS,CSAA006138,26/11/2021,ZT0,1,0
2021-12-10,ETHOSCOPE_109,12,male,CS,CSAA006138,26/11/2021,ZT0,1,0
2021-12-10,ETHOSCOPE_109,13,male,CS,CSAA006138,26/11/2021,ZT0,1,0
2021-12-10,ETHOSCOPE_109,14,male,CS,CSAA006138,26/11/2021,ZT0,1,0
2021-12-10,ETHOSCOPE_109,15,male,CS,CSAA006138,26/11/2021,ZT0,1,0
2021-12-10,ETHOSCOPE_109,16,male,CS,CSAA006138,26/11/2021,ZT0,1,0
2021-12-10,ETHOSCOPE_109,17,male,CS,CSAA006138,26/11/2021,ZT0,1,0
2021-12-10,ETHOSCOPE_109,18,male,CS,CSAA006138,26/11/2021,ZT0,1,0
2021-12-10,ETHOSCOPE_109,19,male,CS,CSAA006138,26/11/2021,ZT0,1,0
2021-12-10,ETHOSCOPE_109,20,male,CS,CSAA006138,26/11/2021,ZT0,1,0
2021-12-10,ETHOSCOPE_109,21,male,CS,CSAA006138,26/11/2021,ZT0,1,0
2021-12-10,ETHOSCOPE_109,22,male,CS,CSAA006138,26/11/2021,ZT0,1,0
2021-12-10,ETHOSCOPE_109,23,male,CS,CSAA006138,26/11/2021,ZT0,1,0
2021-12-10,ETHOSCOPE_109,24,male,CS,CSAA006138,26/11/2021,ZT0,1,0
2021-12-24,ETHOSCOPE_109,1,male,CS,CSAA384014,10/12/2021,ZT0,100,0
2021-12-24,ETHOSCOPE_109,2,male,CS,CSAA384014,10/12/2021,ZT0,100,0
2021-12-24,ETHOSCOPE_109,3,male,CS,CSAA384014,10/12/2021,ZT0,100,0
2021-12-24,ETHOSCOPE_109,4,male,CS,CSAA384014,10/12/2021,ZT0,100,0
2021-12-24,ETHOSCOPE_109,5,male,CS,CSAA384014,10/12/2021,ZT0,100,0
2021-12-24,ETHOSCOPE_109,6,male,CS,CSAA384014,10/12/2021,ZT0,100,0
2021-12-24,ETHOSCOPE_109,7,male,CS,CSAA384014,10/12/2021,ZT0,100,0
2021-12-24,ETHOSCOPE_109,8,male,CS,CSAA384014,10/12/2021,ZT0,100,0
2021-12-24,ETHOSCOPE_109,9,male,CS,CSAA384014,10/12/2021,ZT0,100,0
2021-12-24,ETHOSCOPE_109,10,male,CS,CSAA384014,10/12/2021,ZT0,100,0
2021-12-24,ETHOSCOPE_109,11,male,CS,CSAA384014,10/12/2021,ZT0,100,0
2021-12-24,ETHOSCOPE_109,12,male,CS,CSAA384014,10/12/2021,ZT0,100,0
2021-12-24,ETHOSCOPE_109,13,male,CS,CSAA384014,10/12/2021,ZT0,100,0
2021-12-24,ETHOSCOPE_109,14,male,CS,CSAA384014,10/12/2021,ZT0,100,0
2021-12-24,ETHOSCOPE_109,15,male,CS,CSAA384014,10/12/2021,ZT0,100,0
2021-12-24,ETHOSCOPE_109,16,male,CS,CSAA384014,10/12/2021,ZT0,100,0
2021-12-24,ETHOSCOPE_109,17,male,CS,CSAA384014,10/12/2021,ZT0,100,0
2021-12-24,ETHOSCOPE_109,18,male,CS,CSAA384014,10/12/2021,ZT0,100,0
2021-12-24,ETHOSCOPE_109,19,male,CS,CSAA384014,10/12/2021,ZT0,100,0
2021-12-24,ETHOSCOPE_109,20,male,CS,CSAA384014,10/12/2021,ZT0,100,0
2021-12-24,ETHOSCOPE_109,21,male,CS,CSAA384014,10/12/2021,ZT0,100,0
2021-12-24,ETHOSCOPE_109,22,male,CS,CSAA384014,10/12/2021,ZT0,100,0
2021-12-24,ETHOSCOPE_109,23,male,CS,CSAA384014,10/12/2021,ZT0,100,0
2021-12-24,ETHOSCOPE_109,24,male,CS,CSAA384014,10/12/2021,ZT0,100,0
2022-01-07,ETHOSCOPE_240,1,male,CS,CSAA384014,28/12/2021,ZT0,100,0
2022-01-07,ETHOSCOPE_240,2,male,CS,CSAA384014,28/12/2021,ZT0,100,0
2022-01-07,ETHOSCOPE_240,3,male,CS,CSAA384014,28/12/2021,ZT0,100,0
2022-01-07,ETHOSCOPE_240,4,male,CS,CSAA384014,28/12/2021,ZT0,100,0
2022-01-07,ETHOSCOPE_240,5,male,CS,CSAA384014,28/12/2021,ZT0,100,0
2022-01-07,ETHOSCOPE_240,6,male,CS,CSAA384014,28/12/2021,ZT0,100,0
2022-01-07,ETHOSCOPE_240,7,male,CS,CSAA384014,28/12/2021,ZT0,100,0
2022-01-07,ETHOSCOPE_240,9,male,CS,CSAA384014,28/12/2021,ZT0,100,0
2022-01-07,ETHOSCOPE_240,10,male,CS,CSAA384014,28/12/2021,ZT0,100,0
2022-01-07,ETHOSCOPE_240,11,male,CS,CSAA384014,28/12/2021,ZT0,100,0
2022-01-07,ETHOSCOPE_240,12,male,CS,CSAA384014,28/12/2021,ZT0,100,0
2022-01-07,ETHOSCOPE_240,13,male,CS,CSAA384014,28/12/2021,ZT0,100,0
2022-01-07,ETHOSCOPE_240,14,male,CS,CSAA384014,28/12/2021,ZT0,100,0
2022-01-07,ETHOSCOPE_240,15,male,CS,CSAA384014,28/12/2021,ZT0,100,0
2022-01-07,ETHOSCOPE_240,16,male,CS,CSAA384014,28/12/2021,ZT0,100,0
2022-01-07,ETHOSCOPE_240,17,male,CS,CSAA384014,28/12/2021,ZT0,100,0
2022-01-07,ETHOSCOPE_240,18,male,CS,CSAA384014,28/12/2021,ZT0,100,0
2022-01-07,ETHOSCOPE_240,19,male,CS,CSAA384014,28/12/2021,ZT0,100,0
2022-01-07,ETHOSCOPE_240,20,male,CS,CSAA384014,28/12/2021,ZT0,100,0
2022-01-07,ETHOSCOPE_240,21,male,CS,CSAA384014,28/12/2021,ZT0,100,0
2022-01-07,ETHOSCOPE_240,22,male,CS,CSAA384014,28/12/2021,ZT0,100,0
2022-01-07,ETHOSCOPE_240,23,male,CS,CSAA384014,28/12/2021,ZT0,100,0
2021-12-24,ETHOSCOPE_125,1,male,CS,CSCC227021,10/12/2021,ZT0,100,0
2021-12-24,ETHOSCOPE_125,2,male,CS,CSCC227021,10/12/2021,ZT0,100,0
2021-12-24,ETHOSCOPE_125,3,male,CS,CSCC227021,10/12/2021,ZT0,100,0
2021-12-24,ETHOSCOPE_125,4,male,CS,CSCC227021,10/12/2021,ZT0,100,0
2021-12-24,ETHOSCOPE_125,5,male,CS,CSCC227021,10/12/2021,ZT0,100,0
2021-12-24,ETHOSCOPE_125,6,male,CS,CSCC227021,10/12/2021,ZT0,100,0
2021-12-24,ETHOSCOPE_125,7,male,CS,CSCC227021,10/12/2021,ZT0,100,0
2021-12-24,ETHOSCOPE_125,8,male,CS,CSCC227021,10/12/2021,ZT0,100,0
2021-12-24,ETHOSCOPE_125,9,male,CS,CSCC227021,10/12/2021,ZT0,100,0
2021-12-24,ETHOSCOPE_125,10,male,CS,CSCC227021,10/12/2021,ZT0,100,0
2021-12-24,ETHOSCOPE_125,11,male,CS,CSCC227021,10/12/2021,ZT0,100,0
2021-12-24,ETHOSCOPE_125,12,male,CS,CSCC227021,10/12/2021,ZT0,100,0
2021-12-24,ETHOSCOPE_125,13,male,CS,CSCC227021,10/12/2021,ZT0,100,0
2021-12-24,ETHOSCOPE_125,14,male,CS,CSCC227021,10/12/2021,ZT0,100,0
2021-12-24,ETHOSCOPE_125,15,male,CS,CSCC227021,10/12/2021,ZT0,100,0
2021-12-24,ETHOSCOPE_125,16,male,CS,CSCC227021,10/12/2021,ZT0,100,0
2021-12-24,ETHOSCOPE_125,17,male,CS,CSCC227021,10/12/2021,ZT0,100,0
2021-12-24,ETHOSCOPE_125,18,male,CS,CSCC227021,10/12/2021,ZT0,100,0
2021-12-24,ETHOSCOPE_125,19,male,CS,CSCC227021,10/12/2021,ZT0,100,0
2021-12-24,ETHOSCOPE_125,20,male,CS,CSCC227021,10/12/2021,ZT0,100,0
2021-12-24,ETHOSCOPE_125,21,male,CS,CSCC227021,10/12/2021,ZT0,100,0
2021-12-24,ETHOSCOPE_125,22,male,CS,CSCC227021,10/12/2021,ZT0,100,0
2021-12-24,ETHOSCOPE_125,23,male,CS,CSCC227021,10/12/2021,ZT0,100,0
2021-12-24,ETHOSCOPE_125,24,male,CS,CSCC227021,10/12/2021,ZT0,100,0
2022-01-07,ETHOSCOPE_139,1,male,CS,CSCC227021,28/12/2021,ZT0,100,0
2022-01-07,ETHOSCOPE_139,2,male,CS,CSCC227021,28/12/2021,ZT0,100,0
2022-01-07,ETHOSCOPE_139,3,male,CS,CSCC227021,28/12/2021,ZT0,100,0
2022-01-07,ETHOSCOPE_139,4,male,CS,CSCC227021,28/12/2021,ZT0,100,0
2022-01-07,ETHOSCOPE_139,5,male,CS,CSCC227021,28/12/2021,ZT0,100,0
2022-01-07,ETHOSCOPE_139,6,male,CS,CSCC227021,28/12/2021,ZT0,100,0
2022-01-07,ETHOSCOPE_139,7,male,CS,CSCC227021,28/12/2021,ZT0,100,0
2022-01-07,ETHOSCOPE_139,8,male,CS,CSCC227021,28/12/2021,ZT0,100,0
2022-01-07,ETHOSCOPE_139,9,male,CS,CSCC227021,28/12/2021,ZT0,100,0
2022-01-07,ETHOSCOPE_139,10,male,CS,CSCC227021,28/12/2021,ZT0,100,0
2022-01-07,ETHOSCOPE_139,11,male,CS,CSCC227021,28/12/2021,ZT0,100,0
2022-01-07,ETHOSCOPE_139,12,male,CS,CSCC227021,28/12/2021,ZT0,100,0
2022-01-07,ETHOSCOPE_139,13,male,CS,CSCC227021,28/12/2021,ZT0,100,0
2022-01-07,ETHOSCOPE_139,14,male,CS,CSCC227021,28/12/2021,ZT0,100,0
2022-01-07,ETHOSCOPE_139,15,male,CS,CSCC227021,28/12/2021,ZT0,100,0
2022-01-07,ETHOSCOPE_139,16,male,CS,CSCC227021,28/12/2021,ZT0,100,0
2022-01-07,ETHOSCOPE_139,17,male,CS,CSCC227021,28/12/2021,ZT0,100,0
2022-01-07,ETHOSCOPE_139,18,male,CS,CSCC227021,28/12/2021,ZT0,100,0
2022-01-07,ETHOSCOPE_139,19,male,CS,CSCC227021,28/12/2021,ZT0,100,0
2022-01-07,ETHOSCOPE_139,20,male,CS,CSCC227021,28/12/2021,ZT0,100,0
2022-01-07,ETHOSCOPE_139,21,male,CS,CSCC227021,28/12/2021,ZT0,100,0
2022-01-07,ETHOSCOPE_139,22,male,CS,CSCC227021,28/12/2021,ZT0,100,0
2022-01-07,ETHOSCOPE_139,23,male,CS,CSCC227021,28/12/2021,ZT0,100,0
2022-01-07,ETHOSCOPE_139,24,male,CS,CSCC227021,28/12/2021,ZT0,100,0
2021-12-24,ETHOSCOPE_148,1,male,CS,CSCC715929,10/12/2021,ZT0,100,0
2021-12-24,ETHOSCOPE_148,2,male,CS,CSCC715929,10/12/2021,ZT0,100,0
2021-12-24,ETHOSCOPE_148,3,male,CS,CSCC715929,10/12/2021,ZT0,100,0
2021-12-24,ETHOSCOPE_148,4,male,CS,CSCC715929,10/12/2021,ZT0,100,0
2021-12-24,ETHOSCOPE_148,5,male,CS,CSCC715929,10/12/2021,ZT0,100,0
2021-12-24,ETHOSCOPE_148,6,male,CS,CSCC715929,10/12/2021,ZT0,100,0
2021-12-24,ETHOSCOPE_148,7,male,CS,CSCC715929,10/12/2021,ZT0,100,0
2021-12-24,ETHOSCOPE_148,8,male,CS,CSCC715929,10/12/2021,ZT0,100,0
2021-12-24,ETHOSCOPE_148,9,male,CS,CSCC715929,10/12/2021,ZT0,100,0
2021-12-24,ETHOSCOPE_148,10,male,CS,CSCC715929,10/12/2021,ZT0,100,0
2021-12-24,ETHOSCOPE_148,11,male,CS,CSCC715929,10/12/2021,ZT0,100,0
2021-12-24,ETHOSCOPE_148,12,male,CS,CSCC715929,10/12/2021,ZT0,100,0
2021-12-24,ETHOSCOPE_148,13,male,CS,CSCC715929,10/12/2021,ZT0,100,0
2021-12-24,ETHOSCOPE_148,14,male,CS,CSCC715929,10/12/2021,ZT0,100,0
2021-12-24,ETHOSCOPE_148,15,male,CS,CSCC715929,10/12/2021,ZT0,100,0
2021-12-24,ETHOSCOPE_148,16,male,CS,CSCC715929,10/12/2021,ZT0,100,0
2021-12-24,ETHOSCOPE_148,17,male,CS,CSCC715929,10/12/2021,ZT0,100,0
2021-12-24,ETHOSCOPE_148,18,male,CS,CSCC715929,10/12/2021,ZT0,100,0
2021-12-24,ETHOSCOPE_148,19,male,CS,CSCC715929,10/12/2021,ZT0,100,0
2021-12-24,ETHOSCOPE_148,20,male,CS,CSCC715929,10/12/2021,ZT0,100,0
2021-12-24,ETHOSCOPE_148,21,male,CS,CSCC715929,10/12/2021,ZT0,100,0
2021-12-24,ETHOSCOPE_148,22,male,CS,CSCC715929,10/12/2021,ZT0,100,0
2021-12-24,ETHOSCOPE_148,23,male,CS,CSCC715929,10/12/2021,ZT0,100,0
2021-12-24,ETHOSCOPE_148,24,male,CS,CSCC715929,10/12/2021,ZT0,100,0
2022-01-07,ETHOSCOPE_221,1,male,CS,CSCC715929,28/12/2021,ZT0,100,0
2022-01-07,ETHOSCOPE_221,2,male,CS,CSCC715929,28/12/2021,ZT0,100,0
2022-01-07,ETHOSCOPE_221,3,male,CS,CSCC715929,28/12/2021,ZT0,100,0
2022-01-07,ETHOSCOPE_221,4,male,CS,CSCC715929,28/12/2021,ZT0,100,0
2022-01-07,ETHOSCOPE_221,5,male,CS,CSCC715929,28/12/2021,ZT0,100,0
2022-01-07,ETHOSCOPE_221,6,male,CS,CSCC715929,28/12/2021,ZT0,100,0
2022-01-07,ETHOSCOPE_221,7,male,CS,CSCC715929,28/12/2021,ZT0,100,0
2022-01-07,ETHOSCOPE_221,8,male,CS,CSCC715929,28/12/2021,ZT0,100,0
2022-01-07,ETHOSCOPE_221,9,male,CS,CSCC715929,28/12/2021,ZT0,100,0
2022-01-07,ETHOSCOPE_221,10,male,CS,CSCC715929,28/12/2021,ZT0,100,0
2022-01-07,ETHOSCOPE_221,11,male,CS,CSCC715929,28/12/2021,ZT0,100,0
2022-01-07,ETHOSCOPE_221,12,male,CS,CSCC715929,28/12/2021,ZT0,100,0
2022-01-07,ETHOSCOPE_221,13,male,CS,CSCC715929,28/12/2021,ZT0,100,0
2022-01-07,ETHOSCOPE_221,14,male,CS,CSCC715929,28/12/2021,ZT0,100,0
2022-01-07,ETHOSCOPE_221,15,male,CS,CSCC715929,28/12/2021,ZT0,100,0
2022-01-07,ETHOSCOPE_221,16,male,CS,CSCC715929,28/12/2021,ZT0,100,0
2022-01-07,ETHOSCOPE_221,17,male,CS,CSCC715929,28/12/2021,ZT0,100,0
2022-01-07,ETHOSCOPE_221,18,male,CS,CSCC715929,28/12/2021,ZT0,100,0
2022-01-07,ETHOSCOPE_221,19,male,CS,CSCC715929,28/12/2021,ZT0,100,0
2022-01-07,ETHOSCOPE_221,20,male,CS,CSCC715929,28/12/2021,ZT0,100,0
2022-01-07,ETHOSCOPE_221,21,male,CS,CSCC715929,28/12/2021,ZT0,100,0
2022-01-07,ETHOSCOPE_221,22,male,CS,CSCC715929,28/12/2021,ZT0,100,0
2022-01-07,ETHOSCOPE_221,23,male,CS,CSCC715929,28/12/2021,ZT0,100,0
2022-01-07,ETHOSCOPE_221,24,male,CS,CSCC715929,28/12/2021,ZT0,100,0
