date,machine_name,region_id,sex,genotype,compound,vial_date,start_hour,concentration
24/01/2022,ETHOSCOPE_125,1,male,CS,Syn_cpd_3,2022-01-10_20220113,ZT0,100
24/01/2022,ETHOSCOPE_125,2,male,CS,Syn_cpd_3,2022-01-10_20220113,ZT0,100
24/01/2022,ETHOSCOPE_125,3,male,CS,Syn_cpd_3,2022-01-10_20220113,ZT0,100
24/01/2022,ETHOSCOPE_125,4,male,CS,Syn_cpd_3,2022-01-10_20220113,ZT0,100
24/01/2022,ETHOSCOPE_125,5,male,CS,Syn_cpd_3,2022-01-10_20220113,ZT0,100
24/01/2022,ETHOSCOPE_125,6,male,CS,Syn_cpd_3,2022-01-10_20220113,ZT0,100
24/01/2022,ETHOSCOPE_125,7,male,CS,Syn_cpd_3,2022-01-10_20220113,ZT0,100
24/01/2022,ETHOSCOPE_125,8,male,CS,Syn_cpd_3,2022-01-10_20220113,ZT0,100
24/01/2022,ETHOSCOPE_125,9,male,CS,Syn_cpd_3,2022-01-10_20220113,ZT0,100
24/01/2022,ETHOSCOPE_125,10,male,CS,Syn_cpd_3,2022-01-10_20220113,ZT0,100
24/01/2022,ETHOSCOPE_125,11,male,CS,Syn_cpd_3,2022-01-10_20220113,ZT0,100
24/01/2022,ETHOSCOPE_125,12,male,CS,Syn_cpd_3,2022-01-10_20220113,ZT0,100
24/01/2022,ETHOSCOPE_125,13,male,CS,Syn_cpd_3,2022-01-10_20220113,ZT0,100
24/01/2022,ETHOSCOPE_125,14,male,CS,Syn_cpd_3,2022-01-10_20220113,ZT0,100
24/01/2022,ETHOSCOPE_125,15,male,CS,Syn_cpd_3,2022-01-10_20220113,ZT0,100
24/01/2022,ETHOSCOPE_125,16,male,CS,Syn_cpd_3,2022-01-10_20220113,ZT0,100
24/01/2022,ETHOSCOPE_125,17,male,CS,Syn_cpd_3,2022-01-10_20220113,ZT0,100
24/01/2022,ETHOSCOPE_125,18,male,CS,Syn_cpd_3,2022-01-10_20220113,ZT0,100
24/01/2022,ETHOSCOPE_125,19,male,CS,Syn_cpd_3,2022-01-10_20220113,ZT0,100
24/01/2022,ETHOSCOPE_125,20,male,CS,Syn_cpd_3,2022-01-10_20220113,ZT0,100
24/01/2022,ETHOSCOPE_125,21,male,CS,Syn_cpd_3,2022-01-10_20220113,ZT0,100
24/01/2022,ETHOSCOPE_125,22,male,CS,Syn_cpd_3,2022-01-10_20220113,ZT0,100
24/01/2022,ETHOSCOPE_125,23,male,CS,Syn_cpd_3,2022-01-10_20220113,ZT0,100
24/01/2022,ETHOSCOPE_125,24,male,CS,Syn_cpd_3,2022-01-10_20220113,ZT0,100
11/01/2022,ETHOSCOPE_254,1,male,CS,Syn_cpd_3,28/12/2021,ZT0,100
11/01/2022,ETHOSCOPE_254,2,male,CS,Syn_cpd_3,28/12/2021,ZT0,100
11/01/2022,ETHOSCOPE_254,3,male,CS,Syn_cpd_3,28/12/2021,ZT0,100
11/01/2022,ETHOSCOPE_254,4,male,CS,Syn_cpd_3,28/12/2021,ZT0,100
11/01/2022,ETHOSCOPE_254,5,male,CS,Syn_cpd_3,28/12/2021,ZT0,100
11/01/2022,ETHOSCOPE_254,6,male,CS,Syn_cpd_3,28/12/2021,ZT0,100
11/01/2022,ETHOSCOPE_254,7,male,CS,Syn_cpd_3,28/12/2021,ZT0,100
11/01/2022,ETHOSCOPE_254,8,male,CS,Syn_cpd_3,28/12/2021,ZT0,100
11/01/2022,ETHOSCOPE_254,9,male,CS,Syn_cpd_3,28/12/2021,ZT0,100
11/01/2022,ETHOSCOPE_254,10,male,CS,Syn_cpd_3,28/12/2021,ZT0,100
11/01/2022,ETHOSCOPE_254,11,male,CS,Syn_cpd_3,28/12/2021,ZT0,100
11/01/2022,ETHOSCOPE_254,12,male,CS,Syn_cpd_3,28/12/2021,ZT0,100
11/01/2022,ETHOSCOPE_254,13,male,CS,Syn_cpd_3,28/12/2021,ZT0,100
11/01/2022,ETHOSCOPE_254,14,male,CS,Syn_cpd_3,28/12/2021,ZT0,100
11/01/2022,ETHOSCOPE_254,15,male,CS,Syn_cpd_3,28/12/2021,ZT0,100
11/01/2022,ETHOSCOPE_254,16,male,CS,Syn_cpd_3,28/12/2021,ZT0,100
11/01/2022,ETHOSCOPE_254,17,male,CS,Syn_cpd_3,28/12/2021,ZT0,100
11/01/2022,ETHOSCOPE_254,18,male,CS,Syn_cpd_3,28/12/2021,ZT0,100
11/01/2022,ETHOSCOPE_254,19,male,CS,Syn_cpd_3,28/12/2021,ZT0,100
11/01/2022,ETHOSCOPE_254,20,male,CS,Syn_cpd_3,28/12/2021,ZT0,100
11/01/2022,ETHOSCOPE_254,21,male,CS,Syn_cpd_3,28/12/2021,ZT0,100
11/01/2022,ETHOSCOPE_254,22,male,CS,Syn_cpd_3,28/12/2021,ZT0,100
11/01/2022,ETHOSCOPE_254,23,male,CS,Syn_cpd_3,28/12/2021,ZT0,100
11/01/2022,ETHOSCOPE_254,24,male,CS,Syn_cpd_3,28/12/2021,ZT0,100
14/02/2022,ETHOSCOPE_109,1,male,CS,juglone,01/02/2022,ZT0,100
14/02/2022,ETHOSCOPE_109,2,male,CS,juglone,01/02/2022,ZT0,100
14/02/2022,ETHOSCOPE_109,3,male,CS,juglone,01/02/2022,ZT0,100
14/02/2022,ETHOSCOPE_109,4,male,CS,juglone,01/02/2022,ZT0,100
14/02/2022,ETHOSCOPE_109,5,male,CS,juglone,01/02/2022,ZT0,100
14/02/2022,ETHOSCOPE_109,6,male,CS,juglone,01/02/2022,ZT0,100
14/02/2022,ETHOSCOPE_109,7,male,CS,juglone,01/02/2022,ZT0,100
14/02/2022,ETHOSCOPE_109,8,male,CS,juglone,01/02/2022,ZT0,100
14/02/2022,ETHOSCOPE_109,9,male,CS,juglone,01/02/2022,ZT0,100
14/02/2022,ETHOSCOPE_109,10,male,CS,juglone,01/02/2022,ZT0,100
14/02/2022,ETHOSCOPE_109,11,male,CS,juglone,01/02/2022,ZT0,100
14/02/2022,ETHOSCOPE_109,12,male,CS,juglone,01/02/2022,ZT0,100
14/02/2022,ETHOSCOPE_109,13,male,CS,juglone,01/02/2022,ZT0,100
14/02/2022,ETHOSCOPE_109,14,male,CS,juglone,01/02/2022,ZT0,100
14/02/2022,ETHOSCOPE_109,15,male,CS,juglone,01/02/2022,ZT0,100
14/02/2022,ETHOSCOPE_109,16,male,CS,juglone,01/02/2022,ZT0,100
14/02/2022,ETHOSCOPE_109,17,male,CS,juglone,01/02/2022,ZT0,100
14/02/2022,ETHOSCOPE_109,18,male,CS,juglone,01/02/2022,ZT0,100
14/02/2022,ETHOSCOPE_109,19,male,CS,juglone,01/02/2022,ZT0,100
14/02/2022,ETHOSCOPE_109,20,male,CS,juglone,01/02/2022,ZT0,100
14/02/2022,ETHOSCOPE_109,21,male,CS,juglone,01/02/2022,ZT0,100
14/02/2022,ETHOSCOPE_109,22,male,CS,juglone,01/02/2022,ZT0,100
14/02/2022,ETHOSCOPE_109,23,male,CS,juglone,01/02/2022,ZT0,100
14/02/2022,ETHOSCOPE_109,24,male,CS,juglone,01/02/2022,ZT0,100
18/02/2022,ETHOSCOPE_240,1,male,CS,juglone,02/02/2022,ZT0,100
18/02/2022,ETHOSCOPE_240,2,male,CS,juglone,02/02/2022,ZT0,100
18/02/2022,ETHOSCOPE_240,3,male,CS,juglone,02/02/2022,ZT0,100
18/02/2022,ETHOSCOPE_240,4,male,CS,juglone,02/02/2022,ZT0,100
18/02/2022,ETHOSCOPE_240,5,male,CS,juglone,02/02/2022,ZT0,100
18/02/2022,ETHOSCOPE_240,6,male,CS,juglone,02/02/2022,ZT0,100
18/02/2022,ETHOSCOPE_240,7,male,CS,juglone,02/02/2022,ZT0,100
18/02/2022,ETHOSCOPE_240,8,male,CS,juglone,02/02/2022,ZT0,100
18/02/2022,ETHOSCOPE_240,9,male,CS,juglone,02/02/2022,ZT0,100
18/02/2022,ETHOSCOPE_240,10,male,CS,juglone,02/02/2022,ZT0,100
18/02/2022,ETHOSCOPE_240,11,male,CS,juglone,02/02/2022,ZT0,100
18/02/2022,ETHOSCOPE_240,12,male,CS,juglone,02/02/2022,ZT0,100
18/02/2022,ETHOSCOPE_240,13,male,CS,juglone,02/02/2022,ZT0,100
18/02/2022,ETHOSCOPE_240,14,male,CS,juglone,02/02/2022,ZT0,100
18/02/2022,ETHOSCOPE_240,15,male,CS,juglone,02/02/2022,ZT0,100
18/02/2022,ETHOSCOPE_240,16,male,CS,juglone,02/02/2022,ZT0,100
18/02/2022,ETHOSCOPE_240,17,male,CS,juglone,02/02/2022,ZT0,100
18/02/2022,ETHOSCOPE_240,18,male,CS,juglone,02/02/2022,ZT0,100
18/02/2022,ETHOSCOPE_240,19,male,CS,juglone,02/02/2022,ZT0,100
18/02/2022,ETHOSCOPE_240,20,male,CS,juglone,02/02/2022,ZT0,100
18/02/2022,ETHOSCOPE_240,21,male,CS,juglone,02/02/2022,ZT0,100
18/02/2022,ETHOSCOPE_240,22,male,CS,juglone,02/02/2022,ZT0,100
18/02/2022,ETHOSCOPE_240,23,male,CS,juglone,02/02/2022,ZT0,100
18/02/2022,ETHOSCOPE_240,24,male,CS,juglone,02/02/2022,ZT0,100
28/01/2022,ETHOSCOPE_147,1,male,CS,diflubenzuron,2022-01-17_2022-01-15,ZT0,100
28/01/2022,ETHOSCOPE_147,2,male,CS,diflubenzuron,2022-01-17_2022-01-15,ZT0,100
28/01/2022,ETHOSCOPE_147,3,male,CS,diflubenzuron,2022-01-17_2022-01-15,ZT0,100
28/01/2022,ETHOSCOPE_147,4,male,CS,diflubenzuron,2022-01-17_2022-01-15,ZT0,100
28/01/2022,ETHOSCOPE_147,5,male,CS,diflubenzuron,2022-01-17_2022-01-15,ZT0,100
28/01/2022,ETHOSCOPE_147,6,male,CS,diflubenzuron,2022-01-17_2022-01-15,ZT0,100
28/01/2022,ETHOSCOPE_147,7,male,CS,diflubenzuron,2022-01-17_2022-01-15,ZT0,100
28/01/2022,ETHOSCOPE_147,8,male,CS,diflubenzuron,2022-01-17_2022-01-15,ZT0,100
28/01/2022,ETHOSCOPE_147,9,male,CS,diflubenzuron,2022-01-17_2022-01-15,ZT0,100
28/01/2022,ETHOSCOPE_147,10,male,CS,diflubenzuron,2022-01-17_2022-01-15,ZT0,100
28/01/2022,ETHOSCOPE_147,11,male,CS,diflubenzuron,2022-01-17_2022-01-15,ZT0,100
28/01/2022,ETHOSCOPE_147,12,male,CS,diflubenzuron,2022-01-17_2022-01-15,ZT0,100
28/01/2022,ETHOSCOPE_147,13,male,CS,diflubenzuron,2022-01-17_2022-01-15,ZT0,100
28/01/2022,ETHOSCOPE_147,14,male,CS,diflubenzuron,2022-01-17_2022-01-15,ZT0,100
28/01/2022,ETHOSCOPE_147,15,male,CS,diflubenzuron,2022-01-17_2022-01-15,ZT0,100
28/01/2022,ETHOSCOPE_147,16,male,CS,diflubenzuron,2022-01-17_2022-01-15,ZT0,100
28/01/2022,ETHOSCOPE_147,17,male,CS,diflubenzuron,2022-01-17_2022-01-15,ZT0,100
28/01/2022,ETHOSCOPE_147,18,male,CS,diflubenzuron,2022-01-17_2022-01-15,ZT0,100
28/01/2022,ETHOSCOPE_147,19,male,CS,diflubenzuron,2022-01-17_2022-01-15,ZT0,100
28/01/2022,ETHOSCOPE_147,20,male,CS,diflubenzuron,2022-01-17_2022-01-15,ZT0,100
28/01/2022,ETHOSCOPE_147,21,male,CS,diflubenzuron,2022-01-17_2022-01-15,ZT0,100
28/01/2022,ETHOSCOPE_147,22,male,CS,diflubenzuron,2022-01-17_2022-01-15,ZT0,100
28/01/2022,ETHOSCOPE_147,23,male,CS,diflubenzuron,2022-01-17_2022-01-15,ZT0,100
28/01/2022,ETHOSCOPE_147,24,male,CS,diflubenzuron,2022-01-17_2022-01-15,ZT0,100
31/01/2022,ETHOSCOPE_261,1,male,CS,diflubenzuron,17/01/2022,ZT0,100
31/01/2022,ETHOSCOPE_261,2,male,CS,diflubenzuron,17/01/2022,ZT0,100
31/01/2022,ETHOSCOPE_261,3,male,CS,diflubenzuron,17/01/2022,ZT0,100
31/01/2022,ETHOSCOPE_261,4,male,CS,diflubenzuron,17/01/2022,ZT0,100
31/01/2022,ETHOSCOPE_261,5,male,CS,diflubenzuron,17/01/2022,ZT0,100
31/01/2022,ETHOSCOPE_261,6,male,CS,diflubenzuron,17/01/2022,ZT0,100
31/01/2022,ETHOSCOPE_261,7,male,CS,diflubenzuron,17/01/2022,ZT0,100
31/01/2022,ETHOSCOPE_261,8,male,CS,diflubenzuron,17/01/2022,ZT0,100
31/01/2022,ETHOSCOPE_261,9,male,CS,diflubenzuron,17/01/2022,ZT0,100
31/01/2022,ETHOSCOPE_261,10,male,CS,diflubenzuron,17/01/2022,ZT0,100
31/01/2022,ETHOSCOPE_261,11,male,CS,diflubenzuron,17/01/2022,ZT0,100
31/01/2022,ETHOSCOPE_261,12,male,CS,diflubenzuron,17/01/2022,ZT0,100
31/01/2022,ETHOSCOPE_261,13,male,CS,diflubenzuron,17/01/2022,ZT0,100
31/01/2022,ETHOSCOPE_261,14,male,CS,diflubenzuron,17/01/2022,ZT0,100
31/01/2022,ETHOSCOPE_261,15,male,CS,diflubenzuron,17/01/2022,ZT0,100
31/01/2022,ETHOSCOPE_261,16,male,CS,diflubenzuron,17/01/2022,ZT0,100
31/01/2022,ETHOSCOPE_261,17,male,CS,diflubenzuron,17/01/2022,ZT0,100
31/01/2022,ETHOSCOPE_261,18,male,CS,diflubenzuron,17/01/2022,ZT0,100
31/01/2022,ETHOSCOPE_261,19,male,CS,diflubenzuron,17/01/2022,ZT0,100
31/01/2022,ETHOSCOPE_261,20,male,CS,diflubenzuron,17/01/2022,ZT0,100
31/01/2022,ETHOSCOPE_261,21,male,CS,diflubenzuron,17/01/2022,ZT0,100
31/01/2022,ETHOSCOPE_261,22,male,CS,diflubenzuron,17/01/2022,ZT0,100
31/01/2022,ETHOSCOPE_261,23,male,CS,diflubenzuron,17/01/2022,ZT0,100
31/01/2022,ETHOSCOPE_261,24,male,CS,diflubenzuron,17/01/2022,ZT0,100
04/02/2022,ETHOSCOPE_240,1,male,CS,rotenone,21/01/2022,ZT0,100
04/02/2022,ETHOSCOPE_240,2,male,CS,rotenone,21/01/2022,ZT0,100
04/02/2022,ETHOSCOPE_240,3,male,CS,rotenone,21/01/2022,ZT0,100
04/02/2022,ETHOSCOPE_240,4,male,CS,rotenone,21/01/2022,ZT0,100
04/02/2022,ETHOSCOPE_240,5,male,CS,rotenone,21/01/2022,ZT0,100
04/02/2022,ETHOSCOPE_240,6,male,CS,rotenone,21/01/2022,ZT0,100
04/02/2022,ETHOSCOPE_240,7,male,CS,rotenone,21/01/2022,ZT0,100
04/02/2022,ETHOSCOPE_240,8,male,CS,rotenone,21/01/2022,ZT0,100
04/02/2022,ETHOSCOPE_240,9,male,CS,rotenone,21/01/2022,ZT0,100
04/02/2022,ETHOSCOPE_240,10,male,CS,rotenone,21/01/2022,ZT0,100
04/02/2022,ETHOSCOPE_240,11,male,CS,rotenone,21/01/2022,ZT0,100
04/02/2022,ETHOSCOPE_240,12,male,CS,rotenone,21/01/2022,ZT0,100
04/02/2022,ETHOSCOPE_240,13,male,CS,rotenone,21/01/2022,ZT0,100
04/02/2022,ETHOSCOPE_240,14,male,CS,rotenone,21/01/2022,ZT0,100
04/02/2022,ETHOSCOPE_240,15,male,CS,rotenone,21/01/2022,ZT0,100
04/02/2022,ETHOSCOPE_240,16,male,CS,rotenone,21/01/2022,ZT0,100
04/02/2022,ETHOSCOPE_240,17,male,CS,rotenone,21/01/2022,ZT0,100
04/02/2022,ETHOSCOPE_240,18,male,CS,rotenone,21/01/2022,ZT0,100
04/02/2022,ETHOSCOPE_240,19,male,CS,rotenone,21/01/2022,ZT0,100
04/02/2022,ETHOSCOPE_240,20,male,CS,rotenone,21/01/2022,ZT0,100
04/02/2022,ETHOSCOPE_240,21,male,CS,rotenone,21/01/2022,ZT0,100
04/02/2022,ETHOSCOPE_240,22,male,CS,rotenone,21/01/2022,ZT0,100
04/02/2022,ETHOSCOPE_240,23,male,CS,rotenone,21/01/2022,ZT0,100
04/02/2022,ETHOSCOPE_240,24,male,CS,rotenone,21/01/2022,ZT0,100
07/02/2022,ETHOSCOPE_238,1,male,CS,rotenone,24/01/2022,ZT0,100
07/02/2022,ETHOSCOPE_238,2,male,CS,rotenone,24/01/2022,ZT0,100
07/02/2022,ETHOSCOPE_238,3,male,CS,rotenone,24/01/2022,ZT0,100
07/02/2022,ETHOSCOPE_238,4,male,CS,rotenone,24/01/2022,ZT0,100
07/02/2022,ETHOSCOPE_238,5,male,CS,rotenone,24/01/2022,ZT0,100
07/02/2022,ETHOSCOPE_238,6,male,CS,rotenone,24/01/2022,ZT0,100
07/02/2022,ETHOSCOPE_238,7,male,CS,rotenone,24/01/2022,ZT0,100
07/02/2022,ETHOSCOPE_238,8,male,CS,rotenone,24/01/2022,ZT0,100
07/02/2022,ETHOSCOPE_238,9,male,CS,rotenone,24/01/2022,ZT0,100
07/02/2022,ETHOSCOPE_238,10,male,CS,rotenone,24/01/2022,ZT0,100
07/02/2022,ETHOSCOPE_238,11,male,CS,rotenone,24/01/2022,ZT0,100
07/02/2022,ETHOSCOPE_238,12,male,CS,rotenone,24/01/2022,ZT0,100
07/02/2022,ETHOSCOPE_238,13,male,CS,rotenone,24/01/2022,ZT0,100
07/02/2022,ETHOSCOPE_238,14,male,CS,rotenone,24/01/2022,ZT0,100
07/02/2022,ETHOSCOPE_238,15,male,CS,rotenone,24/01/2022,ZT0,100
07/02/2022,ETHOSCOPE_238,16,male,CS,rotenone,24/01/2022,ZT0,100
07/02/2022,ETHOSCOPE_238,17,male,CS,rotenone,24/01/2022,ZT0,100
07/02/2022,ETHOSCOPE_238,18,male,CS,rotenone,24/01/2022,ZT0,100
07/02/2022,ETHOSCOPE_238,19,male,CS,rotenone,24/01/2022,ZT0,100
07/02/2022,ETHOSCOPE_238,20,male,CS,rotenone,24/01/2022,ZT0,100
07/02/2022,ETHOSCOPE_238,21,male,CS,rotenone,24/01/2022,ZT0,100
07/02/2022,ETHOSCOPE_238,22,male,CS,rotenone,24/01/2022,ZT0,100
07/02/2022,ETHOSCOPE_238,23,male,CS,rotenone,24/01/2022,ZT0,100
07/02/2022,ETHOSCOPE_238,24,male,CS,rotenone,24/01/2022,ZT0,100
28/01/2022,ETHOSCOPE_257,1,male,CS,methotrexate,2022-01-17_2022-01-15,ZT0,100
28/01/2022,ETHOSCOPE_257,2,male,CS,methotrexate,2022-01-17_2022-01-15,ZT0,100
28/01/2022,ETHOSCOPE_257,3,male,CS,methotrexate,2022-01-17_2022-01-15,ZT0,100
28/01/2022,ETHOSCOPE_257,4,male,CS,methotrexate,2022-01-17_2022-01-15,ZT0,100
28/01/2022,ETHOSCOPE_257,5,male,CS,methotrexate,2022-01-17_2022-01-15,ZT0,100
28/01/2022,ETHOSCOPE_257,6,male,CS,methotrexate,2022-01-17_2022-01-15,ZT0,100
28/01/2022,ETHOSCOPE_257,7,male,CS,methotrexate,2022-01-17_2022-01-15,ZT0,100
28/01/2022,ETHOSCOPE_257,8,male,CS,methotrexate,2022-01-17_2022-01-15,ZT0,100
28/01/2022,ETHOSCOPE_257,9,male,CS,methotrexate,2022-01-17_2022-01-15,ZT0,100
28/01/2022,ETHOSCOPE_257,10,male,CS,methotrexate,2022-01-17_2022-01-15,ZT0,100
28/01/2022,ETHOSCOPE_257,11,male,CS,methotrexate,2022-01-17_2022-01-15,ZT0,100
28/01/2022,ETHOSCOPE_257,12,male,CS,methotrexate,2022-01-17_2022-01-15,ZT0,100
28/01/2022,ETHOSCOPE_257,13,male,CS,methotrexate,2022-01-17_2022-01-15,ZT0,100
28/01/2022,ETHOSCOPE_257,14,male,CS,methotrexate,2022-01-17_2022-01-15,ZT0,100
28/01/2022,ETHOSCOPE_257,15,male,CS,methotrexate,2022-01-17_2022-01-15,ZT0,100
28/01/2022,ETHOSCOPE_257,16,male,CS,methotrexate,2022-01-17_2022-01-15,ZT0,100
28/01/2022,ETHOSCOPE_257,17,male,CS,methotrexate,2022-01-17_2022-01-15,ZT0,100
28/01/2022,ETHOSCOPE_257,18,male,CS,methotrexate,2022-01-17_2022-01-15,ZT0,100
28/01/2022,ETHOSCOPE_257,19,male,CS,methotrexate,2022-01-17_2022-01-15,ZT0,100
28/01/2022,ETHOSCOPE_257,20,male,CS,methotrexate,2022-01-17_2022-01-15,ZT0,100
28/01/2022,ETHOSCOPE_257,21,male,CS,methotrexate,2022-01-17_2022-01-15,ZT0,100
28/01/2022,ETHOSCOPE_257,22,male,CS,methotrexate,2022-01-17_2022-01-15,ZT0,100
28/01/2022,ETHOSCOPE_257,23,male,CS,methotrexate,2022-01-17_2022-01-15,ZT0,100
28/01/2022,ETHOSCOPE_257,24,male,CS,methotrexate,2022-01-17_2022-01-15,ZT0,100
31/01/2022,ETHOSCOPE_143,1,male,CS,methotrexate,17/01/2022,ZT0,100
31/01/2022,ETHOSCOPE_143,2,male,CS,methotrexate,17/01/2022,ZT0,100
31/01/2022,ETHOSCOPE_143,3,male,CS,methotrexate,17/01/2022,ZT0,100
31/01/2022,ETHOSCOPE_143,4,male,CS,methotrexate,17/01/2022,ZT0,100
31/01/2022,ETHOSCOPE_143,5,male,CS,methotrexate,17/01/2022,ZT0,100
31/01/2022,ETHOSCOPE_143,6,male,CS,methotrexate,17/01/2022,ZT0,100
31/01/2022,ETHOSCOPE_143,7,male,CS,methotrexate,17/01/2022,ZT0,100
31/01/2022,ETHOSCOPE_143,8,male,CS,methotrexate,17/01/2022,ZT0,100
31/01/2022,ETHOSCOPE_143,9,male,CS,methotrexate,17/01/2022,ZT0,100
31/01/2022,ETHOSCOPE_143,10,male,CS,methotrexate,17/01/2022,ZT0,100
31/01/2022,ETHOSCOPE_143,11,male,CS,methotrexate,17/01/2022,ZT0,100
31/01/2022,ETHOSCOPE_143,12,male,CS,methotrexate,17/01/2022,ZT0,100
31/01/2022,ETHOSCOPE_143,13,male,CS,methotrexate,17/01/2022,ZT0,100
31/01/2022,ETHOSCOPE_143,14,male,CS,methotrexate,17/01/2022,ZT0,100
31/01/2022,ETHOSCOPE_143,15,male,CS,methotrexate,17/01/2022,ZT0,100
31/01/2022,ETHOSCOPE_143,16,male,CS,methotrexate,17/01/2022,ZT0,100
31/01/2022,ETHOSCOPE_143,17,male,CS,methotrexate,17/01/2022,ZT0,100
31/01/2022,ETHOSCOPE_143,18,male,CS,methotrexate,17/01/2022,ZT0,100
31/01/2022,ETHOSCOPE_143,19,male,CS,methotrexate,17/01/2022,ZT0,100
31/01/2022,ETHOSCOPE_143,20,male,CS,methotrexate,17/01/2022,ZT0,100
31/01/2022,ETHOSCOPE_143,21,male,CS,methotrexate,17/01/2022,ZT0,100
31/01/2022,ETHOSCOPE_143,22,male,CS,methotrexate,17/01/2022,ZT0,100
31/01/2022,ETHOSCOPE_143,23,male,CS,methotrexate,17/01/2022,ZT0,100
31/01/2022,ETHOSCOPE_143,24,male,CS,methotrexate,17/01/2022,ZT0,100
14/02/2022,ETHOSCOPE_238,1,male,CS,diafenthiuron,01/02/2022,ZT0,100
14/02/2022,ETHOSCOPE_238,2,male,CS,diafenthiuron,01/02/2022,ZT0,100
14/02/2022,ETHOSCOPE_238,3,male,CS,diafenthiuron,01/02/2022,ZT0,100
14/02/2022,ETHOSCOPE_238,4,male,CS,diafenthiuron,01/02/2022,ZT0,100
14/02/2022,ETHOSCOPE_238,5,male,CS,diafenthiuron,01/02/2022,ZT0,100
14/02/2022,ETHOSCOPE_238,6,male,CS,diafenthiuron,01/02/2022,ZT0,100
14/02/2022,ETHOSCOPE_238,7,male,CS,diafenthiuron,01/02/2022,ZT0,100
14/02/2022,ETHOSCOPE_238,8,male,CS,diafenthiuron,01/02/2022,ZT0,100
14/02/2022,ETHOSCOPE_238,9,male,CS,diafenthiuron,01/02/2022,ZT0,100
14/02/2022,ETHOSCOPE_238,10,male,CS,diafenthiuron,01/02/2022,ZT0,100
14/02/2022,ETHOSCOPE_238,11,male,CS,diafenthiuron,01/02/2022,ZT0,100
14/02/2022,ETHOSCOPE_238,12,male,CS,diafenthiuron,01/02/2022,ZT0,100
14/02/2022,ETHOSCOPE_238,13,male,CS,diafenthiuron,01/02/2022,ZT0,100
14/02/2022,ETHOSCOPE_238,14,male,CS,diafenthiuron,01/02/2022,ZT0,100
14/02/2022,ETHOSCOPE_238,15,male,CS,diafenthiuron,01/02/2022,ZT0,100
14/02/2022,ETHOSCOPE_238,16,male,CS,diafenthiuron,01/02/2022,ZT0,100
14/02/2022,ETHOSCOPE_238,17,male,CS,diafenthiuron,01/02/2022,ZT0,100
14/02/2022,ETHOSCOPE_238,18,male,CS,diafenthiuron,01/02/2022,ZT0,100
14/02/2022,ETHOSCOPE_238,19,male,CS,diafenthiuron,01/02/2022,ZT0,100
14/02/2022,ETHOSCOPE_238,20,male,CS,diafenthiuron,01/02/2022,ZT0,100
14/02/2022,ETHOSCOPE_238,21,male,CS,diafenthiuron,01/02/2022,ZT0,100
14/02/2022,ETHOSCOPE_238,22,male,CS,diafenthiuron,01/02/2022,ZT0,100
14/02/2022,ETHOSCOPE_238,23,male,CS,diafenthiuron,01/02/2022,ZT0,100
14/02/2022,ETHOSCOPE_238,24,male,CS,diafenthiuron,01/02/2022,ZT0,100
18/02/2022,ETHOSCOPE_108,1,male,CS,diafenthiuron,02/02/2022,ZT0,100
18/02/2022,ETHOSCOPE_108,2,male,CS,diafenthiuron,02/02/2022,ZT0,100
18/02/2022,ETHOSCOPE_108,3,male,CS,diafenthiuron,02/02/2022,ZT0,100
18/02/2022,ETHOSCOPE_108,4,male,CS,diafenthiuron,02/02/2022,ZT0,100
18/02/2022,ETHOSCOPE_108,5,male,CS,diafenthiuron,02/02/2022,ZT0,100
18/02/2022,ETHOSCOPE_108,6,male,CS,diafenthiuron,02/02/2022,ZT0,100
18/02/2022,ETHOSCOPE_108,7,male,CS,diafenthiuron,02/02/2022,ZT0,100
18/02/2022,ETHOSCOPE_108,8,male,CS,diafenthiuron,02/02/2022,ZT0,100
18/02/2022,ETHOSCOPE_108,9,male,CS,diafenthiuron,02/02/2022,ZT0,100
18/02/2022,ETHOSCOPE_108,10,male,CS,diafenthiuron,02/02/2022,ZT0,100
18/02/2022,ETHOSCOPE_108,11,male,CS,diafenthiuron,02/02/2022,ZT0,100
18/02/2022,ETHOSCOPE_108,12,male,CS,diafenthiuron,02/02/2022,ZT0,100
18/02/2022,ETHOSCOPE_108,13,male,CS,diafenthiuron,02/02/2022,ZT0,100
18/02/2022,ETHOSCOPE_108,14,male,CS,diafenthiuron,02/02/2022,ZT0,100
18/02/2022,ETHOSCOPE_108,15,male,CS,diafenthiuron,02/02/2022,ZT0,100
18/02/2022,ETHOSCOPE_108,16,male,CS,diafenthiuron,02/02/2022,ZT0,100
18/02/2022,ETHOSCOPE_108,17,male,CS,diafenthiuron,02/02/2022,ZT0,100
18/02/2022,ETHOSCOPE_108,18,male,CS,diafenthiuron,02/02/2022,ZT0,100
18/02/2022,ETHOSCOPE_108,19,male,CS,diafenthiuron,02/02/2022,ZT0,100
18/02/2022,ETHOSCOPE_108,20,male,CS,diafenthiuron,02/02/2022,ZT0,100
18/02/2022,ETHOSCOPE_108,21,male,CS,diafenthiuron,02/02/2022,ZT0,100
18/02/2022,ETHOSCOPE_108,22,male,CS,diafenthiuron,02/02/2022,ZT0,100
18/02/2022,ETHOSCOPE_108,23,male,CS,diafenthiuron,02/02/2022,ZT0,100
18/02/2022,ETHOSCOPE_108,24,male,CS,diafenthiuron,02/02/2022,ZT0,100
28/01/2022,ETHOSCOPE_143,1,male,CS,fenoxycarb,2022-01-17_2022-01-15,ZT0,100
28/01/2022,ETHOSCOPE_143,2,male,CS,fenoxycarb,2022-01-17_2022-01-15,ZT0,100
28/01/2022,ETHOSCOPE_143,3,male,CS,fenoxycarb,2022-01-17_2022-01-15,ZT0,100
28/01/2022,ETHOSCOPE_143,4,male,CS,fenoxycarb,2022-01-17_2022-01-15,ZT0,100
28/01/2022,ETHOSCOPE_143,5,male,CS,fenoxycarb,2022-01-17_2022-01-15,ZT0,100
28/01/2022,ETHOSCOPE_143,6,male,CS,fenoxycarb,2022-01-17_2022-01-15,ZT0,100
28/01/2022,ETHOSCOPE_143,7,male,CS,fenoxycarb,2022-01-17_2022-01-15,ZT0,100
28/01/2022,ETHOSCOPE_143,8,male,CS,fenoxycarb,2022-01-17_2022-01-15,ZT0,100
28/01/2022,ETHOSCOPE_143,9,male,CS,fenoxycarb,2022-01-17_2022-01-15,ZT0,100
28/01/2022,ETHOSCOPE_143,10,male,CS,fenoxycarb,2022-01-17_2022-01-15,ZT0,100
28/01/2022,ETHOSCOPE_143,11,male,CS,fenoxycarb,2022-01-17_2022-01-15,ZT0,100
28/01/2022,ETHOSCOPE_143,12,male,CS,fenoxycarb,2022-01-17_2022-01-15,ZT0,100
28/01/2022,ETHOSCOPE_143,13,male,CS,fenoxycarb,2022-01-17_2022-01-15,ZT0,100
28/01/2022,ETHOSCOPE_143,14,male,CS,fenoxycarb,2022-01-17_2022-01-15,ZT0,100
28/01/2022,ETHOSCOPE_143,15,male,CS,fenoxycarb,2022-01-17_2022-01-15,ZT0,100
28/01/2022,ETHOSCOPE_143,16,male,CS,fenoxycarb,2022-01-17_2022-01-15,ZT0,100
28/01/2022,ETHOSCOPE_143,17,male,CS,fenoxycarb,2022-01-17_2022-01-15,ZT0,100
28/01/2022,ETHOSCOPE_143,18,male,CS,fenoxycarb,2022-01-17_2022-01-15,ZT0,100
28/01/2022,ETHOSCOPE_143,19,male,CS,fenoxycarb,2022-01-17_2022-01-15,ZT0,100
28/01/2022,ETHOSCOPE_143,20,male,CS,fenoxycarb,2022-01-17_2022-01-15,ZT0,100
28/01/2022,ETHOSCOPE_143,21,male,CS,fenoxycarb,2022-01-17_2022-01-15,ZT0,100
28/01/2022,ETHOSCOPE_143,22,male,CS,fenoxycarb,2022-01-17_2022-01-15,ZT0,100
28/01/2022,ETHOSCOPE_143,23,male,CS,fenoxycarb,2022-01-17_2022-01-15,ZT0,100
28/01/2022,ETHOSCOPE_143,24,male,CS,fenoxycarb,2022-01-17_2022-01-15,ZT0,100
31/01/2022,ETHOSCOPE_147,1,male,CS,fenoxycarb,17/01/2022,ZT0,100
31/01/2022,ETHOSCOPE_147,2,male,CS,fenoxycarb,17/01/2022,ZT0,100
31/01/2022,ETHOSCOPE_147,3,male,CS,fenoxycarb,17/01/2022,ZT0,100
31/01/2022,ETHOSCOPE_147,4,male,CS,fenoxycarb,17/01/2022,ZT0,100
31/01/2022,ETHOSCOPE_147,5,male,CS,fenoxycarb,17/01/2022,ZT0,100
31/01/2022,ETHOSCOPE_147,6,male,CS,fenoxycarb,17/01/2022,ZT0,100
31/01/2022,ETHOSCOPE_147,7,male,CS,fenoxycarb,17/01/2022,ZT0,100
31/01/2022,ETHOSCOPE_147,8,male,CS,fenoxycarb,17/01/2022,ZT0,100
31/01/2022,ETHOSCOPE_147,9,male,CS,fenoxycarb,17/01/2022,ZT0,100
31/01/2022,ETHOSCOPE_147,10,male,CS,fenoxycarb,17/01/2022,ZT0,100
31/01/2022,ETHOSCOPE_147,11,male,CS,fenoxycarb,17/01/2022,ZT0,100
31/01/2022,ETHOSCOPE_147,12,male,CS,fenoxycarb,17/01/2022,ZT0,100
31/01/2022,ETHOSCOPE_147,13,male,CS,fenoxycarb,17/01/2022,ZT0,100
31/01/2022,ETHOSCOPE_147,14,male,CS,fenoxycarb,17/01/2022,ZT0,100
31/01/2022,ETHOSCOPE_147,15,male,CS,fenoxycarb,17/01/2022,ZT0,100
31/01/2022,ETHOSCOPE_147,16,male,CS,fenoxycarb,17/01/2022,ZT0,100
31/01/2022,ETHOSCOPE_147,17,male,CS,fenoxycarb,17/01/2022,ZT0,100
31/01/2022,ETHOSCOPE_147,18,male,CS,fenoxycarb,17/01/2022,ZT0,100
31/01/2022,ETHOSCOPE_147,19,male,CS,fenoxycarb,17/01/2022,ZT0,100
31/01/2022,ETHOSCOPE_147,20,male,CS,fenoxycarb,17/01/2022,ZT0,100
31/01/2022,ETHOSCOPE_147,21,male,CS,fenoxycarb,17/01/2022,ZT0,100
31/01/2022,ETHOSCOPE_147,22,male,CS,fenoxycarb,17/01/2022,ZT0,100
31/01/2022,ETHOSCOPE_147,23,male,CS,fenoxycarb,17/01/2022,ZT0,100
31/01/2022,ETHOSCOPE_147,24,male,CS,fenoxycarb,17/01/2022,ZT0,100
24/01/2022,ETHOSCOPE_109,1,male,CS,diafentiuron_carbodiamide,2022-01-10_20220113,ZT0,100
24/01/2022,ETHOSCOPE_109,2,male,CS,diafentiuron_carbodiamide,2022-01-10_20220113,ZT0,100
24/01/2022,ETHOSCOPE_109,3,male,CS,diafentiuron_carbodiamide,2022-01-10_20220113,ZT0,100
24/01/2022,ETHOSCOPE_109,4,male,CS,diafentiuron_carbodiamide,2022-01-10_20220113,ZT0,100
24/01/2022,ETHOSCOPE_109,5,male,CS,diafentiuron_carbodiamide,2022-01-10_20220113,ZT0,100
24/01/2022,ETHOSCOPE_109,6,male,CS,diafentiuron_carbodiamide,2022-01-10_20220113,ZT0,100
24/01/2022,ETHOSCOPE_109,7,male,CS,diafentiuron_carbodiamide,2022-01-10_20220113,ZT0,100
24/01/2022,ETHOSCOPE_109,8,male,CS,diafentiuron_carbodiamide,2022-01-10_20220113,ZT0,100
24/01/2022,ETHOSCOPE_109,9,male,CS,diafentiuron_carbodiamide,2022-01-10_20220113,ZT0,100
24/01/2022,ETHOSCOPE_109,10,male,CS,diafentiuron_carbodiamide,2022-01-10_20220113,ZT0,100
24/01/2022,ETHOSCOPE_109,11,male,CS,diafentiuron_carbodiamide,2022-01-10_20220113,ZT0,100
24/01/2022,ETHOSCOPE_109,12,male,CS,diafentiuron_carbodiamide,2022-01-10_20220113,ZT0,100
24/01/2022,ETHOSCOPE_109,13,male,CS,diafentiuron_carbodiamide,2022-01-10_20220113,ZT0,100
24/01/2022,ETHOSCOPE_109,14,male,CS,diafentiuron_carbodiamide,2022-01-10_20220113,ZT0,100
24/01/2022,ETHOSCOPE_109,15,male,CS,diafentiuron_carbodiamide,2022-01-10_20220113,ZT0,100
24/01/2022,ETHOSCOPE_109,16,male,CS,diafentiuron_carbodiamide,2022-01-10_20220113,ZT0,100
24/01/2022,ETHOSCOPE_109,17,male,CS,diafentiuron_carbodiamide,2022-01-10_20220113,ZT0,100
24/01/2022,ETHOSCOPE_109,18,male,CS,diafentiuron_carbodiamide,2022-01-10_20220113,ZT0,100
24/01/2022,ETHOSCOPE_109,19,male,CS,diafentiuron_carbodiamide,2022-01-10_20220113,ZT0,100
24/01/2022,ETHOSCOPE_109,20,male,CS,diafentiuron_carbodiamide,2022-01-10_20220113,ZT0,100
24/01/2022,ETHOSCOPE_109,21,male,CS,diafentiuron_carbodiamide,2022-01-10_20220113,ZT0,100
24/01/2022,ETHOSCOPE_109,22,male,CS,diafentiuron_carbodiamide,2022-01-10_20220113,ZT0,100
24/01/2022,ETHOSCOPE_109,23,male,CS,diafentiuron_carbodiamide,2022-01-10_20220113,ZT0,100
24/01/2022,ETHOSCOPE_109,24,male,CS,diafentiuron_carbodiamide,2022-01-10_20220113,ZT0,100
11/01/2022,ETHOSCOPE_218,1,male,CS,diafentiuron_carbodiamide,28/12/2021,ZT0,100
11/01/2022,ETHOSCOPE_218,2,male,CS,diafentiuron_carbodiamide,28/12/2021,ZT0,100
11/01/2022,ETHOSCOPE_218,3,male,CS,diafentiuron_carbodiamide,28/12/2021,ZT0,100
11/01/2022,ETHOSCOPE_218,4,male,CS,diafentiuron_carbodiamide,28/12/2021,ZT0,100
11/01/2022,ETHOSCOPE_218,5,male,CS,diafentiuron_carbodiamide,28/12/2021,ZT0,100
11/01/2022,ETHOSCOPE_218,6,male,CS,diafentiuron_carbodiamide,28/12/2021,ZT0,100
11/01/2022,ETHOSCOPE_218,7,male,CS,diafentiuron_carbodiamide,28/12/2021,ZT0,100
11/01/2022,ETHOSCOPE_218,8,male,CS,diafentiuron_carbodiamide,28/12/2021,ZT0,100
11/01/2022,ETHOSCOPE_218,9,male,CS,diafentiuron_carbodiamide,28/12/2021,ZT0,100
11/01/2022,ETHOSCOPE_218,10,male,CS,diafentiuron_carbodiamide,28/12/2021,ZT0,100
11/01/2022,ETHOSCOPE_218,11,male,CS,diafentiuron_carbodiamide,28/12/2021,ZT0,100
11/01/2022,ETHOSCOPE_218,12,male,CS,diafentiuron_carbodiamide,28/12/2021,ZT0,100
11/01/2022,ETHOSCOPE_218,13,male,CS,diafentiuron_carbodiamide,28/12/2021,ZT0,100
11/01/2022,ETHOSCOPE_218,14,male,CS,diafentiuron_carbodiamide,28/12/2021,ZT0,100
11/01/2022,ETHOSCOPE_218,15,male,CS,diafentiuron_carbodiamide,28/12/2021,ZT0,100
11/01/2022,ETHOSCOPE_218,16,male,CS,diafentiuron_carbodiamide,28/12/2021,ZT0,100
11/01/2022,ETHOSCOPE_218,17,male,CS,diafentiuron_carbodiamide,28/12/2021,ZT0,100
11/01/2022,ETHOSCOPE_218,18,male,CS,diafentiuron_carbodiamide,28/12/2021,ZT0,100
11/01/2022,ETHOSCOPE_218,19,male,CS,diafentiuron_carbodiamide,28/12/2021,ZT0,100
11/01/2022,ETHOSCOPE_218,20,male,CS,diafentiuron_carbodiamide,28/12/2021,ZT0,100
11/01/2022,ETHOSCOPE_218,21,male,CS,diafentiuron_carbodiamide,28/12/2021,ZT0,100
11/01/2022,ETHOSCOPE_218,22,male,CS,diafentiuron_carbodiamide,28/12/2021,ZT0,100
11/01/2022,ETHOSCOPE_218,23,male,CS,diafentiuron_carbodiamide,28/12/2021,ZT0,100
11/01/2022,ETHOSCOPE_218,24,male,CS,diafentiuron_carbodiamide,28/12/2021,ZT0,100
04/02/2022,ETHOSCOPE_221,1,male,CS,chlorfenapyr,21/01/2022,ZT0,100
04/02/2022,ETHOSCOPE_221,2,male,CS,chlorfenapyr,21/01/2022,ZT0,100
04/02/2022,ETHOSCOPE_221,3,male,CS,chlorfenapyr,21/01/2022,ZT0,100
04/02/2022,ETHOSCOPE_221,4,male,CS,chlorfenapyr,21/01/2022,ZT0,100
04/02/2022,ETHOSCOPE_221,5,male,CS,chlorfenapyr,21/01/2022,ZT0,100
04/02/2022,ETHOSCOPE_221,6,male,CS,chlorfenapyr,21/01/2022,ZT0,100
04/02/2022,ETHOSCOPE_221,7,male,CS,chlorfenapyr,21/01/2022,ZT0,100
04/02/2022,ETHOSCOPE_221,8,male,CS,chlorfenapyr,21/01/2022,ZT0,100
04/02/2022,ETHOSCOPE_221,9,male,CS,chlorfenapyr,21/01/2022,ZT0,100
04/02/2022,ETHOSCOPE_221,10,male,CS,chlorfenapyr,21/01/2022,ZT0,100
04/02/2022,ETHOSCOPE_221,11,male,CS,chlorfenapyr,21/01/2022,ZT0,100
04/02/2022,ETHOSCOPE_221,12,male,CS,chlorfenapyr,21/01/2022,ZT0,100
04/02/2022,ETHOSCOPE_221,13,male,CS,chlorfenapyr,21/01/2022,ZT0,100
04/02/2022,ETHOSCOPE_221,14,male,CS,chlorfenapyr,21/01/2022,ZT0,100
04/02/2022,ETHOSCOPE_221,15,male,CS,chlorfenapyr,21/01/2022,ZT0,100
04/02/2022,ETHOSCOPE_221,16,male,CS,chlorfenapyr,21/01/2022,ZT0,100
04/02/2022,ETHOSCOPE_221,17,male,CS,chlorfenapyr,21/01/2022,ZT0,100
04/02/2022,ETHOSCOPE_221,18,male,CS,chlorfenapyr,21/01/2022,ZT0,100
04/02/2022,ETHOSCOPE_221,19,male,CS,chlorfenapyr,21/01/2022,ZT0,100
04/02/2022,ETHOSCOPE_221,20,male,CS,chlorfenapyr,21/01/2022,ZT0,100
04/02/2022,ETHOSCOPE_221,21,male,CS,chlorfenapyr,21/01/2022,ZT0,100
04/02/2022,ETHOSCOPE_221,22,male,CS,chlorfenapyr,21/01/2022,ZT0,100
04/02/2022,ETHOSCOPE_221,23,male,CS,chlorfenapyr,21/01/2022,ZT0,100
04/02/2022,ETHOSCOPE_221,24,male,CS,chlorfenapyr,21/01/2022,ZT0,100
07/02/2022,ETHOSCOPE_259,1,male,CS,chlorfenapyr,24/01/2022,ZT0,100
07/02/2022,ETHOSCOPE_259,2,male,CS,chlorfenapyr,24/01/2022,ZT0,100
07/02/2022,ETHOSCOPE_259,3,male,CS,chlorfenapyr,24/01/2022,ZT0,100
07/02/2022,ETHOSCOPE_259,4,male,CS,chlorfenapyr,24/01/2022,ZT0,100
07/02/2022,ETHOSCOPE_259,5,male,CS,chlorfenapyr,24/01/2022,ZT0,100
07/02/2022,ETHOSCOPE_259,6,male,CS,chlorfenapyr,24/01/2022,ZT0,100
07/02/2022,ETHOSCOPE_259,7,male,CS,chlorfenapyr,24/01/2022,ZT0,100
07/02/2022,ETHOSCOPE_259,8,male,CS,chlorfenapyr,24/01/2022,ZT0,100
07/02/2022,ETHOSCOPE_259,9,male,CS,chlorfenapyr,24/01/2022,ZT0,100
07/02/2022,ETHOSCOPE_259,10,male,CS,chlorfenapyr,24/01/2022,ZT0,100
07/02/2022,ETHOSCOPE_259,11,male,CS,chlorfenapyr,24/01/2022,ZT0,100
07/02/2022,ETHOSCOPE_259,12,male,CS,chlorfenapyr,24/01/2022,ZT0,100
07/02/2022,ETHOSCOPE_259,13,male,CS,chlorfenapyr,24/01/2022,ZT0,100
07/02/2022,ETHOSCOPE_259,14,male,CS,chlorfenapyr,24/01/2022,ZT0,100
07/02/2022,ETHOSCOPE_259,15,male,CS,chlorfenapyr,24/01/2022,ZT0,100
07/02/2022,ETHOSCOPE_259,16,male,CS,chlorfenapyr,24/01/2022,ZT0,100
07/02/2022,ETHOSCOPE_259,17,male,CS,chlorfenapyr,24/01/2022,ZT0,100
07/02/2022,ETHOSCOPE_259,18,male,CS,chlorfenapyr,24/01/2022,ZT0,100
07/02/2022,ETHOSCOPE_259,19,male,CS,chlorfenapyr,24/01/2022,ZT0,100
07/02/2022,ETHOSCOPE_259,20,male,CS,chlorfenapyr,24/01/2022,ZT0,100
07/02/2022,ETHOSCOPE_259,21,male,CS,chlorfenapyr,24/01/2022,ZT0,100
07/02/2022,ETHOSCOPE_259,22,male,CS,chlorfenapyr,24/01/2022,ZT0,100
07/02/2022,ETHOSCOPE_259,23,male,CS,chlorfenapyr,24/01/2022,ZT0,100
07/02/2022,ETHOSCOPE_259,24,male,CS,chlorfenapyr,24/01/2022,ZT0,100
15/02/2022,ETHOSCOPE_240,1,male,CS,thiamethoxam,01/02/2022,ZT0,100
15/02/2022,ETHOSCOPE_240,2,male,CS,thiamethoxam,01/02/2022,ZT0,100
15/02/2022,ETHOSCOPE_240,3,male,CS,thiamethoxam,01/02/2022,ZT0,100
15/02/2022,ETHOSCOPE_240,4,male,CS,thiamethoxam,01/02/2022,ZT0,100
15/02/2022,ETHOSCOPE_240,5,male,CS,thiamethoxam,01/02/2022,ZT0,100
15/02/2022,ETHOSCOPE_240,6,male,CS,thiamethoxam,01/02/2022,ZT0,100
15/02/2022,ETHOSCOPE_240,7,male,CS,thiamethoxam,01/02/2022,ZT0,100
15/02/2022,ETHOSCOPE_240,8,male,CS,thiamethoxam,01/02/2022,ZT0,100
15/02/2022,ETHOSCOPE_240,9,male,CS,thiamethoxam,01/02/2022,ZT0,100
15/02/2022,ETHOSCOPE_240,10,male,CS,thiamethoxam,01/02/2022,ZT0,100
15/02/2022,ETHOSCOPE_240,11,male,CS,thiamethoxam,01/02/2022,ZT0,100
15/02/2022,ETHOSCOPE_240,12,male,CS,thiamethoxam,01/02/2022,ZT0,100
15/02/2022,ETHOSCOPE_240,13,male,CS,thiamethoxam,01/02/2022,ZT0,100
15/02/2022,ETHOSCOPE_240,14,male,CS,thiamethoxam,01/02/2022,ZT0,100
15/02/2022,ETHOSCOPE_240,15,male,CS,thiamethoxam,01/02/2022,ZT0,100
15/02/2022,ETHOSCOPE_240,16,male,CS,thiamethoxam,01/02/2022,ZT0,100
15/02/2022,ETHOSCOPE_240,17,male,CS,thiamethoxam,01/02/2022,ZT0,100
15/02/2022,ETHOSCOPE_240,18,male,CS,thiamethoxam,01/02/2022,ZT0,100
15/02/2022,ETHOSCOPE_240,19,male,CS,thiamethoxam,01/02/2022,ZT0,100
15/02/2022,ETHOSCOPE_240,20,male,CS,thiamethoxam,01/02/2022,ZT0,100
15/02/2022,ETHOSCOPE_240,21,male,CS,thiamethoxam,01/02/2022,ZT0,100
15/02/2022,ETHOSCOPE_240,22,male,CS,thiamethoxam,01/02/2022,ZT0,100
15/02/2022,ETHOSCOPE_240,23,male,CS,thiamethoxam,01/02/2022,ZT0,100
15/02/2022,ETHOSCOPE_240,24,male,CS,thiamethoxam,01/02/2022,ZT0,100
23/02/2022,ETHOSCOPE_221,1,male,CS,thiamethoxam,12/02/2022,ZT0,100
23/02/2022,ETHOSCOPE_221,2,male,CS,thiamethoxam,12/02/2022,ZT0,100
23/02/2022,ETHOSCOPE_221,3,male,CS,thiamethoxam,12/02/2022,ZT0,100
23/02/2022,ETHOSCOPE_221,4,male,CS,thiamethoxam,12/02/2022,ZT0,100
23/02/2022,ETHOSCOPE_221,5,male,CS,thiamethoxam,12/02/2022,ZT0,100
23/02/2022,ETHOSCOPE_221,6,male,CS,thiamethoxam,12/02/2022,ZT0,100
23/02/2022,ETHOSCOPE_221,7,male,CS,thiamethoxam,12/02/2022,ZT0,100
23/02/2022,ETHOSCOPE_221,8,male,CS,thiamethoxam,12/02/2022,ZT0,100
23/02/2022,ETHOSCOPE_221,9,male,CS,thiamethoxam,12/02/2022,ZT0,100
23/02/2022,ETHOSCOPE_221,10,male,CS,thiamethoxam,12/02/2022,ZT0,100
23/02/2022,ETHOSCOPE_221,11,male,CS,thiamethoxam,12/02/2022,ZT0,100
23/02/2022,ETHOSCOPE_221,12,male,CS,thiamethoxam,12/02/2022,ZT0,100
23/02/2022,ETHOSCOPE_221,13,male,CS,thiamethoxam,12/02/2022,ZT0,100
23/02/2022,ETHOSCOPE_221,14,male,CS,thiamethoxam,12/02/2022,ZT0,100
23/02/2022,ETHOSCOPE_221,15,male,CS,thiamethoxam,12/02/2022,ZT0,100
23/02/2022,ETHOSCOPE_221,16,male,CS,thiamethoxam,12/02/2022,ZT0,100
23/02/2022,ETHOSCOPE_221,17,male,CS,thiamethoxam,12/02/2022,ZT0,100
23/02/2022,ETHOSCOPE_221,18,male,CS,thiamethoxam,12/02/2022,ZT0,100
23/02/2022,ETHOSCOPE_221,19,male,CS,thiamethoxam,12/02/2022,ZT0,100
23/02/2022,ETHOSCOPE_221,20,male,CS,thiamethoxam,12/02/2022,ZT0,100
23/02/2022,ETHOSCOPE_221,21,male,CS,thiamethoxam,12/02/2022,ZT0,100
23/02/2022,ETHOSCOPE_221,22,male,CS,thiamethoxam,12/02/2022,ZT0,100
23/02/2022,ETHOSCOPE_221,23,male,CS,thiamethoxam,12/02/2022,ZT0,100
23/02/2022,ETHOSCOPE_221,24,male,CS,thiamethoxam,12/02/2022,ZT0,100
24/12/2021,ETHOSCOPE_109,1,male,CS,tebufenozide,10/12/2021,ZT0,100
24/12/2021,ETHOSCOPE_109,2,male,CS,tebufenozide,10/12/2021,ZT0,100
24/12/2021,ETHOSCOPE_109,3,male,CS,tebufenozide,10/12/2021,ZT0,100
24/12/2021,ETHOSCOPE_109,4,male,CS,tebufenozide,10/12/2021,ZT0,100
24/12/2021,ETHOSCOPE_109,5,male,CS,tebufenozide,10/12/2021,ZT0,100
24/12/2021,ETHOSCOPE_109,6,male,CS,tebufenozide,10/12/2021,ZT0,100
24/12/2021,ETHOSCOPE_109,7,male,CS,tebufenozide,10/12/2021,ZT0,100
24/12/2021,ETHOSCOPE_109,8,male,CS,tebufenozide,10/12/2021,ZT0,100
24/12/2021,ETHOSCOPE_109,9,male,CS,tebufenozide,10/12/2021,ZT0,100
24/12/2021,ETHOSCOPE_109,10,male,CS,tebufenozide,10/12/2021,ZT0,100
24/12/2021,ETHOSCOPE_109,11,male,CS,tebufenozide,10/12/2021,ZT0,100
24/12/2021,ETHOSCOPE_109,12,male,CS,tebufenozide,10/12/2021,ZT0,100
24/12/2021,ETHOSCOPE_109,13,male,CS,tebufenozide,10/12/2021,ZT0,100
24/12/2021,ETHOSCOPE_109,14,male,CS,tebufenozide,10/12/2021,ZT0,100
24/12/2021,ETHOSCOPE_109,15,male,CS,tebufenozide,10/12/2021,ZT0,100
24/12/2021,ETHOSCOPE_109,16,male,CS,tebufenozide,10/12/2021,ZT0,100
24/12/2021,ETHOSCOPE_109,17,male,CS,tebufenozide,10/12/2021,ZT0,100
24/12/2021,ETHOSCOPE_109,18,male,CS,tebufenozide,10/12/2021,ZT0,100
24/12/2021,ETHOSCOPE_109,19,male,CS,tebufenozide,10/12/2021,ZT0,100
24/12/2021,ETHOSCOPE_109,20,male,CS,tebufenozide,10/12/2021,ZT0,100
24/12/2021,ETHOSCOPE_109,21,male,CS,tebufenozide,10/12/2021,ZT0,100
24/12/2021,ETHOSCOPE_109,22,male,CS,tebufenozide,10/12/2021,ZT0,100
24/12/2021,ETHOSCOPE_109,23,male,CS,tebufenozide,10/12/2021,ZT0,100
24/12/2021,ETHOSCOPE_109,24,male,CS,tebufenozide,10/12/2021,ZT0,100
07/01/2022,ETHOSCOPE_240,1,male,CS,tebufenozide,28/12/2021,ZT0,100
07/01/2022,ETHOSCOPE_240,2,male,CS,tebufenozide,28/12/2021,ZT0,100
07/01/2022,ETHOSCOPE_240,3,male,CS,tebufenozide,28/12/2021,ZT0,100
07/01/2022,ETHOSCOPE_240,4,male,CS,tebufenozide,28/12/2021,ZT0,100
07/01/2022,ETHOSCOPE_240,5,male,CS,tebufenozide,28/12/2021,ZT0,100
07/01/2022,ETHOSCOPE_240,6,male,CS,tebufenozide,28/12/2021,ZT0,100
07/01/2022,ETHOSCOPE_240,7,male,CS,tebufenozide,28/12/2021,ZT0,100
07/01/2022,ETHOSCOPE_240,9,male,CS,tebufenozide,28/12/2021,ZT0,100
07/01/2022,ETHOSCOPE_240,10,male,CS,tebufenozide,28/12/2021,ZT0,100
07/01/2022,ETHOSCOPE_240,11,male,CS,tebufenozide,28/12/2021,ZT0,100
07/01/2022,ETHOSCOPE_240,12,male,CS,tebufenozide,28/12/2021,ZT0,100
07/01/2022,ETHOSCOPE_240,13,male,CS,tebufenozide,28/12/2021,ZT0,100
07/01/2022,ETHOSCOPE_240,14,male,CS,tebufenozide,28/12/2021,ZT0,100
07/01/2022,ETHOSCOPE_240,15,male,CS,tebufenozide,28/12/2021,ZT0,100
07/01/2022,ETHOSCOPE_240,16,male,CS,tebufenozide,28/12/2021,ZT0,100
07/01/2022,ETHOSCOPE_240,17,male,CS,tebufenozide,28/12/2021,ZT0,100
07/01/2022,ETHOSCOPE_240,18,male,CS,tebufenozide,28/12/2021,ZT0,100
07/01/2022,ETHOSCOPE_240,19,male,CS,tebufenozide,28/12/2021,ZT0,100
07/01/2022,ETHOSCOPE_240,20,male,CS,tebufenozide,28/12/2021,ZT0,100
07/01/2022,ETHOSCOPE_240,21,male,CS,tebufenozide,28/12/2021,ZT0,100
07/01/2022,ETHOSCOPE_240,22,male,CS,tebufenozide,28/12/2021,ZT0,100
07/01/2022,ETHOSCOPE_240,23,male,CS,tebufenozide,28/12/2021,ZT0,100
11/01/2022,ETHOSCOPE_109,1,male,CS,syn_cpd_2,28/12/2021,ZT0,100
11/01/2022,ETHOSCOPE_109,2,male,CS,syn_cpd_2,28/12/2021,ZT0,100
11/01/2022,ETHOSCOPE_109,3,male,CS,syn_cpd_2,28/12/2021,ZT0,100
11/01/2022,ETHOSCOPE_109,4,male,CS,syn_cpd_2,28/12/2021,ZT0,100
11/01/2022,ETHOSCOPE_109,5,male,CS,syn_cpd_2,28/12/2021,ZT0,100
11/01/2022,ETHOSCOPE_109,6,male,CS,syn_cpd_2,28/12/2021,ZT0,100
11/01/2022,ETHOSCOPE_109,7,male,CS,syn_cpd_2,28/12/2021,ZT0,100
11/01/2022,ETHOSCOPE_109,8,male,CS,syn_cpd_2,28/12/2021,ZT0,100
11/01/2022,ETHOSCOPE_109,9,male,CS,syn_cpd_2,28/12/2021,ZT0,100
11/01/2022,ETHOSCOPE_109,10,male,CS,syn_cpd_2,28/12/2021,ZT0,100
11/01/2022,ETHOSCOPE_109,11,male,CS,syn_cpd_2,28/12/2021,ZT0,100
11/01/2022,ETHOSCOPE_109,12,male,CS,syn_cpd_2,28/12/2021,ZT0,100
11/01/2022,ETHOSCOPE_109,13,male,CS,syn_cpd_2,28/12/2021,ZT0,100
11/01/2022,ETHOSCOPE_109,14,male,CS,syn_cpd_2,28/12/2021,ZT0,100
11/01/2022,ETHOSCOPE_109,15,male,CS,syn_cpd_2,28/12/2021,ZT0,100
11/01/2022,ETHOSCOPE_109,16,male,CS,syn_cpd_2,28/12/2021,ZT0,100
11/01/2022,ETHOSCOPE_109,17,male,CS,syn_cpd_2,28/12/2021,ZT0,100
11/01/2022,ETHOSCOPE_109,18,male,CS,syn_cpd_2,28/12/2021,ZT0,100
11/01/2022,ETHOSCOPE_109,19,male,CS,syn_cpd_2,28/12/2021,ZT0,100
11/01/2022,ETHOSCOPE_109,20,male,CS,syn_cpd_2,28/12/2021,ZT0,100
11/01/2022,ETHOSCOPE_109,21,male,CS,syn_cpd_2,28/12/2021,ZT0,100
11/01/2022,ETHOSCOPE_109,22,male,CS,syn_cpd_2,28/12/2021,ZT0,100
11/01/2022,ETHOSCOPE_109,23,male,CS,syn_cpd_2,28/12/2021,ZT0,100
11/01/2022,ETHOSCOPE_109,24,male,CS,syn_cpd_2,28/12/2021,ZT0,100
16/01/2022,ETHOSCOPE_151,1,male,CS,syn_cpd_2,30/12/2021,ZT0,100
16/01/2022,ETHOSCOPE_151,2,male,CS,syn_cpd_2,30/12/2021,ZT0,100
16/01/2022,ETHOSCOPE_151,3,male,CS,syn_cpd_2,30/12/2021,ZT0,100
16/01/2022,ETHOSCOPE_151,4,male,CS,syn_cpd_2,30/12/2021,ZT0,100
16/01/2022,ETHOSCOPE_151,5,male,CS,syn_cpd_2,30/12/2021,ZT0,100
16/01/2022,ETHOSCOPE_151,6,male,CS,syn_cpd_2,30/12/2021,ZT0,100
16/01/2022,ETHOSCOPE_151,7,male,CS,syn_cpd_2,30/12/2021,ZT0,100
16/01/2022,ETHOSCOPE_151,8,male,CS,syn_cpd_2,30/12/2021,ZT0,100
16/01/2022,ETHOSCOPE_151,9,male,CS,syn_cpd_2,30/12/2021,ZT0,100
16/01/2022,ETHOSCOPE_151,10,male,CS,syn_cpd_2,30/12/2021,ZT0,100
16/01/2022,ETHOSCOPE_151,11,male,CS,syn_cpd_2,30/12/2021,ZT0,100
16/01/2022,ETHOSCOPE_151,12,male,CS,syn_cpd_2,30/12/2021,ZT0,100
16/01/2022,ETHOSCOPE_151,13,male,CS,syn_cpd_2,30/12/2021,ZT0,100
16/01/2022,ETHOSCOPE_151,14,male,CS,syn_cpd_2,30/12/2021,ZT0,100
16/01/2022,ETHOSCOPE_151,15,male,CS,syn_cpd_2,30/12/2021,ZT0,100
16/01/2022,ETHOSCOPE_151,16,male,CS,syn_cpd_2,30/12/2021,ZT0,100
16/01/2022,ETHOSCOPE_151,17,male,CS,syn_cpd_2,30/12/2021,ZT0,100
16/01/2022,ETHOSCOPE_151,18,male,CS,syn_cpd_2,30/12/2021,ZT0,100
16/01/2022,ETHOSCOPE_151,19,male,CS,syn_cpd_2,30/12/2021,ZT0,100
16/01/2022,ETHOSCOPE_151,20,male,CS,syn_cpd_2,30/12/2021,ZT0,100
16/01/2022,ETHOSCOPE_151,21,male,CS,syn_cpd_2,30/12/2021,ZT0,100
16/01/2022,ETHOSCOPE_151,22,male,CS,syn_cpd_2,30/12/2021,ZT0,100
16/01/2022,ETHOSCOPE_151,23,male,CS,syn_cpd_2,30/12/2021,ZT0,100
16/01/2022,ETHOSCOPE_151,24,male,CS,syn_cpd_2,30/12/2021,ZT0,100
24/12/2021,ETHOSCOPE_259,1,male,CS,quinuclidine_hydrochloride,10/12/2021,ZT0,100
24/12/2021,ETHOSCOPE_259,2,male,CS,quinuclidine_hydrochloride,10/12/2021,ZT0,100
24/12/2021,ETHOSCOPE_259,3,male,CS,quinuclidine_hydrochloride,10/12/2021,ZT0,100
24/12/2021,ETHOSCOPE_259,4,male,CS,quinuclidine_hydrochloride,10/12/2021,ZT0,100
24/12/2021,ETHOSCOPE_259,5,male,CS,quinuclidine_hydrochloride,10/12/2021,ZT0,100
24/12/2021,ETHOSCOPE_259,6,male,CS,quinuclidine_hydrochloride,10/12/2021,ZT0,100
24/12/2021,ETHOSCOPE_259,7,male,CS,quinuclidine_hydrochloride,10/12/2021,ZT0,100
24/12/2021,ETHOSCOPE_259,8,male,CS,quinuclidine_hydrochloride,10/12/2021,ZT0,100
24/12/2021,ETHOSCOPE_259,9,male,CS,quinuclidine_hydrochloride,10/12/2021,ZT0,100
24/12/2021,ETHOSCOPE_259,10,male,CS,quinuclidine_hydrochloride,10/12/2021,ZT0,100
24/12/2021,ETHOSCOPE_259,11,male,CS,quinuclidine_hydrochloride,10/12/2021,ZT0,100
24/12/2021,ETHOSCOPE_259,12,male,CS,quinuclidine_hydrochloride,10/12/2021,ZT0,100
24/12/2021,ETHOSCOPE_259,13,male,CS,quinuclidine_hydrochloride,10/12/2021,ZT0,100
24/12/2021,ETHOSCOPE_259,14,male,CS,quinuclidine_hydrochloride,10/12/2021,ZT0,100
24/12/2021,ETHOSCOPE_259,15,male,CS,quinuclidine_hydrochloride,10/12/2021,ZT0,100
24/12/2021,ETHOSCOPE_259,16,male,CS,quinuclidine_hydrochloride,10/12/2021,ZT0,100
24/12/2021,ETHOSCOPE_259,17,male,CS,quinuclidine_hydrochloride,10/12/2021,ZT0,100
24/12/2021,ETHOSCOPE_259,18,male,CS,quinuclidine_hydrochloride,10/12/2021,ZT0,100
24/12/2021,ETHOSCOPE_259,19,male,CS,quinuclidine_hydrochloride,10/12/2021,ZT0,100
24/12/2021,ETHOSCOPE_259,20,male,CS,quinuclidine_hydrochloride,10/12/2021,ZT0,100
24/12/2021,ETHOSCOPE_259,21,male,CS,quinuclidine_hydrochloride,10/12/2021,ZT0,100
24/12/2021,ETHOSCOPE_259,22,male,CS,quinuclidine_hydrochloride,10/12/2021,ZT0,100
24/12/2021,ETHOSCOPE_259,23,male,CS,quinuclidine_hydrochloride,10/12/2021,ZT0,100
24/12/2021,ETHOSCOPE_259,24,male,CS,quinuclidine_hydrochloride,10/12/2021,ZT0,100
07/01/2022,ETHOSCOPE_254,1,male,CS,quinuclidine_hydrochloride,28/12/2021,ZT0,100
07/01/2022,ETHOSCOPE_254,2,male,CS,quinuclidine_hydrochloride,28/12/2021,ZT0,100
07/01/2022,ETHOSCOPE_254,3,male,CS,quinuclidine_hydrochloride,28/12/2021,ZT0,100
07/01/2022,ETHOSCOPE_254,4,male,CS,quinuclidine_hydrochloride,28/12/2021,ZT0,100
07/01/2022,ETHOSCOPE_254,5,male,CS,quinuclidine_hydrochloride,28/12/2021,ZT0,100
07/01/2022,ETHOSCOPE_254,6,male,CS,quinuclidine_hydrochloride,28/12/2021,ZT0,100
07/01/2022,ETHOSCOPE_254,7,male,CS,quinuclidine_hydrochloride,28/12/2021,ZT0,100
07/01/2022,ETHOSCOPE_254,8,male,CS,quinuclidine_hydrochloride,28/12/2021,ZT0,100
07/01/2022,ETHOSCOPE_254,9,male,CS,quinuclidine_hydrochloride,28/12/2021,ZT0,100
07/01/2022,ETHOSCOPE_254,10,male,CS,quinuclidine_hydrochloride,28/12/2021,ZT0,100
07/01/2022,ETHOSCOPE_254,11,male,CS,quinuclidine_hydrochloride,28/12/2021,ZT0,100
07/01/2022,ETHOSCOPE_254,12,male,CS,quinuclidine_hydrochloride,28/12/2021,ZT0,100
07/01/2022,ETHOSCOPE_254,13,male,CS,quinuclidine_hydrochloride,28/12/2021,ZT0,100
07/01/2022,ETHOSCOPE_254,14,male,CS,quinuclidine_hydrochloride,28/12/2021,ZT0,100
07/01/2022,ETHOSCOPE_254,15,male,CS,quinuclidine_hydrochloride,28/12/2021,ZT0,100
07/01/2022,ETHOSCOPE_254,16,male,CS,quinuclidine_hydrochloride,28/12/2021,ZT0,100
07/01/2022,ETHOSCOPE_254,17,male,CS,quinuclidine_hydrochloride,28/12/2021,ZT0,100
07/01/2022,ETHOSCOPE_254,18,male,CS,quinuclidine_hydrochloride,28/12/2021,ZT0,100
07/01/2022,ETHOSCOPE_254,19,male,CS,quinuclidine_hydrochloride,28/12/2021,ZT0,100
07/01/2022,ETHOSCOPE_254,20,male,CS,quinuclidine_hydrochloride,28/12/2021,ZT0,100
07/01/2022,ETHOSCOPE_254,21,male,CS,quinuclidine_hydrochloride,28/12/2021,ZT0,100
07/01/2022,ETHOSCOPE_254,22,male,CS,quinuclidine_hydrochloride,28/12/2021,ZT0,100
07/01/2022,ETHOSCOPE_254,23,male,CS,quinuclidine_hydrochloride,28/12/2021,ZT0,100
07/01/2022,ETHOSCOPE_254,24,male,CS,quinuclidine_hydrochloride,28/12/2021,ZT0,100
16/01/2022,ETHOSCOPE_108,1,male,CS,quinuclidine_hydrochloride,30/12/2021,ZT0,100
16/01/2022,ETHOSCOPE_108,2,male,CS,quinuclidine_hydrochloride,30/12/2021,ZT0,100
16/01/2022,ETHOSCOPE_108,3,male,CS,quinuclidine_hydrochloride,30/12/2021,ZT0,100
16/01/2022,ETHOSCOPE_108,4,male,CS,quinuclidine_hydrochloride,30/12/2021,ZT0,100
16/01/2022,ETHOSCOPE_108,5,male,CS,quinuclidine_hydrochloride,30/12/2021,ZT0,100
16/01/2022,ETHOSCOPE_108,6,male,CS,quinuclidine_hydrochloride,30/12/2021,ZT0,100
16/01/2022,ETHOSCOPE_108,7,male,CS,quinuclidine_hydrochloride,30/12/2021,ZT0,100
16/01/2022,ETHOSCOPE_108,8,male,CS,quinuclidine_hydrochloride,30/12/2021,ZT0,100
16/01/2022,ETHOSCOPE_108,9,male,CS,quinuclidine_hydrochloride,30/12/2021,ZT0,100
16/01/2022,ETHOSCOPE_108,10,male,CS,quinuclidine_hydrochloride,30/12/2021,ZT0,100
16/01/2022,ETHOSCOPE_108,11,male,CS,quinuclidine_hydrochloride,30/12/2021,ZT0,100
16/01/2022,ETHOSCOPE_108,12,male,CS,quinuclidine_hydrochloride,30/12/2021,ZT0,100
16/01/2022,ETHOSCOPE_108,13,male,CS,quinuclidine_hydrochloride,30/12/2021,ZT0,100
16/01/2022,ETHOSCOPE_108,14,male,CS,quinuclidine_hydrochloride,30/12/2021,ZT0,100
16/01/2022,ETHOSCOPE_108,15,male,CS,quinuclidine_hydrochloride,30/12/2021,ZT0,100
16/01/2022,ETHOSCOPE_108,16,male,CS,quinuclidine_hydrochloride,30/12/2021,ZT0,100
16/01/2022,ETHOSCOPE_108,17,male,CS,quinuclidine_hydrochloride,30/12/2021,ZT0,100
16/01/2022,ETHOSCOPE_108,18,male,CS,quinuclidine_hydrochloride,30/12/2021,ZT0,100
16/01/2022,ETHOSCOPE_108,19,male,CS,quinuclidine_hydrochloride,30/12/2021,ZT0,100
16/01/2022,ETHOSCOPE_108,20,male,CS,quinuclidine_hydrochloride,30/12/2021,ZT0,100
16/01/2022,ETHOSCOPE_108,21,male,CS,quinuclidine_hydrochloride,30/12/2021,ZT0,100
16/01/2022,ETHOSCOPE_108,22,male,CS,quinuclidine_hydrochloride,30/12/2021,ZT0,100
16/01/2022,ETHOSCOPE_108,23,male,CS,quinuclidine_hydrochloride,30/12/2021,ZT0,100
16/01/2022,ETHOSCOPE_108,24,male,CS,quinuclidine_hydrochloride,30/12/2021,ZT0,100
28/01/2022,ETHOSCOPE_108,1,male,CS,indoxacarb,2022-01-17_2022-01-15,ZT0,100
28/01/2022,ETHOSCOPE_108,2,male,CS,indoxacarb,2022-01-17_2022-01-15,ZT0,100
28/01/2022,ETHOSCOPE_108,3,male,CS,indoxacarb,2022-01-17_2022-01-15,ZT0,100
28/01/2022,ETHOSCOPE_108,4,male,CS,indoxacarb,2022-01-17_2022-01-15,ZT0,100
28/01/2022,ETHOSCOPE_108,5,male,CS,indoxacarb,2022-01-17_2022-01-15,ZT0,100
28/01/2022,ETHOSCOPE_108,6,male,CS,indoxacarb,2022-01-17_2022-01-15,ZT0,100
28/01/2022,ETHOSCOPE_108,7,male,CS,indoxacarb,2022-01-17_2022-01-15,ZT0,100
28/01/2022,ETHOSCOPE_108,8,male,CS,indoxacarb,2022-01-17_2022-01-15,ZT0,100
28/01/2022,ETHOSCOPE_108,9,male,CS,indoxacarb,2022-01-17_2022-01-15,ZT0,100
28/01/2022,ETHOSCOPE_108,10,male,CS,indoxacarb,2022-01-17_2022-01-15,ZT0,100
28/01/2022,ETHOSCOPE_108,11,male,CS,indoxacarb,2022-01-17_2022-01-15,ZT0,100
28/01/2022,ETHOSCOPE_108,12,male,CS,indoxacarb,2022-01-17_2022-01-15,ZT0,100
28/01/2022,ETHOSCOPE_108,13,male,CS,indoxacarb,2022-01-17_2022-01-15,ZT0,100
28/01/2022,ETHOSCOPE_108,14,male,CS,indoxacarb,2022-01-17_2022-01-15,ZT0,100
28/01/2022,ETHOSCOPE_108,15,male,CS,indoxacarb,2022-01-17_2022-01-15,ZT0,100
28/01/2022,ETHOSCOPE_108,16,male,CS,indoxacarb,2022-01-17_2022-01-15,ZT0,100
28/01/2022,ETHOSCOPE_108,17,male,CS,indoxacarb,2022-01-17_2022-01-15,ZT0,100
28/01/2022,ETHOSCOPE_108,18,male,CS,indoxacarb,2022-01-17_2022-01-15,ZT0,100
28/01/2022,ETHOSCOPE_108,19,male,CS,indoxacarb,2022-01-17_2022-01-15,ZT0,100
28/01/2022,ETHOSCOPE_108,20,male,CS,indoxacarb,2022-01-17_2022-01-15,ZT0,100
28/01/2022,ETHOSCOPE_108,21,male,CS,indoxacarb,2022-01-17_2022-01-15,ZT0,100
28/01/2022,ETHOSCOPE_108,22,male,CS,indoxacarb,2022-01-17_2022-01-15,ZT0,100
28/01/2022,ETHOSCOPE_108,23,male,CS,indoxacarb,2022-01-17_2022-01-15,ZT0,100
28/01/2022,ETHOSCOPE_108,24,male,CS,indoxacarb,2022-01-17_2022-01-15,ZT0,100
31/01/2022,ETHOSCOPE_141,1,male,CS,indoxacarb,17/01/2022,ZT0,100
31/01/2022,ETHOSCOPE_141,2,male,CS,indoxacarb,17/01/2022,ZT0,100
31/01/2022,ETHOSCOPE_141,3,male,CS,indoxacarb,17/01/2022,ZT0,100
31/01/2022,ETHOSCOPE_141,4,male,CS,indoxacarb,17/01/2022,ZT0,100
31/01/2022,ETHOSCOPE_141,5,male,CS,indoxacarb,17/01/2022,ZT0,100
31/01/2022,ETHOSCOPE_141,6,male,CS,indoxacarb,17/01/2022,ZT0,100
31/01/2022,ETHOSCOPE_141,7,male,CS,indoxacarb,17/01/2022,ZT0,100
31/01/2022,ETHOSCOPE_141,8,male,CS,indoxacarb,17/01/2022,ZT0,100
31/01/2022,ETHOSCOPE_141,9,male,CS,indoxacarb,17/01/2022,ZT0,100
31/01/2022,ETHOSCOPE_141,10,male,CS,indoxacarb,17/01/2022,ZT0,100
31/01/2022,ETHOSCOPE_141,11,male,CS,indoxacarb,17/01/2022,ZT0,100
31/01/2022,ETHOSCOPE_141,12,male,CS,indoxacarb,17/01/2022,ZT0,100
31/01/2022,ETHOSCOPE_141,13,male,CS,indoxacarb,17/01/2022,ZT0,100
31/01/2022,ETHOSCOPE_141,14,male,CS,indoxacarb,17/01/2022,ZT0,100
31/01/2022,ETHOSCOPE_141,15,male,CS,indoxacarb,17/01/2022,ZT0,100
31/01/2022,ETHOSCOPE_141,16,male,CS,indoxacarb,17/01/2022,ZT0,100
31/01/2022,ETHOSCOPE_141,17,male,CS,indoxacarb,17/01/2022,ZT0,100
31/01/2022,ETHOSCOPE_141,18,male,CS,indoxacarb,17/01/2022,ZT0,100
31/01/2022,ETHOSCOPE_141,19,male,CS,indoxacarb,17/01/2022,ZT0,100
31/01/2022,ETHOSCOPE_141,20,male,CS,indoxacarb,17/01/2022,ZT0,100
31/01/2022,ETHOSCOPE_141,21,male,CS,indoxacarb,17/01/2022,ZT0,100
31/01/2022,ETHOSCOPE_141,22,male,CS,indoxacarb,17/01/2022,ZT0,100
31/01/2022,ETHOSCOPE_141,23,male,CS,indoxacarb,17/01/2022,ZT0,100
31/01/2022,ETHOSCOPE_141,24,male,CS,indoxacarb,17/01/2022,ZT0,100
15/02/2022,ETHOSCOPE_141,1,male,CS,fluazinam,01/02/2022,ZT0,100
15/02/2022,ETHOSCOPE_141,2,male,CS,fluazinam,01/02/2022,ZT0,100
15/02/2022,ETHOSCOPE_141,3,male,CS,fluazinam,01/02/2022,ZT0,100
15/02/2022,ETHOSCOPE_141,4,male,CS,fluazinam,01/02/2022,ZT0,100
15/02/2022,ETHOSCOPE_141,5,male,CS,fluazinam,01/02/2022,ZT0,100
15/02/2022,ETHOSCOPE_141,6,male,CS,fluazinam,01/02/2022,ZT0,100
15/02/2022,ETHOSCOPE_141,7,male,CS,fluazinam,01/02/2022,ZT0,100
15/02/2022,ETHOSCOPE_141,8,male,CS,fluazinam,01/02/2022,ZT0,100
15/02/2022,ETHOSCOPE_141,9,male,CS,fluazinam,01/02/2022,ZT0,100
15/02/2022,ETHOSCOPE_141,10,male,CS,fluazinam,01/02/2022,ZT0,100
15/02/2022,ETHOSCOPE_141,11,male,CS,fluazinam,01/02/2022,ZT0,100
15/02/2022,ETHOSCOPE_141,12,male,CS,fluazinam,01/02/2022,ZT0,100
15/02/2022,ETHOSCOPE_141,13,male,CS,fluazinam,01/02/2022,ZT0,100
15/02/2022,ETHOSCOPE_141,14,male,CS,fluazinam,01/02/2022,ZT0,100
15/02/2022,ETHOSCOPE_141,15,male,CS,fluazinam,01/02/2022,ZT0,100
15/02/2022,ETHOSCOPE_141,16,male,CS,fluazinam,01/02/2022,ZT0,100
15/02/2022,ETHOSCOPE_141,17,male,CS,fluazinam,01/02/2022,ZT0,100
15/02/2022,ETHOSCOPE_141,18,male,CS,fluazinam,01/02/2022,ZT0,100
15/02/2022,ETHOSCOPE_141,19,male,CS,fluazinam,01/02/2022,ZT0,100
15/02/2022,ETHOSCOPE_141,20,male,CS,fluazinam,01/02/2022,ZT0,100
15/02/2022,ETHOSCOPE_141,21,male,CS,fluazinam,01/02/2022,ZT0,100
15/02/2022,ETHOSCOPE_141,22,male,CS,fluazinam,01/02/2022,ZT0,100
15/02/2022,ETHOSCOPE_141,23,male,CS,fluazinam,01/02/2022,ZT0,100
15/02/2022,ETHOSCOPE_141,24,male,CS,fluazinam,01/02/2022,ZT0,100
23/02/2022,ETHOSCOPE_240,1,male,CS,fluazinam,12/02/2022,ZT0,100
23/02/2022,ETHOSCOPE_240,2,male,CS,fluazinam,12/02/2022,ZT0,100
23/02/2022,ETHOSCOPE_240,3,male,CS,fluazinam,12/02/2022,ZT0,100
23/02/2022,ETHOSCOPE_240,4,male,CS,fluazinam,12/02/2022,ZT0,100
23/02/2022,ETHOSCOPE_240,5,male,CS,fluazinam,12/02/2022,ZT0,100
23/02/2022,ETHOSCOPE_240,6,male,CS,fluazinam,12/02/2022,ZT0,100
23/02/2022,ETHOSCOPE_240,7,male,CS,fluazinam,12/02/2022,ZT0,100
23/02/2022,ETHOSCOPE_240,8,male,CS,fluazinam,12/02/2022,ZT0,100
23/02/2022,ETHOSCOPE_240,9,male,CS,fluazinam,12/02/2022,ZT0,100
23/02/2022,ETHOSCOPE_240,10,male,CS,fluazinam,12/02/2022,ZT0,100
23/02/2022,ETHOSCOPE_240,11,male,CS,fluazinam,12/02/2022,ZT0,100
23/02/2022,ETHOSCOPE_240,12,male,CS,fluazinam,12/02/2022,ZT0,100
23/02/2022,ETHOSCOPE_240,13,male,CS,fluazinam,12/02/2022,ZT0,100
23/02/2022,ETHOSCOPE_240,14,male,CS,fluazinam,12/02/2022,ZT0,100
23/02/2022,ETHOSCOPE_240,15,male,CS,fluazinam,12/02/2022,ZT0,100
23/02/2022,ETHOSCOPE_240,16,male,CS,fluazinam,12/02/2022,ZT0,100
23/02/2022,ETHOSCOPE_240,17,male,CS,fluazinam,12/02/2022,ZT0,100
23/02/2022,ETHOSCOPE_240,18,male,CS,fluazinam,12/02/2022,ZT0,100
23/02/2022,ETHOSCOPE_240,19,male,CS,fluazinam,12/02/2022,ZT0,100
23/02/2022,ETHOSCOPE_240,20,male,CS,fluazinam,12/02/2022,ZT0,100
23/02/2022,ETHOSCOPE_240,21,male,CS,fluazinam,12/02/2022,ZT0,100
23/02/2022,ETHOSCOPE_240,22,male,CS,fluazinam,12/02/2022,ZT0,100
23/02/2022,ETHOSCOPE_240,23,male,CS,fluazinam,12/02/2022,ZT0,100
23/02/2022,ETHOSCOPE_240,24,male,CS,fluazinam,12/02/2022,ZT0,100
24/12/2022,ETHOSCOPE_143,1,male,CS,syn_cpd_5,10/12/2021,ZT0,100
24/12/2022,ETHOSCOPE_143,2,male,CS,syn_cpd_5,10/12/2021,ZT0,100
24/12/2022,ETHOSCOPE_143,3,male,CS,syn_cpd_5,10/12/2021,ZT0,100
24/12/2022,ETHOSCOPE_143,4,male,CS,syn_cpd_5,10/12/2021,ZT0,100
24/12/2022,ETHOSCOPE_143,5,male,CS,syn_cpd_5,10/12/2021,ZT0,100
24/12/2022,ETHOSCOPE_143,6,male,CS,syn_cpd_5,10/12/2021,ZT0,100
24/12/2022,ETHOSCOPE_143,7,male,CS,syn_cpd_5,10/12/2021,ZT0,100
24/12/2022,ETHOSCOPE_143,8,male,CS,syn_cpd_5,10/12/2021,ZT0,100
24/12/2022,ETHOSCOPE_143,9,male,CS,syn_cpd_5,10/12/2021,ZT0,100
24/12/2022,ETHOSCOPE_143,10,male,CS,syn_cpd_5,10/12/2021,ZT0,100
24/12/2022,ETHOSCOPE_143,11,male,CS,syn_cpd_5,10/12/2021,ZT0,100
24/12/2022,ETHOSCOPE_143,12,male,CS,syn_cpd_5,10/12/2021,ZT0,100
24/12/2022,ETHOSCOPE_143,13,male,CS,syn_cpd_5,10/12/2021,ZT0,100
24/12/2022,ETHOSCOPE_143,14,male,CS,syn_cpd_5,10/12/2021,ZT0,100
24/12/2022,ETHOSCOPE_143,15,male,CS,syn_cpd_5,10/12/2021,ZT0,100
24/12/2022,ETHOSCOPE_143,16,male,CS,syn_cpd_5,10/12/2021,ZT0,100
24/12/2022,ETHOSCOPE_143,17,male,CS,syn_cpd_5,10/12/2021,ZT0,100
24/12/2022,ETHOSCOPE_143,18,male,CS,syn_cpd_5,10/12/2021,ZT0,100
24/12/2022,ETHOSCOPE_143,19,male,CS,syn_cpd_5,10/12/2021,ZT0,100
24/12/2022,ETHOSCOPE_143,20,male,CS,syn_cpd_5,10/12/2021,ZT0,100
24/12/2022,ETHOSCOPE_143,21,male,CS,syn_cpd_5,10/12/2021,ZT0,100
24/12/2022,ETHOSCOPE_143,22,male,CS,syn_cpd_5,10/12/2021,ZT0,100
24/12/2022,ETHOSCOPE_143,23,male,CS,syn_cpd_5,10/12/2021,ZT0,100
24/12/2022,ETHOSCOPE_240,24,male,CS,syn_cpd_5,10/12/2021,ZT0,100
11/01/2022,ETHOSCOPE_240,1,male,CS,syn_cpd_5,28/12/2021,ZT0,100
11/01/2022,ETHOSCOPE_240,2,male,CS,syn_cpd_5,28/12/2021,ZT0,100
11/01/2022,ETHOSCOPE_240,3,male,CS,syn_cpd_5,28/12/2021,ZT0,100
11/01/2022,ETHOSCOPE_240,4,male,CS,syn_cpd_5,28/12/2021,ZT0,100
11/01/2022,ETHOSCOPE_240,5,male,CS,syn_cpd_5,28/12/2021,ZT0,100
11/01/2022,ETHOSCOPE_240,6,male,CS,syn_cpd_5,28/12/2021,ZT0,100
11/01/2022,ETHOSCOPE_240,7,male,CS,syn_cpd_5,28/12/2021,ZT0,100
11/01/2022,ETHOSCOPE_240,8,male,CS,syn_cpd_5,28/12/2021,ZT0,100
11/01/2022,ETHOSCOPE_240,9,male,CS,syn_cpd_5,28/12/2021,ZT0,100
11/01/2022,ETHOSCOPE_240,10,male,CS,syn_cpd_5,28/12/2021,ZT0,100
11/01/2022,ETHOSCOPE_240,11,male,CS,syn_cpd_5,28/12/2021,ZT0,100
11/01/2022,ETHOSCOPE_240,12,male,CS,syn_cpd_5,28/12/2021,ZT0,100
11/01/2022,ETHOSCOPE_240,13,male,CS,syn_cpd_5,28/12/2021,ZT0,100
11/01/2022,ETHOSCOPE_240,14,male,CS,syn_cpd_5,28/12/2021,ZT0,100
11/01/2022,ETHOSCOPE_240,15,male,CS,syn_cpd_5,28/12/2021,ZT0,100
11/01/2022,ETHOSCOPE_240,16,male,CS,syn_cpd_5,28/12/2021,ZT0,100
11/01/2022,ETHOSCOPE_240,17,male,CS,syn_cpd_5,28/12/2021,ZT0,100
11/01/2022,ETHOSCOPE_240,18,male,CS,syn_cpd_5,28/12/2021,ZT0,100
11/01/2022,ETHOSCOPE_240,19,male,CS,syn_cpd_5,28/12/2021,ZT0,100
11/01/2022,ETHOSCOPE_240,20,male,CS,syn_cpd_5,28/12/2021,ZT0,100
11/01/2022,ETHOSCOPE_240,21,male,CS,syn_cpd_5,28/12/2021,ZT0,100
11/01/2022,ETHOSCOPE_240,22,male,CS,syn_cpd_5,28/12/2021,ZT0,100
11/01/2022,ETHOSCOPE_240,23,male,CS,syn_cpd_5,28/12/2021,ZT0,100
11/01/2022,ETHOSCOPE_240,24,male,CS,syn_cpd_5,28/12/2021,ZT0,100
31/01/2022,ETHOSCOPE_108,1,male,CS,syn_cpd_5,17/01/2022,ZT0,100
31/01/2022,ETHOSCOPE_108,2,male,CS,syn_cpd_5,17/01/2022,ZT0,100
31/01/2022,ETHOSCOPE_108,3,male,CS,syn_cpd_5,17/01/2022,ZT0,100
31/01/2022,ETHOSCOPE_108,4,male,CS,syn_cpd_5,17/01/2022,ZT0,100
31/01/2022,ETHOSCOPE_108,5,male,CS,syn_cpd_5,17/01/2022,ZT0,100
31/01/2022,ETHOSCOPE_108,6,male,CS,syn_cpd_5,17/01/2022,ZT0,100
31/01/2022,ETHOSCOPE_108,7,male,CS,syn_cpd_5,17/01/2022,ZT0,100
31/01/2022,ETHOSCOPE_108,8,male,CS,syn_cpd_5,17/01/2022,ZT0,100
31/01/2022,ETHOSCOPE_108,9,male,CS,syn_cpd_5,17/01/2022,ZT0,100
31/01/2022,ETHOSCOPE_108,10,male,CS,syn_cpd_5,17/01/2022,ZT0,100
31/01/2022,ETHOSCOPE_108,11,male,CS,syn_cpd_5,17/01/2022,ZT0,100
31/01/2022,ETHOSCOPE_108,12,male,CS,syn_cpd_5,17/01/2022,ZT0,100
31/01/2022,ETHOSCOPE_108,13,male,CS,syn_cpd_5,17/01/2022,ZT0,100
31/01/2022,ETHOSCOPE_108,14,male,CS,syn_cpd_5,17/01/2022,ZT0,100
31/01/2022,ETHOSCOPE_108,15,male,CS,syn_cpd_5,17/01/2022,ZT0,100
31/01/2022,ETHOSCOPE_108,16,male,CS,syn_cpd_5,17/01/2022,ZT0,100
31/01/2022,ETHOSCOPE_108,17,male,CS,syn_cpd_5,17/01/2022,ZT0,100
31/01/2022,ETHOSCOPE_108,18,male,CS,syn_cpd_5,17/01/2022,ZT0,100
31/01/2022,ETHOSCOPE_108,19,male,CS,syn_cpd_5,17/01/2022,ZT0,100
31/01/2022,ETHOSCOPE_108,20,male,CS,syn_cpd_5,17/01/2022,ZT0,100
31/01/2022,ETHOSCOPE_108,21,male,CS,syn_cpd_5,17/01/2022,ZT0,100
31/01/2022,ETHOSCOPE_108,22,male,CS,syn_cpd_5,17/01/2022,ZT0,100
31/01/2022,ETHOSCOPE_108,23,male,CS,syn_cpd_5,17/01/2022,ZT0,100
31/01/2022,ETHOSCOPE_108,24,male,CS,syn_cpd_5,17/01/2022,ZT0,100
24/12/2021,ETHOSCOPE_125,1,male,CS,syn_cpd_7,10/12/2021,ZT0,100
24/12/2021,ETHOSCOPE_125,2,male,CS,syn_cpd_7,10/12/2021,ZT0,100
24/12/2021,ETHOSCOPE_125,3,male,CS,syn_cpd_7,10/12/2021,ZT0,100
24/12/2021,ETHOSCOPE_125,4,male,CS,syn_cpd_7,10/12/2021,ZT0,100
24/12/2021,ETHOSCOPE_125,5,male,CS,syn_cpd_7,10/12/2021,ZT0,100
24/12/2021,ETHOSCOPE_125,6,male,CS,syn_cpd_7,10/12/2021,ZT0,100
24/12/2021,ETHOSCOPE_125,7,male,CS,syn_cpd_7,10/12/2021,ZT0,100
24/12/2021,ETHOSCOPE_125,8,male,CS,syn_cpd_7,10/12/2021,ZT0,100
24/12/2021,ETHOSCOPE_125,9,male,CS,syn_cpd_7,10/12/2021,ZT0,100
24/12/2021,ETHOSCOPE_125,10,male,CS,syn_cpd_7,10/12/2021,ZT0,100
24/12/2021,ETHOSCOPE_125,11,male,CS,syn_cpd_7,10/12/2021,ZT0,100
24/12/2021,ETHOSCOPE_125,12,male,CS,syn_cpd_7,10/12/2021,ZT0,100
24/12/2021,ETHOSCOPE_125,13,male,CS,syn_cpd_7,10/12/2021,ZT0,100
24/12/2021,ETHOSCOPE_125,14,male,CS,syn_cpd_7,10/12/2021,ZT0,100
24/12/2021,ETHOSCOPE_125,15,male,CS,syn_cpd_7,10/12/2021,ZT0,100
24/12/2021,ETHOSCOPE_125,16,male,CS,syn_cpd_7,10/12/2021,ZT0,100
24/12/2021,ETHOSCOPE_125,17,male,CS,syn_cpd_7,10/12/2021,ZT0,100
24/12/2021,ETHOSCOPE_125,18,male,CS,syn_cpd_7,10/12/2021,ZT0,100
24/12/2021,ETHOSCOPE_125,19,male,CS,syn_cpd_7,10/12/2021,ZT0,100
24/12/2021,ETHOSCOPE_125,20,male,CS,syn_cpd_7,10/12/2021,ZT0,100
24/12/2021,ETHOSCOPE_125,21,male,CS,syn_cpd_7,10/12/2021,ZT0,100
24/12/2021,ETHOSCOPE_125,22,male,CS,syn_cpd_7,10/12/2021,ZT0,100
24/12/2021,ETHOSCOPE_125,23,male,CS,syn_cpd_7,10/12/2021,ZT0,100
24/12/2021,ETHOSCOPE_125,24,male,CS,syn_cpd_7,10/12/2021,ZT0,100
07/01/2022,ETHOSCOPE_139,1,male,CS,syn_cpd_7,28/12/2021,ZT0,100
07/01/2022,ETHOSCOPE_139,2,male,CS,syn_cpd_7,28/12/2021,ZT0,100
07/01/2022,ETHOSCOPE_139,3,male,CS,syn_cpd_7,28/12/2021,ZT0,100
07/01/2022,ETHOSCOPE_139,4,male,CS,syn_cpd_7,28/12/2021,ZT0,100
07/01/2022,ETHOSCOPE_139,5,male,CS,syn_cpd_7,28/12/2021,ZT0,100
07/01/2022,ETHOSCOPE_139,6,male,CS,syn_cpd_7,28/12/2021,ZT0,100
07/01/2022,ETHOSCOPE_139,7,male,CS,syn_cpd_7,28/12/2021,ZT0,100
07/01/2022,ETHOSCOPE_139,8,male,CS,syn_cpd_7,28/12/2021,ZT0,100
07/01/2022,ETHOSCOPE_139,9,male,CS,syn_cpd_7,28/12/2021,ZT0,100
07/01/2022,ETHOSCOPE_139,10,male,CS,syn_cpd_7,28/12/2021,ZT0,100
07/01/2022,ETHOSCOPE_139,11,male,CS,syn_cpd_7,28/12/2021,ZT0,100
07/01/2022,ETHOSCOPE_139,12,male,CS,syn_cpd_7,28/12/2021,ZT0,100
07/01/2022,ETHOSCOPE_139,13,male,CS,syn_cpd_7,28/12/2021,ZT0,100
07/01/2022,ETHOSCOPE_139,14,male,CS,syn_cpd_7,28/12/2021,ZT0,100
07/01/2022,ETHOSCOPE_139,15,male,CS,syn_cpd_7,28/12/2021,ZT0,100
07/01/2022,ETHOSCOPE_139,16,male,CS,syn_cpd_7,28/12/2021,ZT0,100
07/01/2022,ETHOSCOPE_139,17,male,CS,syn_cpd_7,28/12/2021,ZT0,100
07/01/2022,ETHOSCOPE_139,18,male,CS,syn_cpd_7,28/12/2021,ZT0,100
07/01/2022,ETHOSCOPE_139,19,male,CS,syn_cpd_7,28/12/2021,ZT0,100
07/01/2022,ETHOSCOPE_139,20,male,CS,syn_cpd_7,28/12/2021,ZT0,100
07/01/2022,ETHOSCOPE_139,21,male,CS,syn_cpd_7,28/12/2021,ZT0,100
07/01/2022,ETHOSCOPE_139,22,male,CS,syn_cpd_7,28/12/2021,ZT0,100
07/01/2022,ETHOSCOPE_139,23,male,CS,syn_cpd_7,28/12/2021,ZT0,100
07/01/2022,ETHOSCOPE_139,24,male,CS,syn_cpd_7,28/12/2021,ZT0,100
24/12/2021,ETHOSCOPE_148,1,male,CS,methoprene,10/12/2021,ZT0,100
24/12/2021,ETHOSCOPE_148,2,male,CS,methoprene,10/12/2021,ZT0,100
24/12/2021,ETHOSCOPE_148,3,male,CS,methoprene,10/12/2021,ZT0,100
24/12/2021,ETHOSCOPE_148,4,male,CS,methoprene,10/12/2021,ZT0,100
24/12/2021,ETHOSCOPE_148,5,male,CS,methoprene,10/12/2021,ZT0,100
24/12/2021,ETHOSCOPE_148,6,male,CS,methoprene,10/12/2021,ZT0,100
24/12/2021,ETHOSCOPE_148,7,male,CS,methoprene,10/12/2021,ZT0,100
24/12/2021,ETHOSCOPE_148,8,male,CS,methoprene,10/12/2021,ZT0,100
24/12/2021,ETHOSCOPE_148,9,male,CS,methoprene,10/12/2021,ZT0,100
24/12/2021,ETHOSCOPE_148,10,male,CS,methoprene,10/12/2021,ZT0,100
24/12/2021,ETHOSCOPE_148,11,male,CS,methoprene,10/12/2021,ZT0,100
24/12/2021,ETHOSCOPE_148,12,male,CS,methoprene,10/12/2021,ZT0,100
24/12/2021,ETHOSCOPE_148,13,male,CS,methoprene,10/12/2021,ZT0,100
24/12/2021,ETHOSCOPE_148,14,male,CS,methoprene,10/12/2021,ZT0,100
24/12/2021,ETHOSCOPE_148,15,male,CS,methoprene,10/12/2021,ZT0,100
24/12/2021,ETHOSCOPE_148,16,male,CS,methoprene,10/12/2021,ZT0,100
24/12/2021,ETHOSCOPE_148,17,male,CS,methoprene,10/12/2021,ZT0,100
24/12/2021,ETHOSCOPE_148,18,male,CS,methoprene,10/12/2021,ZT0,100
24/12/2021,ETHOSCOPE_148,19,male,CS,methoprene,10/12/2021,ZT0,100
24/12/2021,ETHOSCOPE_148,20,male,CS,methoprene,10/12/2021,ZT0,100
24/12/2021,ETHOSCOPE_148,21,male,CS,methoprene,10/12/2021,ZT0,100
24/12/2021,ETHOSCOPE_148,22,male,CS,methoprene,10/12/2021,ZT0,100
24/12/2021,ETHOSCOPE_148,23,male,CS,methoprene,10/12/2021,ZT0,100
24/12/2021,ETHOSCOPE_148,24,male,CS,methoprene,10/12/2021,ZT0,100
07/01/2022,ETHOSCOPE_221,1,male,CS,methoprene,28/12/2021,ZT0,100
07/01/2022,ETHOSCOPE_221,2,male,CS,methoprene,28/12/2021,ZT0,100
07/01/2022,ETHOSCOPE_221,3,male,CS,methoprene,28/12/2021,ZT0,100
07/01/2022,ETHOSCOPE_221,4,male,CS,methoprene,28/12/2021,ZT0,100
07/01/2022,ETHOSCOPE_221,5,male,CS,methoprene,28/12/2021,ZT0,100
07/01/2022,ETHOSCOPE_221,6,male,CS,methoprene,28/12/2021,ZT0,100
07/01/2022,ETHOSCOPE_221,7,male,CS,methoprene,28/12/2021,ZT0,100
07/01/2022,ETHOSCOPE_221,8,male,CS,methoprene,28/12/2021,ZT0,100
07/01/2022,ETHOSCOPE_221,9,male,CS,methoprene,28/12/2021,ZT0,100
07/01/2022,ETHOSCOPE_221,10,male,CS,methoprene,28/12/2021,ZT0,100
07/01/2022,ETHOSCOPE_221,11,male,CS,methoprene,28/12/2021,ZT0,100
07/01/2022,ETHOSCOPE_221,12,male,CS,methoprene,28/12/2021,ZT0,100
07/01/2022,ETHOSCOPE_221,13,male,CS,methoprene,28/12/2021,ZT0,100
07/01/2022,ETHOSCOPE_221,14,male,CS,methoprene,28/12/2021,ZT0,100
07/01/2022,ETHOSCOPE_221,15,male,CS,methoprene,28/12/2021,ZT0,100
07/01/2022,ETHOSCOPE_221,16,male,CS,methoprene,28/12/2021,ZT0,100
07/01/2022,ETHOSCOPE_221,17,male,CS,methoprene,28/12/2021,ZT0,100
07/01/2022,ETHOSCOPE_221,18,male,CS,methoprene,28/12/2021,ZT0,100
07/01/2022,ETHOSCOPE_221,19,male,CS,methoprene,28/12/2021,ZT0,100
07/01/2022,ETHOSCOPE_221,20,male,CS,methoprene,28/12/2021,ZT0,100
07/01/2022,ETHOSCOPE_221,21,male,CS,methoprene,28/12/2021,ZT0,100
07/01/2022,ETHOSCOPE_221,22,male,CS,methoprene,28/12/2021,ZT0,100
07/01/2022,ETHOSCOPE_221,23,male,CS,methoprene,28/12/2021,ZT0,100
07/01/2022,ETHOSCOPE_221,24,male,CS,methoprene,28/12/2021,ZT0,100
11/01/2022,ETHOSCOPE_148,1,male,CS,tubulin,28/12/2021,ZT0,100
11/01/2022,ETHOSCOPE_148,2,male,CS,tubulin,28/12/2021,ZT0,100
11/01/2022,ETHOSCOPE_148,3,male,CS,tubulin,28/12/2021,ZT0,100
11/01/2022,ETHOSCOPE_148,4,male,CS,tubulin,28/12/2021,ZT0,100
11/01/2022,ETHOSCOPE_148,5,male,CS,tubulin,28/12/2021,ZT0,100
11/01/2022,ETHOSCOPE_148,6,male,CS,tubulin,28/12/2021,ZT0,100
11/01/2022,ETHOSCOPE_148,7,male,CS,tubulin,28/12/2021,ZT0,100
11/01/2022,ETHOSCOPE_148,8,male,CS,tubulin,28/12/2021,ZT0,100
11/01/2022,ETHOSCOPE_148,9,male,CS,tubulin,28/12/2021,ZT0,100
11/01/2022,ETHOSCOPE_148,10,male,CS,tubulin,28/12/2021,ZT0,100
11/01/2022,ETHOSCOPE_148,11,male,CS,tubulin,28/12/2021,ZT0,100
11/01/2022,ETHOSCOPE_148,12,male,CS,tubulin,28/12/2021,ZT0,100
11/01/2022,ETHOSCOPE_148,13,male,CS,tubulin,28/12/2021,ZT0,100
11/01/2022,ETHOSCOPE_148,14,male,CS,tubulin,28/12/2021,ZT0,100
11/01/2022,ETHOSCOPE_148,15,male,CS,tubulin,28/12/2021,ZT0,100
11/01/2022,ETHOSCOPE_148,16,male,CS,tubulin,28/12/2021,ZT0,100
11/01/2022,ETHOSCOPE_148,17,male,CS,tubulin,28/12/2021,ZT0,100
11/01/2022,ETHOSCOPE_148,18,male,CS,tubulin,28/12/2021,ZT0,100
11/01/2022,ETHOSCOPE_148,19,male,CS,tubulin,28/12/2021,ZT0,100
11/01/2022,ETHOSCOPE_148,20,male,CS,tubulin,28/12/2021,ZT0,100
11/01/2022,ETHOSCOPE_148,21,male,CS,tubulin,28/12/2021,ZT0,100
11/01/2022,ETHOSCOPE_148,22,male,CS,tubulin,28/12/2021,ZT0,100
11/01/2022,ETHOSCOPE_148,23,male,CS,tubulin,28/12/2021,ZT0,100
11/01/2022,ETHOSCOPE_148,24,male,CS,tubulin,28/12/2021,ZT0,100
24/01/2022,ETHOSCOPE_259,1,male,CS,tubulin,2022-01-10_20220113,ZT0,100
24/01/2022,ETHOSCOPE_259,2,male,CS,tubulin,2022-01-10_20220113,ZT0,100
24/01/2022,ETHOSCOPE_259,3,male,CS,tubulin,2022-01-10_20220113,ZT0,100
24/01/2022,ETHOSCOPE_259,4,male,CS,tubulin,2022-01-10_20220113,ZT0,100
24/01/2022,ETHOSCOPE_259,5,male,CS,tubulin,2022-01-10_20220113,ZT0,100
24/01/2022,ETHOSCOPE_259,6,male,CS,tubulin,2022-01-10_20220113,ZT0,100
24/01/2022,ETHOSCOPE_259,7,male,CS,tubulin,2022-01-10_20220113,ZT0,100
24/01/2022,ETHOSCOPE_259,8,male,CS,tubulin,2022-01-10_20220113,ZT0,100
24/01/2022,ETHOSCOPE_259,9,male,CS,tubulin,2022-01-10_20220113,ZT0,100
24/01/2022,ETHOSCOPE_259,10,male,CS,tubulin,2022-01-10_20220113,ZT0,100
24/01/2022,ETHOSCOPE_259,11,male,CS,tubulin,2022-01-10_20220113,ZT0,100
24/01/2022,ETHOSCOPE_259,12,male,CS,tubulin,2022-01-10_20220113,ZT0,100
24/01/2022,ETHOSCOPE_259,13,male,CS,tubulin,2022-01-10_20220113,ZT0,100
24/01/2022,ETHOSCOPE_259,14,male,CS,tubulin,2022-01-10_20220113,ZT0,100
24/01/2022,ETHOSCOPE_259,15,male,CS,tubulin,2022-01-10_20220113,ZT0,100
24/01/2022,ETHOSCOPE_259,16,male,CS,tubulin,2022-01-10_20220113,ZT0,100
24/01/2022,ETHOSCOPE_259,17,male,CS,tubulin,2022-01-10_20220113,ZT0,100
24/01/2022,ETHOSCOPE_259,18,male,CS,tubulin,2022-01-10_20220113,ZT0,100
24/01/2022,ETHOSCOPE_259,19,male,CS,tubulin,2022-01-10_20220113,ZT0,100
24/01/2022,ETHOSCOPE_259,20,male,CS,tubulin,2022-01-10_20220113,ZT0,100
24/01/2022,ETHOSCOPE_259,21,male,CS,tubulin,2022-01-10_20220113,ZT0,100
24/01/2022,ETHOSCOPE_259,22,male,CS,tubulin,2022-01-10_20220113,ZT0,100
24/01/2022,ETHOSCOPE_259,23,male,CS,tubulin,2022-01-10_20220113,ZT0,100
24/01/2022,ETHOSCOPE_259,24,male,CS,tubulin,2022-01-10_20220113,ZT0,100
04/02/2022,ETHOSCOPE_254,1,male,CS,metaflumizone,21/01/2022,ZT0,100
04/02/2022,ETHOSCOPE_254,2,male,CS,metaflumizone,21/01/2022,ZT0,100
04/02/2022,ETHOSCOPE_254,3,male,CS,metaflumizone,21/01/2022,ZT0,100
04/02/2022,ETHOSCOPE_254,4,male,CS,metaflumizone,21/01/2022,ZT0,100
04/02/2022,ETHOSCOPE_254,5,male,CS,metaflumizone,21/01/2022,ZT0,100
04/02/2022,ETHOSCOPE_254,6,male,CS,metaflumizone,21/01/2022,ZT0,100
04/02/2022,ETHOSCOPE_254,7,male,CS,metaflumizone,21/01/2022,ZT0,100
04/02/2022,ETHOSCOPE_254,8,male,CS,metaflumizone,21/01/2022,ZT0,100
04/02/2022,ETHOSCOPE_254,9,male,CS,metaflumizone,21/01/2022,ZT0,100
04/02/2022,ETHOSCOPE_254,10,male,CS,metaflumizone,21/01/2022,ZT0,100
04/02/2022,ETHOSCOPE_254,11,male,CS,metaflumizone,21/01/2022,ZT0,100
04/02/2022,ETHOSCOPE_254,12,male,CS,metaflumizone,21/01/2022,ZT0,100
04/02/2022,ETHOSCOPE_254,13,male,CS,metaflumizone,21/01/2022,ZT0,100
04/02/2022,ETHOSCOPE_254,14,male,CS,metaflumizone,21/01/2022,ZT0,100
04/02/2022,ETHOSCOPE_254,15,male,CS,metaflumizone,21/01/2022,ZT0,100
04/02/2022,ETHOSCOPE_254,16,male,CS,metaflumizone,21/01/2022,ZT0,100
04/02/2022,ETHOSCOPE_254,17,male,CS,metaflumizone,21/01/2022,ZT0,100
04/02/2022,ETHOSCOPE_254,18,male,CS,metaflumizone,21/01/2022,ZT0,100
04/02/2022,ETHOSCOPE_254,19,male,CS,metaflumizone,21/01/2022,ZT0,100
04/02/2022,ETHOSCOPE_254,20,male,CS,metaflumizone,21/01/2022,ZT0,100
04/02/2022,ETHOSCOPE_254,21,male,CS,metaflumizone,21/01/2022,ZT0,100
04/02/2022,ETHOSCOPE_254,22,male,CS,metaflumizone,21/01/2022,ZT0,100
04/02/2022,ETHOSCOPE_254,23,male,CS,metaflumizone,21/01/2022,ZT0,100
04/02/2022,ETHOSCOPE_254,24,male,CS,metaflumizone,21/01/2022,ZT0,100
07/02/2022,ETHOSCOPE_218,1,male,CS,metaflumizone,24/01/2022,ZT0,100
07/02/2022,ETHOSCOPE_218,2,male,CS,metaflumizone,24/01/2022,ZT0,100
07/02/2022,ETHOSCOPE_218,3,male,CS,metaflumizone,24/01/2022,ZT0,100
07/02/2022,ETHOSCOPE_218,4,male,CS,metaflumizone,24/01/2022,ZT0,100
07/02/2022,ETHOSCOPE_218,5,male,CS,metaflumizone,24/01/2022,ZT0,100
07/02/2022,ETHOSCOPE_218,6,male,CS,metaflumizone,24/01/2022,ZT0,100
07/02/2022,ETHOSCOPE_218,7,male,CS,metaflumizone,24/01/2022,ZT0,100
07/02/2022,ETHOSCOPE_218,8,male,CS,metaflumizone,24/01/2022,ZT0,100
07/02/2022,ETHOSCOPE_218,9,male,CS,metaflumizone,24/01/2022,ZT0,100
07/02/2022,ETHOSCOPE_218,10,male,CS,metaflumizone,24/01/2022,ZT0,100
07/02/2022,ETHOSCOPE_218,11,male,CS,metaflumizone,24/01/2022,ZT0,100
07/02/2022,ETHOSCOPE_218,12,male,CS,metaflumizone,24/01/2022,ZT0,100
07/02/2022,ETHOSCOPE_218,13,male,CS,metaflumizone,24/01/2022,ZT0,100
07/02/2022,ETHOSCOPE_218,14,male,CS,metaflumizone,24/01/2022,ZT0,100
07/02/2022,ETHOSCOPE_218,15,male,CS,metaflumizone,24/01/2022,ZT0,100
07/02/2022,ETHOSCOPE_218,16,male,CS,metaflumizone,24/01/2022,ZT0,100
07/02/2022,ETHOSCOPE_218,17,male,CS,metaflumizone,24/01/2022,ZT0,100
07/02/2022,ETHOSCOPE_218,18,male,CS,metaflumizone,24/01/2022,ZT0,100
07/02/2022,ETHOSCOPE_218,19,male,CS,metaflumizone,24/01/2022,ZT0,100
07/02/2022,ETHOSCOPE_218,20,male,CS,metaflumizone,24/01/2022,ZT0,100
07/02/2022,ETHOSCOPE_218,21,male,CS,metaflumizone,24/01/2022,ZT0,100
07/02/2022,ETHOSCOPE_218,22,male,CS,metaflumizone,24/01/2022,ZT0,100
07/02/2022,ETHOSCOPE_218,23,male,CS,metaflumizone,24/01/2022,ZT0,100
07/02/2022,ETHOSCOPE_218,24,male,CS,metaflumizone,24/01/2022,ZT0,100
04/02/2022,ETHOSCOPE_139,1,male,CS,syn_cpd_12,21/01/2022,ZT0,100
04/02/2022,ETHOSCOPE_139,2,male,CS,syn_cpd_12,21/01/2022,ZT0,100
04/02/2022,ETHOSCOPE_139,3,male,CS,syn_cpd_12,21/01/2022,ZT0,100
04/02/2022,ETHOSCOPE_139,4,male,CS,syn_cpd_12,21/01/2022,ZT0,100
04/02/2022,ETHOSCOPE_139,5,male,CS,syn_cpd_12,21/01/2022,ZT0,100
04/02/2022,ETHOSCOPE_139,6,male,CS,syn_cpd_12,21/01/2022,ZT0,100
04/02/2022,ETHOSCOPE_139,7,male,CS,syn_cpd_12,21/01/2022,ZT0,100
04/02/2022,ETHOSCOPE_139,8,male,CS,syn_cpd_12,21/01/2022,ZT0,100
04/02/2022,ETHOSCOPE_139,9,male,CS,syn_cpd_12,21/01/2022,ZT0,100
04/02/2022,ETHOSCOPE_139,10,male,CS,syn_cpd_12,21/01/2022,ZT0,100
04/02/2022,ETHOSCOPE_139,11,male,CS,syn_cpd_12,21/01/2022,ZT0,100
04/02/2022,ETHOSCOPE_139,12,male,CS,syn_cpd_12,21/01/2022,ZT0,100
04/02/2022,ETHOSCOPE_139,13,male,CS,syn_cpd_12,21/01/2022,ZT0,100
04/02/2022,ETHOSCOPE_139,14,male,CS,syn_cpd_12,21/01/2022,ZT0,100
04/02/2022,ETHOSCOPE_139,15,male,CS,syn_cpd_12,21/01/2022,ZT0,100
04/02/2022,ETHOSCOPE_139,16,male,CS,syn_cpd_12,21/01/2022,ZT0,100
04/02/2022,ETHOSCOPE_139,17,male,CS,syn_cpd_12,21/01/2022,ZT0,100
04/02/2022,ETHOSCOPE_139,18,male,CS,syn_cpd_12,21/01/2022,ZT0,100
04/02/2022,ETHOSCOPE_139,19,male,CS,syn_cpd_12,21/01/2022,ZT0,100
04/02/2022,ETHOSCOPE_139,20,male,CS,syn_cpd_12,21/01/2022,ZT0,100
04/02/2022,ETHOSCOPE_139,21,male,CS,syn_cpd_12,21/01/2022,ZT0,100
04/02/2022,ETHOSCOPE_139,22,male,CS,syn_cpd_12,21/01/2022,ZT0,100
04/02/2022,ETHOSCOPE_139,23,male,CS,syn_cpd_12,21/01/2022,ZT0,100
04/02/2022,ETHOSCOPE_139,24,male,CS,syn_cpd_12,21/01/2022,ZT0,100
07/02/2022,ETHOSCOPE_151,1,male,CS,syn_cpd_12,24/01/2022,ZT0,100
07/02/2022,ETHOSCOPE_151,2,male,CS,syn_cpd_12,24/01/2022,ZT0,100
07/02/2022,ETHOSCOPE_151,3,male,CS,syn_cpd_12,24/01/2022,ZT0,100
07/02/2022,ETHOSCOPE_151,4,male,CS,syn_cpd_12,24/01/2022,ZT0,100
07/02/2022,ETHOSCOPE_151,5,male,CS,syn_cpd_12,24/01/2022,ZT0,100
07/02/2022,ETHOSCOPE_151,6,male,CS,syn_cpd_12,24/01/2022,ZT0,100
07/02/2022,ETHOSCOPE_151,7,male,CS,syn_cpd_12,24/01/2022,ZT0,100
07/02/2022,ETHOSCOPE_151,8,male,CS,syn_cpd_12,24/01/2022,ZT0,100
07/02/2022,ETHOSCOPE_151,9,male,CS,syn_cpd_12,24/01/2022,ZT0,100
07/02/2022,ETHOSCOPE_151,10,male,CS,syn_cpd_12,24/01/2022,ZT0,100
07/02/2022,ETHOSCOPE_151,11,male,CS,syn_cpd_12,24/01/2022,ZT0,100
07/02/2022,ETHOSCOPE_151,12,male,CS,syn_cpd_12,24/01/2022,ZT0,100
07/02/2022,ETHOSCOPE_151,13,male,CS,syn_cpd_12,24/01/2022,ZT0,100
07/02/2022,ETHOSCOPE_151,14,male,CS,syn_cpd_12,24/01/2022,ZT0,100
07/02/2022,ETHOSCOPE_151,15,male,CS,syn_cpd_12,24/01/2022,ZT0,100
07/02/2022,ETHOSCOPE_151,16,male,CS,syn_cpd_12,24/01/2022,ZT0,100
07/02/2022,ETHOSCOPE_151,17,male,CS,syn_cpd_12,24/01/2022,ZT0,100
07/02/2022,ETHOSCOPE_151,18,male,CS,syn_cpd_12,24/01/2022,ZT0,100
07/02/2022,ETHOSCOPE_151,19,male,CS,syn_cpd_12,24/01/2022,ZT0,100
07/02/2022,ETHOSCOPE_151,20,male,CS,syn_cpd_12,24/01/2022,ZT0,100
07/02/2022,ETHOSCOPE_151,21,male,CS,syn_cpd_12,24/01/2022,ZT0,100
07/02/2022,ETHOSCOPE_151,22,male,CS,syn_cpd_12,24/01/2022,ZT0,100
07/02/2022,ETHOSCOPE_151,23,male,CS,syn_cpd_12,24/01/2022,ZT0,100
07/02/2022,ETHOSCOPE_151,24,male,CS,syn_cpd_12,24/01/2022,ZT0,100
11/01/2022,ETHOSCOPE_125,1,male,CS,cyenopyrafen,28/12/2021,ZT0,100
11/01/2022,ETHOSCOPE_125,2,male,CS,cyenopyrafen,28/12/2021,ZT0,100
11/01/2022,ETHOSCOPE_125,3,male,CS,cyenopyrafen,28/12/2021,ZT0,100
11/01/2022,ETHOSCOPE_125,4,male,CS,cyenopyrafen,28/12/2021,ZT0,100
11/01/2022,ETHOSCOPE_125,5,male,CS,cyenopyrafen,28/12/2021,ZT0,100
11/01/2022,ETHOSCOPE_125,6,male,CS,cyenopyrafen,28/12/2021,ZT0,100
11/01/2022,ETHOSCOPE_125,7,male,CS,cyenopyrafen,28/12/2021,ZT0,100
11/01/2022,ETHOSCOPE_125,8,male,CS,cyenopyrafen,28/12/2021,ZT0,100
11/01/2022,ETHOSCOPE_125,9,male,CS,cyenopyrafen,28/12/2021,ZT0,100
11/01/2022,ETHOSCOPE_125,10,male,CS,cyenopyrafen,28/12/2021,ZT0,100
11/01/2022,ETHOSCOPE_125,11,male,CS,cyenopyrafen,28/12/2021,ZT0,100
11/01/2022,ETHOSCOPE_125,12,male,CS,cyenopyrafen,28/12/2021,ZT0,100
11/01/2022,ETHOSCOPE_125,13,male,CS,cyenopyrafen,28/12/2021,ZT0,100
11/01/2022,ETHOSCOPE_125,14,male,CS,cyenopyrafen,28/12/2021,ZT0,100
11/01/2022,ETHOSCOPE_125,15,male,CS,cyenopyrafen,28/12/2021,ZT0,100
11/01/2022,ETHOSCOPE_125,16,male,CS,cyenopyrafen,28/12/2021,ZT0,100
11/01/2022,ETHOSCOPE_125,17,male,CS,cyenopyrafen,28/12/2021,ZT0,100
11/01/2022,ETHOSCOPE_125,18,male,CS,cyenopyrafen,28/12/2021,ZT0,100
11/01/2022,ETHOSCOPE_125,19,male,CS,cyenopyrafen,28/12/2021,ZT0,100
11/01/2022,ETHOSCOPE_125,20,male,CS,cyenopyrafen,28/12/2021,ZT0,100
11/01/2022,ETHOSCOPE_125,21,male,CS,cyenopyrafen,28/12/2021,ZT0,100
11/01/2022,ETHOSCOPE_125,22,male,CS,cyenopyrafen,28/12/2021,ZT0,100
11/01/2022,ETHOSCOPE_125,23,male,CS,cyenopyrafen,28/12/2021,ZT0,100
11/01/2022,ETHOSCOPE_125,24,male,CS,cyenopyrafen,28/12/2021,ZT0,100
16/01/2022,ETHOSCOPE_257,1,male,CS,cyenopyrafen,30/12/2021,ZT0,100
16/01/2022,ETHOSCOPE_257,2,male,CS,cyenopyrafen,30/12/2021,ZT0,100
16/01/2022,ETHOSCOPE_257,3,male,CS,cyenopyrafen,30/12/2021,ZT0,100
16/01/2022,ETHOSCOPE_257,4,male,CS,cyenopyrafen,30/12/2021,ZT0,100
16/01/2022,ETHOSCOPE_257,5,male,CS,cyenopyrafen,30/12/2021,ZT0,100
16/01/2022,ETHOSCOPE_257,6,male,CS,cyenopyrafen,30/12/2021,ZT0,100
16/01/2022,ETHOSCOPE_257,7,male,CS,cyenopyrafen,30/12/2021,ZT0,100
16/01/2022,ETHOSCOPE_257,8,male,CS,cyenopyrafen,30/12/2021,ZT0,100
16/01/2022,ETHOSCOPE_257,9,male,CS,cyenopyrafen,30/12/2021,ZT0,100
16/01/2022,ETHOSCOPE_257,10,male,CS,cyenopyrafen,30/12/2021,ZT0,100
16/01/2022,ETHOSCOPE_257,11,male,CS,cyenopyrafen,30/12/2021,ZT0,100
16/01/2022,ETHOSCOPE_257,12,male,CS,cyenopyrafen,30/12/2021,ZT0,100
16/01/2022,ETHOSCOPE_257,13,male,CS,cyenopyrafen,30/12/2021,ZT0,100
16/01/2022,ETHOSCOPE_257,14,male,CS,cyenopyrafen,30/12/2021,ZT0,100
16/01/2022,ETHOSCOPE_257,15,male,CS,cyenopyrafen,30/12/2021,ZT0,100
16/01/2022,ETHOSCOPE_257,16,male,CS,cyenopyrafen,30/12/2021,ZT0,100
16/01/2022,ETHOSCOPE_257,17,male,CS,cyenopyrafen,30/12/2021,ZT0,100
16/01/2022,ETHOSCOPE_257,18,male,CS,cyenopyrafen,30/12/2021,ZT0,100
16/01/2022,ETHOSCOPE_257,19,male,CS,cyenopyrafen,30/12/2021,ZT0,100
16/01/2022,ETHOSCOPE_257,20,male,CS,cyenopyrafen,30/12/2021,ZT0,100
16/01/2022,ETHOSCOPE_257,21,male,CS,cyenopyrafen,30/12/2021,ZT0,100
16/01/2022,ETHOSCOPE_257,22,male,CS,cyenopyrafen,30/12/2021,ZT0,100
16/01/2022,ETHOSCOPE_257,23,male,CS,cyenopyrafen,30/12/2021,ZT0,100
16/01/2022,ETHOSCOPE_257,24,male,CS,cyenopyrafen,30/12/2021,ZT0,100
04/02/2022,ETHOSCOPE_257,1,male,CS,syn_cpd_10,21/01/2022,ZT0,100
04/02/2022,ETHOSCOPE_257,2,male,CS,syn_cpd_10,21/01/2022,ZT0,100
04/02/2022,ETHOSCOPE_257,3,male,CS,syn_cpd_10,21/01/2022,ZT0,100
04/02/2022,ETHOSCOPE_257,4,male,CS,syn_cpd_10,21/01/2022,ZT0,100
04/02/2022,ETHOSCOPE_257,5,male,CS,syn_cpd_10,21/01/2022,ZT0,100
04/02/2022,ETHOSCOPE_257,6,male,CS,syn_cpd_10,21/01/2022,ZT0,100
04/02/2022,ETHOSCOPE_257,7,male,CS,syn_cpd_10,21/01/2022,ZT0,100
04/02/2022,ETHOSCOPE_257,8,male,CS,syn_cpd_10,21/01/2022,ZT0,100
04/02/2022,ETHOSCOPE_257,9,male,CS,syn_cpd_10,21/01/2022,ZT0,100
04/02/2022,ETHOSCOPE_257,10,male,CS,syn_cpd_10,21/01/2022,ZT0,100
04/02/2022,ETHOSCOPE_257,11,male,CS,syn_cpd_10,21/01/2022,ZT0,100
04/02/2022,ETHOSCOPE_257,12,male,CS,syn_cpd_10,21/01/2022,ZT0,100
04/02/2022,ETHOSCOPE_257,13,male,CS,syn_cpd_10,21/01/2022,ZT0,100
04/02/2022,ETHOSCOPE_257,14,male,CS,syn_cpd_10,21/01/2022,ZT0,100
04/02/2022,ETHOSCOPE_257,15,male,CS,syn_cpd_10,21/01/2022,ZT0,100
04/02/2022,ETHOSCOPE_257,16,male,CS,syn_cpd_10,21/01/2022,ZT0,100
04/02/2022,ETHOSCOPE_257,17,male,CS,syn_cpd_10,21/01/2022,ZT0,100
04/02/2022,ETHOSCOPE_257,18,male,CS,syn_cpd_10,21/01/2022,ZT0,100
04/02/2022,ETHOSCOPE_257,19,male,CS,syn_cpd_10,21/01/2022,ZT0,100
04/02/2022,ETHOSCOPE_257,20,male,CS,syn_cpd_10,21/01/2022,ZT0,100
04/02/2022,ETHOSCOPE_257,21,male,CS,syn_cpd_10,21/01/2022,ZT0,100
04/02/2022,ETHOSCOPE_257,22,male,CS,syn_cpd_10,21/01/2022,ZT0,100
04/02/2022,ETHOSCOPE_257,23,male,CS,syn_cpd_10,21/01/2022,ZT0,100
04/02/2022,ETHOSCOPE_257,24,male,CS,syn_cpd_10,21/01/2022,ZT0,100
07/02/2022,ETHOSCOPE_109,1,male,CS,syn_cpd_10,24/01/2022,ZT0,100
07/02/2022,ETHOSCOPE_109,2,male,CS,syn_cpd_10,24/01/2022,ZT0,100
07/02/2022,ETHOSCOPE_109,3,male,CS,syn_cpd_10,24/01/2022,ZT0,100
07/02/2022,ETHOSCOPE_109,4,male,CS,syn_cpd_10,24/01/2022,ZT0,100
07/02/2022,ETHOSCOPE_109,5,male,CS,syn_cpd_10,24/01/2022,ZT0,100
07/02/2022,ETHOSCOPE_109,6,male,CS,syn_cpd_10,24/01/2022,ZT0,100
07/02/2022,ETHOSCOPE_109,7,male,CS,syn_cpd_10,24/01/2022,ZT0,100
07/02/2022,ETHOSCOPE_109,8,male,CS,syn_cpd_10,24/01/2022,ZT0,100
07/02/2022,ETHOSCOPE_109,9,male,CS,syn_cpd_10,24/01/2022,ZT0,100
07/02/2022,ETHOSCOPE_109,10,male,CS,syn_cpd_10,24/01/2022,ZT0,100
07/02/2022,ETHOSCOPE_109,11,male,CS,syn_cpd_10,24/01/2022,ZT0,100
07/02/2022,ETHOSCOPE_109,12,male,CS,syn_cpd_10,24/01/2022,ZT0,100
07/02/2022,ETHOSCOPE_109,13,male,CS,syn_cpd_10,24/01/2022,ZT0,100
07/02/2022,ETHOSCOPE_109,14,male,CS,syn_cpd_10,24/01/2022,ZT0,100
07/02/2022,ETHOSCOPE_109,15,male,CS,syn_cpd_10,24/01/2022,ZT0,100
07/02/2022,ETHOSCOPE_109,16,male,CS,syn_cpd_10,24/01/2022,ZT0,100
07/02/2022,ETHOSCOPE_109,17,male,CS,syn_cpd_10,24/01/2022,ZT0,100
07/02/2022,ETHOSCOPE_109,18,male,CS,syn_cpd_10,24/01/2022,ZT0,100
07/02/2022,ETHOSCOPE_109,19,male,CS,syn_cpd_10,24/01/2022,ZT0,100
07/02/2022,ETHOSCOPE_109,20,male,CS,syn_cpd_10,24/01/2022,ZT0,100
07/02/2022,ETHOSCOPE_109,21,male,CS,syn_cpd_10,24/01/2022,ZT0,100
07/02/2022,ETHOSCOPE_109,22,male,CS,syn_cpd_10,24/01/2022,ZT0,100
07/02/2022,ETHOSCOPE_109,23,male,CS,syn_cpd_10,24/01/2022,ZT0,100
07/02/2022,ETHOSCOPE_109,24,male,CS,syn_cpd_10,24/01/2022,ZT0,100
07/09/2020,ETHOSCOPE_218,1,male,CS,solvent,26/08/2020,ZT1,100
07/09/2020,ETHOSCOPE_218,2,male,CS,solvent,26/08/2020,ZT1,100
07/09/2020,ETHOSCOPE_218,3,male,CS,solvent,26/08/2020,ZT1,100
07/09/2020,ETHOSCOPE_218,4,male,CS,solvent,26/08/2020,ZT1,100
07/09/2020,ETHOSCOPE_218,5,male,CS,solvent,26/08/2020,ZT1,100
07/09/2020,ETHOSCOPE_218,6,male,CS,solvent,26/08/2020,ZT1,100
07/09/2020,ETHOSCOPE_218,7,male,CS,solvent,26/08/2020,ZT1,100
07/09/2020,ETHOSCOPE_218,8,male,CS,solvent,26/08/2020,ZT1,100
07/09/2020,ETHOSCOPE_218,9,male,CS,solvent,26/08/2020,ZT1,100
07/09/2020,ETHOSCOPE_218,10,male,CS,solvent,26/08/2020,ZT1,100
07/09/2020,ETHOSCOPE_218,11,male,CS,solvent,26/08/2020,ZT1,100
07/09/2020,ETHOSCOPE_218,12,male,CS,solvent,26/08/2020,ZT1,100
07/09/2020,ETHOSCOPE_218,13,male,CS,solvent,26/08/2020,ZT1,100
07/09/2020,ETHOSCOPE_218,14,male,CS,solvent,26/08/2020,ZT1,100
07/09/2020,ETHOSCOPE_218,15,male,CS,solvent,26/08/2020,ZT1,100
07/09/2020,ETHOSCOPE_218,16,male,CS,solvent,26/08/2020,ZT1,100
07/09/2020,ETHOSCOPE_218,17,male,CS,solvent,26/08/2020,ZT1,100
07/09/2020,ETHOSCOPE_218,18,male,CS,solvent,26/08/2020,ZT1,100
07/09/2020,ETHOSCOPE_218,19,male,CS,solvent,26/08/2020,ZT1,100
07/09/2020,ETHOSCOPE_218,20,male,CS,solvent,26/08/2020,ZT1,100
07/09/2020,ETHOSCOPE_218,21,male,CS,solvent,26/08/2020,ZT1,100
07/09/2020,ETHOSCOPE_218,22,male,CS,solvent,26/08/2020,ZT1,100
07/09/2020,ETHOSCOPE_218,23,male,CS,solvent,26/08/2020,ZT1,100
07/09/2020,ETHOSCOPE_218,24,male,CS,solvent,26/08/2020,ZT1,100
04/07/2020,ETHOSCOPE_197,1,male,CS,solvent,19/06/2020,ZT0,100
04/07/2020,ETHOSCOPE_197,2,male,CS,solvent,19/06/2020,ZT0,100
04/07/2020,ETHOSCOPE_197,3,male,CS,solvent,19/06/2020,ZT0,100
04/07/2020,ETHOSCOPE_197,4,male,CS,solvent,19/06/2020,ZT0,100
04/07/2020,ETHOSCOPE_197,5,male,CS,solvent,19/06/2020,ZT0,100
04/07/2020,ETHOSCOPE_197,6,male,CS,solvent,19/06/2020,ZT0,100
04/07/2020,ETHOSCOPE_197,7,male,CS,solvent,19/06/2020,ZT0,100
04/07/2020,ETHOSCOPE_197,8,male,CS,solvent,19/06/2020,ZT0,100
04/07/2020,ETHOSCOPE_197,9,male,CS,solvent,19/06/2020,ZT0,100
04/07/2020,ETHOSCOPE_197,10,male,CS,solvent,19/06/2020,ZT0,100
04/07/2020,ETHOSCOPE_197,11,male,CS,solvent,19/06/2020,ZT0,100
04/07/2020,ETHOSCOPE_197,12,male,CS,solvent,19/06/2020,ZT0,100
04/07/2020,ETHOSCOPE_197,13,male,CS,solvent,19/06/2020,ZT0,100
04/07/2020,ETHOSCOPE_197,14,male,CS,solvent,19/06/2020,ZT0,100
04/07/2020,ETHOSCOPE_197,15,male,CS,solvent,19/06/2020,ZT0,100
04/07/2020,ETHOSCOPE_197,16,male,CS,solvent,19/06/2020,ZT0,100
04/07/2020,ETHOSCOPE_197,17,male,CS,solvent,19/06/2020,ZT0,100
04/07/2020,ETHOSCOPE_197,18,male,CS,solvent,19/06/2020,ZT0,100
04/07/2020,ETHOSCOPE_197,19,male,CS,solvent,19/06/2020,ZT0,100
04/07/2020,ETHOSCOPE_197,20,male,CS,solvent,19/06/2020,ZT0,100
04/07/2020,ETHOSCOPE_197,21,male,CS,solvent,19/06/2020,ZT0,100
04/07/2020,ETHOSCOPE_197,22,male,CS,solvent,19/06/2020,ZT0,100
04/07/2020,ETHOSCOPE_197,23,male,CS,solvent,19/06/2020,ZT0,100
04/07/2020,ETHOSCOPE_197,24,male,CS,solvent,19/06/2020,ZT0,100
27/07/2020,ETHOSCOPE_148,1,male,CS,solvent,13/07/2020,ZT0,100
27/07/2020,ETHOSCOPE_148,2,male,CS,solvent,13/07/2020,ZT0,100
27/07/2020,ETHOSCOPE_148,3,male,CS,solvent,13/07/2020,ZT0,100
27/07/2020,ETHOSCOPE_148,4,male,CS,solvent,13/07/2020,ZT0,100
27/07/2020,ETHOSCOPE_148,5,male,CS,solvent,13/07/2020,ZT0,100
27/07/2020,ETHOSCOPE_148,6,male,CS,solvent,13/07/2020,ZT0,100
27/07/2020,ETHOSCOPE_148,7,male,CS,solvent,13/07/2020,ZT0,100
27/07/2020,ETHOSCOPE_148,8,male,CS,solvent,13/07/2020,ZT0,100
27/07/2020,ETHOSCOPE_148,9,male,CS,solvent,13/07/2020,ZT0,100
27/07/2020,ETHOSCOPE_148,10,male,CS,solvent,13/07/2020,ZT0,100
27/07/2020,ETHOSCOPE_148,11,male,CS,solvent,13/07/2020,ZT0,100
27/07/2020,ETHOSCOPE_148,12,male,CS,solvent,13/07/2020,ZT0,100
27/07/2020,ETHOSCOPE_148,13,male,CS,solvent,13/07/2020,ZT0,100
27/07/2020,ETHOSCOPE_148,14,male,CS,solvent,13/07/2020,ZT0,100
27/07/2020,ETHOSCOPE_148,15,male,CS,solvent,13/07/2020,ZT0,100
27/07/2020,ETHOSCOPE_148,16,male,CS,solvent,13/07/2020,ZT0,100
27/07/2020,ETHOSCOPE_148,17,male,CS,solvent,13/07/2020,ZT0,100
27/07/2020,ETHOSCOPE_148,18,male,CS,solvent,13/07/2020,ZT0,100
27/07/2020,ETHOSCOPE_148,19,male,CS,solvent,13/07/2020,ZT0,100
27/07/2020,ETHOSCOPE_148,20,male,CS,solvent,13/07/2020,ZT0,100
27/07/2020,ETHOSCOPE_148,21,male,CS,solvent,13/07/2020,ZT0,100
27/07/2020,ETHOSCOPE_148,22,male,CS,solvent,13/07/2020,ZT0,100
27/07/2020,ETHOSCOPE_148,23,male,CS,solvent,13/07/2020,ZT0,100
27/07/2020,ETHOSCOPE_148,24,male,CS,solvent,13/07/2020,ZT0,100
25/05/2021,ETHOSCOPE_238,1,male,CS,spirindoline,12/05/2021,ZT0,100
25/05/2021,ETHOSCOPE_238,2,male,CS,spirindoline,12/05/2021,ZT0,100
25/05/2021,ETHOSCOPE_238,3,male,CS,spirindoline,12/05/2021,ZT0,100
25/05/2021,ETHOSCOPE_238,4,male,CS,spirindoline,12/05/2021,ZT0,100
25/05/2021,ETHOSCOPE_238,5,male,CS,spirindoline,12/05/2021,ZT0,100
25/05/2021,ETHOSCOPE_238,6,male,CS,spirindoline,12/05/2021,ZT0,100
25/05/2021,ETHOSCOPE_238,7,male,CS,spirindoline,12/05/2021,ZT0,100
25/05/2021,ETHOSCOPE_238,8,male,CS,spirindoline,12/05/2021,ZT0,100
25/05/2021,ETHOSCOPE_238,9,male,CS,spirindoline,12/05/2021,ZT0,100
25/05/2021,ETHOSCOPE_238,10,male,CS,spirindoline,12/05/2021,ZT0,100
25/05/2021,ETHOSCOPE_238,11,male,CS,spirindoline,12/05/2021,ZT0,100
25/05/2021,ETHOSCOPE_238,12,male,CS,spirindoline,12/05/2021,ZT0,100
25/05/2021,ETHOSCOPE_238,13,male,CS,spirindoline,12/05/2021,ZT0,100
25/05/2021,ETHOSCOPE_238,14,male,CS,spirindoline,12/05/2021,ZT0,100
25/05/2021,ETHOSCOPE_238,15,male,CS,spirindoline,12/05/2021,ZT0,100
25/05/2021,ETHOSCOPE_238,16,male,CS,spirindoline,12/05/2021,ZT0,100
25/05/2021,ETHOSCOPE_238,17,male,CS,spirindoline,12/05/2021,ZT0,100
25/05/2021,ETHOSCOPE_238,18,male,CS,spirindoline,12/05/2021,ZT0,100
25/05/2021,ETHOSCOPE_238,19,male,CS,spirindoline,12/05/2021,ZT0,100
25/05/2021,ETHOSCOPE_238,20,male,CS,spirindoline,12/05/2021,ZT0,100
25/05/2021,ETHOSCOPE_238,21,male,CS,spirindoline,12/05/2021,ZT0,100
25/05/2021,ETHOSCOPE_238,22,male,CS,spirindoline,12/05/2021,ZT0,100
25/05/2021,ETHOSCOPE_238,23,male,CS,spirindoline,12/05/2021,ZT0,100
25/05/2021,ETHOSCOPE_238,24,male,CS,spirindoline,12/05/2021,ZT0,100
31/05/2021,ETHOSCOPE_257,1,male,CS,spirindoline,17/05/2021,ZT0,100
31/05/2021,ETHOSCOPE_257,2,male,CS,spirindoline,17/05/2021,ZT0,100
31/05/2021,ETHOSCOPE_257,3,male,CS,spirindoline,17/05/2021,ZT0,100
31/05/2021,ETHOSCOPE_257,4,male,CS,spirindoline,17/05/2021,ZT0,100
31/05/2021,ETHOSCOPE_257,5,male,CS,spirindoline,17/05/2021,ZT0,100
31/05/2021,ETHOSCOPE_257,6,male,CS,spirindoline,17/05/2021,ZT0,100
31/05/2021,ETHOSCOPE_257,7,male,CS,spirindoline,17/05/2021,ZT0,100
31/05/2021,ETHOSCOPE_257,8,male,CS,spirindoline,17/05/2021,ZT0,100
31/05/2021,ETHOSCOPE_257,9,male,CS,spirindoline,17/05/2021,ZT0,100
31/05/2021,ETHOSCOPE_257,10,male,CS,spirindoline,17/05/2021,ZT0,100
31/05/2021,ETHOSCOPE_257,11,male,CS,spirindoline,17/05/2021,ZT0,100
31/05/2021,ETHOSCOPE_257,12,male,CS,spirindoline,17/05/2021,ZT0,100
31/05/2021,ETHOSCOPE_257,13,male,CS,spirindoline,17/05/2021,ZT0,100
31/05/2021,ETHOSCOPE_257,14,male,CS,spirindoline,17/05/2021,ZT0,100
31/05/2021,ETHOSCOPE_257,15,male,CS,spirindoline,17/05/2021,ZT0,100
31/05/2021,ETHOSCOPE_257,16,male,CS,spirindoline,17/05/2021,ZT0,100
31/05/2021,ETHOSCOPE_257,17,male,CS,spirindoline,17/05/2021,ZT0,100
31/05/2021,ETHOSCOPE_257,18,male,CS,spirindoline,17/05/2021,ZT0,100
31/05/2021,ETHOSCOPE_257,19,male,CS,spirindoline,17/05/2021,ZT0,100
31/05/2021,ETHOSCOPE_257,20,male,CS,spirindoline,17/05/2021,ZT0,100
31/05/2021,ETHOSCOPE_257,21,male,CS,spirindoline,17/05/2021,ZT0,100
31/05/2021,ETHOSCOPE_257,22,male,CS,spirindoline,17/05/2021,ZT0,100
31/05/2021,ETHOSCOPE_257,23,male,CS,spirindoline,17/05/2021,ZT0,100
31/05/2021,ETHOSCOPE_257,24,male,CS,spirindoline,17/05/2021,ZT0,100
02/06/2021,ETHOSCOPE_108,1,male,CS,spirindoline,19/05/2021,ZT0,100
02/06/2021,ETHOSCOPE_108,2,male,CS,spirindoline,19/05/2021,ZT0,100
02/06/2021,ETHOSCOPE_108,3,male,CS,spirindoline,19/05/2021,ZT0,100
02/06/2021,ETHOSCOPE_108,4,male,CS,spirindoline,19/05/2021,ZT0,100
02/06/2021,ETHOSCOPE_108,5,male,CS,spirindoline,19/05/2021,ZT0,100
02/06/2021,ETHOSCOPE_108,6,male,CS,spirindoline,19/05/2021,ZT0,100
02/06/2021,ETHOSCOPE_108,7,male,CS,spirindoline,19/05/2021,ZT0,100
02/06/2021,ETHOSCOPE_108,8,male,CS,spirindoline,19/05/2021,ZT0,100
02/06/2021,ETHOSCOPE_108,9,male,CS,spirindoline,19/05/2021,ZT0,100
02/06/2021,ETHOSCOPE_108,10,male,CS,spirindoline,19/05/2021,ZT0,100
02/06/2021,ETHOSCOPE_108,11,male,CS,spirindoline,19/05/2021,ZT0,100
02/06/2021,ETHOSCOPE_108,12,male,CS,spirindoline,19/05/2021,ZT0,100
02/06/2021,ETHOSCOPE_108,13,male,CS,spirindoline,19/05/2021,ZT0,100
02/06/2021,ETHOSCOPE_108,14,male,CS,spirindoline,19/05/2021,ZT0,100
02/06/2021,ETHOSCOPE_108,15,male,CS,spirindoline,19/05/2021,ZT0,100
02/06/2021,ETHOSCOPE_108,16,male,CS,spirindoline,19/05/2021,ZT0,100
02/06/2021,ETHOSCOPE_108,17,male,CS,spirindoline,19/05/2021,ZT0,100
02/06/2021,ETHOSCOPE_108,18,male,CS,spirindoline,19/05/2021,ZT0,100
02/06/2021,ETHOSCOPE_108,19,male,CS,spirindoline,19/05/2021,ZT0,100
02/06/2021,ETHOSCOPE_108,20,male,CS,spirindoline,19/05/2021,ZT0,100
02/06/2021,ETHOSCOPE_108,21,male,CS,spirindoline,19/05/2021,ZT0,100
02/06/2021,ETHOSCOPE_108,22,male,CS,spirindoline,19/05/2021,ZT0,100
02/06/2021,ETHOSCOPE_108,23,male,CS,spirindoline,19/05/2021,ZT0,100
02/06/2021,ETHOSCOPE_108,24,male,CS,spirindoline,19/05/2021,ZT0,100
02/06/2021,ETHOSCOPE_257,1,male,CS,chlorantraniliprole,19/05/2021,ZT0,100
02/06/2021,ETHOSCOPE_257,2,male,CS,chlorantraniliprole,19/05/2021,ZT0,100
02/06/2021,ETHOSCOPE_257,3,male,CS,chlorantraniliprole,19/05/2021,ZT0,100
02/06/2021,ETHOSCOPE_257,4,male,CS,chlorantraniliprole,19/05/2021,ZT0,100
02/06/2021,ETHOSCOPE_257,5,male,CS,chlorantraniliprole,19/05/2021,ZT0,100
02/06/2021,ETHOSCOPE_257,6,male,CS,chlorantraniliprole,19/05/2021,ZT0,100
02/06/2021,ETHOSCOPE_257,7,male,CS,chlorantraniliprole,19/05/2021,ZT0,100
02/06/2021,ETHOSCOPE_257,8,male,CS,chlorantraniliprole,19/05/2021,ZT0,100
02/06/2021,ETHOSCOPE_257,9,male,CS,chlorantraniliprole,19/05/2021,ZT0,100
02/06/2021,ETHOSCOPE_257,10,male,CS,chlorantraniliprole,19/05/2021,ZT0,100
02/06/2021,ETHOSCOPE_257,11,male,CS,chlorantraniliprole,19/05/2021,ZT0,100
02/06/2021,ETHOSCOPE_257,12,male,CS,chlorantraniliprole,19/05/2021,ZT0,100
02/06/2021,ETHOSCOPE_257,13,male,CS,chlorantraniliprole,19/05/2021,ZT0,100
02/06/2021,ETHOSCOPE_257,14,male,CS,chlorantraniliprole,19/05/2021,ZT0,100
02/06/2021,ETHOSCOPE_257,15,male,CS,chlorantraniliprole,19/05/2021,ZT0,100
02/06/2021,ETHOSCOPE_257,16,male,CS,chlorantraniliprole,19/05/2021,ZT0,100
02/06/2021,ETHOSCOPE_257,17,male,CS,chlorantraniliprole,19/05/2021,ZT0,100
02/06/2021,ETHOSCOPE_257,18,male,CS,chlorantraniliprole,19/05/2021,ZT0,100
02/06/2021,ETHOSCOPE_257,19,male,CS,chlorantraniliprole,19/05/2021,ZT0,100
02/06/2021,ETHOSCOPE_257,20,male,CS,chlorantraniliprole,19/05/2021,ZT0,100
02/06/2021,ETHOSCOPE_257,21,male,CS,chlorantraniliprole,19/05/2021,ZT0,100
02/06/2021,ETHOSCOPE_257,22,male,CS,chlorantraniliprole,19/05/2021,ZT0,100
02/06/2021,ETHOSCOPE_257,23,male,CS,chlorantraniliprole,19/05/2021,ZT0,100
02/06/2021,ETHOSCOPE_257,24,male,CS,chlorantraniliprole,19/05/2021,ZT0,100
02/06/2021,ETHOSCOPE_254,1,male,CS,ryanodine,19/05/2021,ZT0,100
02/06/2021,ETHOSCOPE_254,2,male,CS,ryanodine,19/05/2021,ZT0,100
02/06/2021,ETHOSCOPE_254,3,male,CS,ryanodine,19/05/2021,ZT0,100
02/06/2021,ETHOSCOPE_254,4,male,CS,ryanodine,19/05/2021,ZT0,100
02/06/2021,ETHOSCOPE_254,5,male,CS,ryanodine,19/05/2021,ZT0,100
02/06/2021,ETHOSCOPE_254,6,male,CS,ryanodine,19/05/2021,ZT0,100
02/06/2021,ETHOSCOPE_254,7,male,CS,ryanodine,19/05/2021,ZT0,100
02/06/2021,ETHOSCOPE_254,8,male,CS,ryanodine,19/05/2021,ZT0,100
02/06/2021,ETHOSCOPE_254,9,male,CS,ryanodine,19/05/2021,ZT0,100
02/06/2021,ETHOSCOPE_254,10,male,CS,ryanodine,19/05/2021,ZT0,100
02/06/2021,ETHOSCOPE_254,11,male,CS,ryanodine,19/05/2021,ZT0,100
02/06/2021,ETHOSCOPE_254,12,male,CS,ryanodine,19/05/2021,ZT0,100
02/06/2021,ETHOSCOPE_254,13,male,CS,ryanodine,19/05/2021,ZT0,100
02/06/2021,ETHOSCOPE_254,14,male,CS,ryanodine,19/05/2021,ZT0,100
02/06/2021,ETHOSCOPE_254,15,male,CS,ryanodine,19/05/2021,ZT0,100
02/06/2021,ETHOSCOPE_254,16,male,CS,ryanodine,19/05/2021,ZT0,100
02/06/2021,ETHOSCOPE_254,17,male,CS,ryanodine,19/05/2021,ZT0,100
02/06/2021,ETHOSCOPE_254,18,male,CS,ryanodine,19/05/2021,ZT0,100
02/06/2021,ETHOSCOPE_254,19,male,CS,ryanodine,19/05/2021,ZT0,100
02/06/2021,ETHOSCOPE_254,20,male,CS,ryanodine,19/05/2021,ZT0,100
02/06/2021,ETHOSCOPE_254,21,male,CS,ryanodine,19/05/2021,ZT0,100
02/06/2021,ETHOSCOPE_254,22,male,CS,ryanodine,19/05/2021,ZT0,100
02/06/2021,ETHOSCOPE_254,23,male,CS,ryanodine,19/05/2021,ZT0,100
02/06/2021,ETHOSCOPE_254,24,male,CS,ryanodine,19/05/2021,ZT0,100
08/06/2021,ETHOSCOPE_108,1,male,CS,chlorantraniliprole,26/05/2021,ZT0,100
08/06/2021,ETHOSCOPE_108,2,male,CS,chlorantraniliprole,26/05/2021,ZT0,100
08/06/2021,ETHOSCOPE_108,3,male,CS,chlorantraniliprole,26/05/2021,ZT0,100
08/06/2021,ETHOSCOPE_108,4,male,CS,chlorantraniliprole,26/05/2021,ZT0,100
08/06/2021,ETHOSCOPE_108,5,male,CS,chlorantraniliprole,26/05/2021,ZT0,100
08/06/2021,ETHOSCOPE_108,6,male,CS,chlorantraniliprole,26/05/2021,ZT0,100
08/06/2021,ETHOSCOPE_108,7,male,CS,chlorantraniliprole,26/05/2021,ZT0,100
08/06/2021,ETHOSCOPE_108,8,male,CS,chlorantraniliprole,26/05/2021,ZT0,100
08/06/2021,ETHOSCOPE_108,9,male,CS,chlorantraniliprole,26/05/2021,ZT0,100
08/06/2021,ETHOSCOPE_108,10,male,CS,chlorantraniliprole,26/05/2021,ZT0,100
08/06/2021,ETHOSCOPE_108,11,male,CS,chlorantraniliprole,26/05/2021,ZT0,100
08/06/2021,ETHOSCOPE_108,12,male,CS,chlorantraniliprole,26/05/2021,ZT0,100
08/06/2021,ETHOSCOPE_108,13,male,CS,chlorantraniliprole,26/05/2021,ZT0,100
08/06/2021,ETHOSCOPE_108,14,male,CS,chlorantraniliprole,26/05/2021,ZT0,100
08/06/2021,ETHOSCOPE_108,15,male,CS,chlorantraniliprole,26/05/2021,ZT0,100
08/06/2021,ETHOSCOPE_108,16,male,CS,chlorantraniliprole,26/05/2021,ZT0,100
08/06/2021,ETHOSCOPE_108,17,male,CS,chlorantraniliprole,26/05/2021,ZT0,100
08/06/2021,ETHOSCOPE_108,18,male,CS,chlorantraniliprole,26/05/2021,ZT0,100
08/06/2021,ETHOSCOPE_108,19,male,CS,chlorantraniliprole,26/05/2021,ZT0,100
08/06/2021,ETHOSCOPE_108,20,male,CS,chlorantraniliprole,26/05/2021,ZT0,100
08/06/2021,ETHOSCOPE_108,21,male,CS,chlorantraniliprole,26/05/2021,ZT0,100
08/06/2021,ETHOSCOPE_108,22,male,CS,chlorantraniliprole,26/05/2021,ZT0,100
08/06/2021,ETHOSCOPE_108,23,male,CS,chlorantraniliprole,26/05/2021,ZT0,100
08/06/2021,ETHOSCOPE_108,24,male,CS,chlorantraniliprole,26/05/2021,ZT0,100
08/06/2021,ETHOSCOPE_254,1,male,CS,ryanodine,26/05/2021,ZT0,100
08/06/2021,ETHOSCOPE_254,2,male,CS,ryanodine,26/05/2021,ZT0,100
08/06/2021,ETHOSCOPE_254,3,male,CS,ryanodine,26/05/2021,ZT0,100
08/06/2021,ETHOSCOPE_254,4,male,CS,ryanodine,26/05/2021,ZT0,100
08/06/2021,ETHOSCOPE_254,5,male,CS,ryanodine,26/05/2021,ZT0,100
08/06/2021,ETHOSCOPE_254,6,male,CS,ryanodine,26/05/2021,ZT0,100
08/06/2021,ETHOSCOPE_254,7,male,CS,ryanodine,26/05/2021,ZT0,100
08/06/2021,ETHOSCOPE_254,8,male,CS,ryanodine,26/05/2021,ZT0,100
08/06/2021,ETHOSCOPE_254,9,male,CS,ryanodine,26/05/2021,ZT0,100
08/06/2021,ETHOSCOPE_254,10,male,CS,ryanodine,26/05/2021,ZT0,100
08/06/2021,ETHOSCOPE_254,11,male,CS,ryanodine,26/05/2021,ZT0,100
08/06/2021,ETHOSCOPE_254,12,male,CS,ryanodine,26/05/2021,ZT0,100
08/06/2021,ETHOSCOPE_254,13,male,CS,ryanodine,26/05/2021,ZT0,100
08/06/2021,ETHOSCOPE_254,14,male,CS,ryanodine,26/05/2021,ZT0,100
08/06/2021,ETHOSCOPE_254,15,male,CS,ryanodine,26/05/2021,ZT0,100
08/06/2021,ETHOSCOPE_254,16,male,CS,ryanodine,26/05/2021,ZT0,100
08/06/2021,ETHOSCOPE_254,17,male,CS,ryanodine,26/05/2021,ZT0,100
08/06/2021,ETHOSCOPE_254,18,male,CS,ryanodine,26/05/2021,ZT0,100
08/06/2021,ETHOSCOPE_254,19,male,CS,ryanodine,26/05/2021,ZT0,100
08/06/2021,ETHOSCOPE_254,20,male,CS,ryanodine,26/05/2021,ZT0,100
08/06/2021,ETHOSCOPE_254,21,male,CS,ryanodine,26/05/2021,ZT0,100
08/06/2021,ETHOSCOPE_254,22,male,CS,ryanodine,26/05/2021,ZT0,100
08/06/2021,ETHOSCOPE_254,23,male,CS,ryanodine,26/05/2021,ZT0,100
08/06/2021,ETHOSCOPE_254,24,male,CS,ryanodine,26/05/2021,ZT0,100
23/06/2021,ETHOSCOPE_139,1,male,CS,Diamide_syn_cpd,11/06/2021,ZT0,100
23/06/2021,ETHOSCOPE_139,2,male,CS,Diamide_syn_cpd,11/06/2021,ZT0,100
23/06/2021,ETHOSCOPE_139,3,male,CS,Diamide_syn_cpd,11/06/2021,ZT0,100
23/06/2021,ETHOSCOPE_139,4,male,CS,Diamide_syn_cpd,11/06/2021,ZT0,100
23/06/2021,ETHOSCOPE_139,5,male,CS,Diamide_syn_cpd,11/06/2021,ZT0,100
23/06/2021,ETHOSCOPE_139,6,male,CS,Diamide_syn_cpd,11/06/2021,ZT0,100
23/06/2021,ETHOSCOPE_139,7,male,CS,Diamide_syn_cpd,11/06/2021,ZT0,100
23/06/2021,ETHOSCOPE_139,8,male,CS,Diamide_syn_cpd,11/06/2021,ZT0,100
23/06/2021,ETHOSCOPE_139,9,male,CS,Diamide_syn_cpd,11/06/2021,ZT0,100
23/06/2021,ETHOSCOPE_139,10,male,CS,Diamide_syn_cpd,11/06/2021,ZT0,100
23/06/2021,ETHOSCOPE_139,11,male,CS,Diamide_syn_cpd,11/06/2021,ZT0,100
23/06/2021,ETHOSCOPE_139,12,male,CS,Diamide_syn_cpd,11/06/2021,ZT0,100
23/06/2021,ETHOSCOPE_139,13,male,CS,Diamide_syn_cpd,11/06/2021,ZT0,100
23/06/2021,ETHOSCOPE_139,14,male,CS,Diamide_syn_cpd,11/06/2021,ZT0,100
23/06/2021,ETHOSCOPE_139,15,male,CS,Diamide_syn_cpd,11/06/2021,ZT0,100
23/06/2021,ETHOSCOPE_139,16,male,CS,Diamide_syn_cpd,11/06/2021,ZT0,100
23/06/2021,ETHOSCOPE_139,17,male,CS,Diamide_syn_cpd,11/06/2021,ZT0,100
23/06/2021,ETHOSCOPE_139,18,male,CS,Diamide_syn_cpd,11/06/2021,ZT0,100
23/06/2021,ETHOSCOPE_139,19,male,CS,Diamide_syn_cpd,11/06/2021,ZT0,100
23/06/2021,ETHOSCOPE_139,20,male,CS,Diamide_syn_cpd,11/06/2021,ZT0,100
23/06/2021,ETHOSCOPE_139,21,male,CS,Diamide_syn_cpd,11/06/2021,ZT0,100
23/06/2021,ETHOSCOPE_139,22,male,CS,Diamide_syn_cpd,11/06/2021,ZT0,100
23/06/2021,ETHOSCOPE_139,23,male,CS,Diamide_syn_cpd,11/06/2021,ZT0,100
23/06/2021,ETHOSCOPE_139,24,male,CS,Diamide_syn_cpd,11/06/2021,ZT0,100
23/06/2021,ETHOSCOPE_257,1,male,CS,abamectin,11/06/2021,ZT0,100
23/06/2021,ETHOSCOPE_257,2,male,CS,abamectin,11/06/2021,ZT0,100
23/06/2021,ETHOSCOPE_257,3,male,CS,abamectin,11/06/2021,ZT0,100
23/06/2021,ETHOSCOPE_257,4,male,CS,abamectin,11/06/2021,ZT0,100
23/06/2021,ETHOSCOPE_257,5,male,CS,abamectin,11/06/2021,ZT0,100
23/06/2021,ETHOSCOPE_257,6,male,CS,abamectin,11/06/2021,ZT0,100
23/06/2021,ETHOSCOPE_257,7,male,CS,abamectin,11/06/2021,ZT0,100
23/06/2021,ETHOSCOPE_257,8,male,CS,abamectin,11/06/2021,ZT0,100
23/06/2021,ETHOSCOPE_257,9,male,CS,abamectin,11/06/2021,ZT0,100
23/06/2021,ETHOSCOPE_257,10,male,CS,abamectin,11/06/2021,ZT0,100
23/06/2021,ETHOSCOPE_257,11,male,CS,abamectin,11/06/2021,ZT0,100
23/06/2021,ETHOSCOPE_257,12,male,CS,abamectin,11/06/2021,ZT0,100
23/06/2021,ETHOSCOPE_257,13,male,CS,abamectin,11/06/2021,ZT0,100
23/06/2021,ETHOSCOPE_257,14,male,CS,abamectin,11/06/2021,ZT0,100
23/06/2021,ETHOSCOPE_257,15,male,CS,abamectin,11/06/2021,ZT0,100
23/06/2021,ETHOSCOPE_257,16,male,CS,abamectin,11/06/2021,ZT0,100
23/06/2021,ETHOSCOPE_257,17,male,CS,abamectin,11/06/2021,ZT0,100
23/06/2021,ETHOSCOPE_257,18,male,CS,abamectin,11/06/2021,ZT0,100
23/06/2021,ETHOSCOPE_257,19,male,CS,abamectin,11/06/2021,ZT0,100
23/06/2021,ETHOSCOPE_257,20,male,CS,abamectin,11/06/2021,ZT0,100
23/06/2021,ETHOSCOPE_257,21,male,CS,abamectin,11/06/2021,ZT0,100
23/06/2021,ETHOSCOPE_257,22,male,CS,abamectin,11/06/2021,ZT0,100
23/06/2021,ETHOSCOPE_257,23,male,CS,abamectin,11/06/2021,ZT0,100
23/06/2021,ETHOSCOPE_257,24,male,CS,abamectin,11/06/2021,ZT0,100
13/07/2021,ETHOSCOPE_252,1,male,CS,tetramethrin,02/07/2021,ZT0,100
13/07/2021,ETHOSCOPE_252,2,male,CS,tetramethrin,02/07/2021,ZT0,100
13/07/2021,ETHOSCOPE_252,3,male,CS,tetramethrin,02/07/2021,ZT0,100
13/07/2021,ETHOSCOPE_252,4,male,CS,tetramethrin,02/07/2021,ZT0,100
13/07/2021,ETHOSCOPE_252,5,male,CS,tetramethrin,02/07/2021,ZT0,100
13/07/2021,ETHOSCOPE_252,6,male,CS,tetramethrin,02/07/2021,ZT0,100
13/07/2021,ETHOSCOPE_252,7,male,CS,tetramethrin,02/07/2021,ZT0,100
13/07/2021,ETHOSCOPE_252,8,male,CS,tetramethrin,02/07/2021,ZT0,100
13/07/2021,ETHOSCOPE_252,9,male,CS,tetramethrin,02/07/2021,ZT0,100
13/07/2021,ETHOSCOPE_252,10,male,CS,tetramethrin,02/07/2021,ZT0,100
13/07/2021,ETHOSCOPE_252,11,male,CS,tetramethrin,02/07/2021,ZT0,100
13/07/2021,ETHOSCOPE_252,12,male,CS,tetramethrin,02/07/2021,ZT0,100
13/07/2021,ETHOSCOPE_252,13,male,CS,tetramethrin,02/07/2021,ZT0,100
13/07/2021,ETHOSCOPE_252,14,male,CS,tetramethrin,02/07/2021,ZT0,100
13/07/2021,ETHOSCOPE_252,15,male,CS,tetramethrin,02/07/2021,ZT0,100
13/07/2021,ETHOSCOPE_252,16,male,CS,tetramethrin,02/07/2021,ZT0,100
13/07/2021,ETHOSCOPE_252,17,male,CS,tetramethrin,02/07/2021,ZT0,100
13/07/2021,ETHOSCOPE_252,18,male,CS,tetramethrin,02/07/2021,ZT0,100
13/07/2021,ETHOSCOPE_252,19,male,CS,tetramethrin,02/07/2021,ZT0,100
13/07/2021,ETHOSCOPE_252,20,male,CS,tetramethrin,02/07/2021,ZT0,100
13/07/2021,ETHOSCOPE_252,21,male,CS,tetramethrin,02/07/2021,ZT0,100
13/07/2021,ETHOSCOPE_252,22,male,CS,tetramethrin,02/07/2021,ZT0,100
13/07/2021,ETHOSCOPE_252,23,male,CS,tetramethrin,02/07/2021,ZT0,100
13/07/2021,ETHOSCOPE_252,24,male,CS,tetramethrin,02/07/2021,ZT0,100
13/07/2021,ETHOSCOPE_147,1,male,CS,cyantraniliprole,02/07/2021,ZT0,100
13/07/2021,ETHOSCOPE_147,2,male,CS,cyantraniliprole,02/07/2021,ZT0,100
13/07/2021,ETHOSCOPE_147,3,male,CS,cyantraniliprole,02/07/2021,ZT0,100
13/07/2021,ETHOSCOPE_147,4,male,CS,cyantraniliprole,02/07/2021,ZT0,100
13/07/2021,ETHOSCOPE_147,5,male,CS,cyantraniliprole,02/07/2021,ZT0,100
13/07/2021,ETHOSCOPE_147,6,male,CS,cyantraniliprole,02/07/2021,ZT0,100
13/07/2021,ETHOSCOPE_147,7,male,CS,cyantraniliprole,02/07/2021,ZT0,100
13/07/2021,ETHOSCOPE_147,8,male,CS,cyantraniliprole,02/07/2021,ZT0,100
13/07/2021,ETHOSCOPE_147,9,male,CS,cyantraniliprole,02/07/2021,ZT0,100
13/07/2021,ETHOSCOPE_147,10,male,CS,cyantraniliprole,02/07/2021,ZT0,100
13/07/2021,ETHOSCOPE_147,11,male,CS,cyantraniliprole,02/07/2021,ZT0,100
13/07/2021,ETHOSCOPE_147,12,male,CS,cyantraniliprole,02/07/2021,ZT0,100
13/07/2021,ETHOSCOPE_147,13,male,CS,cyantraniliprole,02/07/2021,ZT0,100
13/07/2021,ETHOSCOPE_147,14,male,CS,cyantraniliprole,02/07/2021,ZT0,100
13/07/2021,ETHOSCOPE_147,15,male,CS,cyantraniliprole,02/07/2021,ZT0,100
13/07/2021,ETHOSCOPE_147,16,male,CS,cyantraniliprole,02/07/2021,ZT0,100
13/07/2021,ETHOSCOPE_147,17,male,CS,cyantraniliprole,02/07/2021,ZT0,100
13/07/2021,ETHOSCOPE_147,18,male,CS,cyantraniliprole,02/07/2021,ZT0,100
13/07/2021,ETHOSCOPE_147,19,male,CS,cyantraniliprole,02/07/2021,ZT0,100
13/07/2021,ETHOSCOPE_147,20,male,CS,cyantraniliprole,02/07/2021,ZT0,100
13/07/2021,ETHOSCOPE_147,21,male,CS,cyantraniliprole,02/07/2021,ZT0,100
13/07/2021,ETHOSCOPE_147,22,male,CS,cyantraniliprole,02/07/2021,ZT0,100
13/07/2021,ETHOSCOPE_147,23,male,CS,cyantraniliprole,02/07/2021,ZT0,100
13/07/2021,ETHOSCOPE_147,24,male,CS,cyantraniliprole,02/07/2021,ZT0,100
15/07/2021,ETHOSCOPE_257,1,male,CS,tetramethrin,02/07/2021,ZT0,100
15/07/2021,ETHOSCOPE_257,2,male,CS,tetramethrin,02/07/2021,ZT0,100
15/07/2021,ETHOSCOPE_257,3,male,CS,tetramethrin,02/07/2021,ZT0,100
15/07/2021,ETHOSCOPE_257,4,male,CS,tetramethrin,02/07/2021,ZT0,100
15/07/2021,ETHOSCOPE_257,5,male,CS,tetramethrin,02/07/2021,ZT0,100
15/07/2021,ETHOSCOPE_257,6,male,CS,tetramethrin,02/07/2021,ZT0,100
15/07/2021,ETHOSCOPE_257,7,male,CS,tetramethrin,02/07/2021,ZT0,100
15/07/2021,ETHOSCOPE_257,8,male,CS,tetramethrin,02/07/2021,ZT0,100
15/07/2021,ETHOSCOPE_257,9,male,CS,tetramethrin,02/07/2021,ZT0,100
15/07/2021,ETHOSCOPE_257,10,male,CS,tetramethrin,02/07/2021,ZT0,100
15/07/2021,ETHOSCOPE_257,11,male,CS,tetramethrin,02/07/2021,ZT0,100
15/07/2021,ETHOSCOPE_257,12,male,CS,tetramethrin,02/07/2021,ZT0,100
15/07/2021,ETHOSCOPE_257,13,male,CS,tetramethrin,02/07/2021,ZT0,100
15/07/2021,ETHOSCOPE_257,14,male,CS,tetramethrin,02/07/2021,ZT0,100
15/07/2021,ETHOSCOPE_257,15,male,CS,tetramethrin,02/07/2021,ZT0,100
15/07/2021,ETHOSCOPE_257,16,male,CS,tetramethrin,02/07/2021,ZT0,100
15/07/2021,ETHOSCOPE_257,17,male,CS,tetramethrin,02/07/2021,ZT0,100
15/07/2021,ETHOSCOPE_257,18,male,CS,tetramethrin,02/07/2021,ZT0,100
15/07/2021,ETHOSCOPE_257,19,male,CS,tetramethrin,02/07/2021,ZT0,100
15/07/2021,ETHOSCOPE_257,20,male,CS,tetramethrin,02/07/2021,ZT0,100
15/07/2021,ETHOSCOPE_257,21,male,CS,tetramethrin,02/07/2021,ZT0,100
15/07/2021,ETHOSCOPE_257,22,male,CS,tetramethrin,02/07/2021,ZT0,100
15/07/2021,ETHOSCOPE_257,23,male,CS,tetramethrin,02/07/2021,ZT0,100
15/07/2021,ETHOSCOPE_257,24,male,CS,tetramethrin,02/07/2021,ZT0,100
15/07/2021,ETHOSCOPE_217,1,male,CS,cyantraniliprole,02/07/2021,ZT0,100
15/07/2021,ETHOSCOPE_217,2,male,CS,cyantraniliprole,02/07/2021,ZT0,100
15/07/2021,ETHOSCOPE_217,3,male,CS,cyantraniliprole,02/07/2021,ZT0,100
15/07/2021,ETHOSCOPE_217,4,male,CS,cyantraniliprole,02/07/2021,ZT0,100
15/07/2021,ETHOSCOPE_217,5,male,CS,cyantraniliprole,02/07/2021,ZT0,100
15/07/2021,ETHOSCOPE_217,6,male,CS,cyantraniliprole,02/07/2021,ZT0,100
15/07/2021,ETHOSCOPE_217,7,male,CS,cyantraniliprole,02/07/2021,ZT0,100
15/07/2021,ETHOSCOPE_217,8,male,CS,cyantraniliprole,02/07/2021,ZT0,100
15/07/2021,ETHOSCOPE_217,9,male,CS,cyantraniliprole,02/07/2021,ZT0,100
15/07/2021,ETHOSCOPE_217,10,male,CS,cyantraniliprole,02/07/2021,ZT0,100
15/07/2021,ETHOSCOPE_217,11,male,CS,cyantraniliprole,02/07/2021,ZT0,100
15/07/2021,ETHOSCOPE_217,12,male,CS,cyantraniliprole,02/07/2021,ZT0,100
15/07/2021,ETHOSCOPE_217,13,male,CS,cyantraniliprole,02/07/2021,ZT0,100
15/07/2021,ETHOSCOPE_217,14,male,CS,cyantraniliprole,02/07/2021,ZT0,100
15/07/2021,ETHOSCOPE_217,15,male,CS,cyantraniliprole,02/07/2021,ZT0,100
15/07/2021,ETHOSCOPE_217,16,male,CS,cyantraniliprole,02/07/2021,ZT0,100
15/07/2021,ETHOSCOPE_217,17,male,CS,cyantraniliprole,02/07/2021,ZT0,100
15/07/2021,ETHOSCOPE_217,18,male,CS,cyantraniliprole,02/07/2021,ZT0,100
15/07/2021,ETHOSCOPE_217,19,male,CS,cyantraniliprole,02/07/2021,ZT0,100
15/07/2021,ETHOSCOPE_217,20,male,CS,cyantraniliprole,02/07/2021,ZT0,100
15/07/2021,ETHOSCOPE_217,21,male,CS,cyantraniliprole,02/07/2021,ZT0,100
15/07/2021,ETHOSCOPE_217,22,male,CS,cyantraniliprole,02/07/2021,ZT0,100
15/07/2021,ETHOSCOPE_217,23,male,CS,cyantraniliprole,02/07/2021,ZT0,100
15/07/2021,ETHOSCOPE_217,24,male,CS,cyantraniliprole,02/07/2021,ZT0,100
16/07/2021,ETHOSCOPE_141,1,male,CS,cyantraniliprole,05/07/2021,ZT0,100
16/07/2021,ETHOSCOPE_141,2,male,CS,cyantraniliprole,05/07/2021,ZT0,100
16/07/2021,ETHOSCOPE_141,3,male,CS,cyantraniliprole,05/07/2021,ZT0,100
16/07/2021,ETHOSCOPE_141,4,male,CS,cyantraniliprole,05/07/2021,ZT0,100
16/07/2021,ETHOSCOPE_141,5,male,CS,cyantraniliprole,05/07/2021,ZT0,100
16/07/2021,ETHOSCOPE_141,6,male,CS,cyantraniliprole,05/07/2021,ZT0,100
16/07/2021,ETHOSCOPE_141,7,male,CS,cyantraniliprole,05/07/2021,ZT0,100
16/07/2021,ETHOSCOPE_141,8,male,CS,cyantraniliprole,05/07/2021,ZT0,100
16/07/2021,ETHOSCOPE_141,9,male,CS,cyantraniliprole,05/07/2021,ZT0,100
16/07/2021,ETHOSCOPE_141,10,male,CS,cyantraniliprole,05/07/2021,ZT0,100
16/07/2021,ETHOSCOPE_141,11,male,CS,cyantraniliprole,05/07/2021,ZT0,100
16/07/2021,ETHOSCOPE_141,12,male,CS,cyantraniliprole,05/07/2021,ZT0,100
16/07/2021,ETHOSCOPE_141,13,male,CS,cyantraniliprole,05/07/2021,ZT0,100
16/07/2021,ETHOSCOPE_141,14,male,CS,cyantraniliprole,05/07/2021,ZT0,100
16/07/2021,ETHOSCOPE_141,15,male,CS,cyantraniliprole,05/07/2021,ZT0,100
16/07/2021,ETHOSCOPE_141,16,male,CS,cyantraniliprole,05/07/2021,ZT0,100
16/07/2021,ETHOSCOPE_141,17,male,CS,cyantraniliprole,05/07/2021,ZT0,100
16/07/2021,ETHOSCOPE_141,18,male,CS,cyantraniliprole,05/07/2021,ZT0,100
16/07/2021,ETHOSCOPE_141,19,male,CS,cyantraniliprole,05/07/2021,ZT0,100
16/07/2021,ETHOSCOPE_141,20,male,CS,cyantraniliprole,05/07/2021,ZT0,100
16/07/2021,ETHOSCOPE_141,21,male,CS,cyantraniliprole,05/07/2021,ZT0,100
16/07/2021,ETHOSCOPE_141,22,male,CS,cyantraniliprole,05/07/2021,ZT0,100
16/07/2021,ETHOSCOPE_141,23,male,CS,cyantraniliprole,05/07/2021,ZT0,100
16/07/2021,ETHOSCOPE_141,24,male,CS,cyantraniliprole,05/07/2021,ZT0,100
16/07/2021,ETHOSCOPE_252,1,male,CS,tetramethrin,05/07/2021,ZT0,100
16/07/2021,ETHOSCOPE_252,2,male,CS,tetramethrin,05/07/2021,ZT0,100
16/07/2021,ETHOSCOPE_252,3,male,CS,tetramethrin,05/07/2021,ZT0,100
16/07/2021,ETHOSCOPE_252,4,male,CS,tetramethrin,05/07/2021,ZT0,100
16/07/2021,ETHOSCOPE_252,5,male,CS,tetramethrin,05/07/2021,ZT0,100
16/07/2021,ETHOSCOPE_252,6,male,CS,tetramethrin,05/07/2021,ZT0,100
16/07/2021,ETHOSCOPE_252,7,male,CS,tetramethrin,05/07/2021,ZT0,100
16/07/2021,ETHOSCOPE_252,8,male,CS,tetramethrin,05/07/2021,ZT0,100
16/07/2021,ETHOSCOPE_252,9,male,CS,tetramethrin,05/07/2021,ZT0,100
16/07/2021,ETHOSCOPE_252,10,male,CS,tetramethrin,05/07/2021,ZT0,100
16/07/2021,ETHOSCOPE_252,11,male,CS,tetramethrin,05/07/2021,ZT0,100
16/07/2021,ETHOSCOPE_252,12,male,CS,tetramethrin,05/07/2021,ZT0,100
16/07/2021,ETHOSCOPE_252,13,male,CS,tetramethrin,05/07/2021,ZT0,100
16/07/2021,ETHOSCOPE_252,14,male,CS,tetramethrin,05/07/2021,ZT0,100
16/07/2021,ETHOSCOPE_252,15,male,CS,tetramethrin,05/07/2021,ZT0,100
16/07/2021,ETHOSCOPE_252,16,male,CS,tetramethrin,05/07/2021,ZT0,100
16/07/2021,ETHOSCOPE_252,17,male,CS,tetramethrin,05/07/2021,ZT0,100
16/07/2021,ETHOSCOPE_252,18,male,CS,tetramethrin,05/07/2021,ZT0,100
16/07/2021,ETHOSCOPE_252,19,male,CS,tetramethrin,05/07/2021,ZT0,100
16/07/2021,ETHOSCOPE_252,20,male,CS,tetramethrin,05/07/2021,ZT0,100
16/07/2021,ETHOSCOPE_252,21,male,CS,tetramethrin,05/07/2021,ZT0,100
16/07/2021,ETHOSCOPE_252,22,male,CS,tetramethrin,05/07/2021,ZT0,100
16/07/2021,ETHOSCOPE_252,23,male,CS,tetramethrin,05/07/2021,ZT0,100
16/07/2021,ETHOSCOPE_252,24,male,CS,tetramethrin,05/07/2021,ZT0,100
21/06/2021,ETHOSCOPE_139,1,male,CS,abamectin,09/06/2021,ZT0,100
21/06/2021,ETHOSCOPE_139,2,male,CS,abamectin,09/06/2021,ZT0,100
21/06/2021,ETHOSCOPE_139,3,male,CS,abamectin,09/06/2021,ZT0,100
21/06/2021,ETHOSCOPE_139,4,male,CS,abamectin,09/06/2021,ZT0,100
21/06/2021,ETHOSCOPE_139,5,male,CS,abamectin,09/06/2021,ZT0,100
21/06/2021,ETHOSCOPE_139,6,male,CS,abamectin,09/06/2021,ZT0,100
21/06/2021,ETHOSCOPE_139,7,male,CS,abamectin,09/06/2021,ZT0,100
21/06/2021,ETHOSCOPE_139,8,male,CS,abamectin,09/06/2021,ZT0,100
21/06/2021,ETHOSCOPE_139,9,male,CS,abamectin,09/06/2021,ZT0,100
21/06/2021,ETHOSCOPE_139,10,male,CS,abamectin,09/06/2021,ZT0,100
21/06/2021,ETHOSCOPE_139,11,male,CS,abamectin,09/06/2021,ZT0,100
21/06/2021,ETHOSCOPE_139,12,male,CS,abamectin,09/06/2021,ZT0,100
21/06/2021,ETHOSCOPE_139,13,male,CS,abamectin,09/06/2021,ZT0,100
21/06/2021,ETHOSCOPE_139,14,male,CS,abamectin,09/06/2021,ZT0,100
21/06/2021,ETHOSCOPE_139,15,male,CS,abamectin,09/06/2021,ZT0,100
21/06/2021,ETHOSCOPE_139,16,male,CS,abamectin,09/06/2021,ZT0,100
21/06/2021,ETHOSCOPE_139,17,male,CS,abamectin,09/06/2021,ZT0,100
21/06/2021,ETHOSCOPE_139,18,male,CS,abamectin,09/06/2021,ZT0,100
21/06/2021,ETHOSCOPE_139,19,male,CS,abamectin,09/06/2021,ZT0,100
21/06/2021,ETHOSCOPE_139,20,male,CS,abamectin,09/06/2021,ZT0,100
21/06/2021,ETHOSCOPE_139,21,male,CS,abamectin,09/06/2021,ZT0,100
21/06/2021,ETHOSCOPE_139,22,male,CS,abamectin,09/06/2021,ZT0,100
21/06/2021,ETHOSCOPE_139,23,male,CS,abamectin,09/06/2021,ZT0,100
21/06/2021,ETHOSCOPE_139,24,male,CS,abamectin,09/06/2021,ZT0,100
21/06/2021,ETHOSCOPE_261,1,male,CS,Diamide_syn_cpd,09/06/2021,ZT0,100
21/06/2021,ETHOSCOPE_261,2,male,CS,Diamide_syn_cpd,09/06/2021,ZT0,100
21/06/2021,ETHOSCOPE_261,3,male,CS,Diamide_syn_cpd,09/06/2021,ZT0,100
21/06/2021,ETHOSCOPE_261,4,male,CS,Diamide_syn_cpd,09/06/2021,ZT0,100
21/06/2021,ETHOSCOPE_261,5,male,CS,Diamide_syn_cpd,09/06/2021,ZT0,100
21/06/2021,ETHOSCOPE_261,6,male,CS,Diamide_syn_cpd,09/06/2021,ZT0,100
21/06/2021,ETHOSCOPE_261,7,male,CS,Diamide_syn_cpd,09/06/2021,ZT0,100
21/06/2021,ETHOSCOPE_261,8,male,CS,Diamide_syn_cpd,09/06/2021,ZT0,100
21/06/2021,ETHOSCOPE_261,9,male,CS,Diamide_syn_cpd,09/06/2021,ZT0,100
21/06/2021,ETHOSCOPE_261,10,male,CS,Diamide_syn_cpd,09/06/2021,ZT0,100
21/06/2021,ETHOSCOPE_261,11,male,CS,Diamide_syn_cpd,09/06/2021,ZT0,100
21/06/2021,ETHOSCOPE_261,12,male,CS,Diamide_syn_cpd,09/06/2021,ZT0,100
21/06/2021,ETHOSCOPE_261,13,male,CS,Diamide_syn_cpd,09/06/2021,ZT0,100
21/06/2021,ETHOSCOPE_261,14,male,CS,Diamide_syn_cpd,09/06/2021,ZT0,100
21/06/2021,ETHOSCOPE_261,15,male,CS,Diamide_syn_cpd,09/06/2021,ZT0,100
21/06/2021,ETHOSCOPE_261,16,male,CS,Diamide_syn_cpd,09/06/2021,ZT0,100
21/06/2021,ETHOSCOPE_261,17,male,CS,Diamide_syn_cpd,09/06/2021,ZT0,100
21/06/2021,ETHOSCOPE_261,18,male,CS,Diamide_syn_cpd,09/06/2021,ZT0,100
21/06/2021,ETHOSCOPE_261,19,male,CS,Diamide_syn_cpd,09/06/2021,ZT0,100
21/06/2021,ETHOSCOPE_261,20,male,CS,Diamide_syn_cpd,09/06/2021,ZT0,100
21/06/2021,ETHOSCOPE_261,21,male,CS,Diamide_syn_cpd,09/06/2021,ZT0,100
21/06/2021,ETHOSCOPE_261,22,male,CS,Diamide_syn_cpd,09/06/2021,ZT0,100
21/06/2021,ETHOSCOPE_261,23,male,CS,Diamide_syn_cpd,09/06/2021,ZT0,100
21/06/2021,ETHOSCOPE_261,24,male,CS,Diamide_syn_cpd,09/06/2021,ZT0,100
18/06/2021,ETHOSCOPE_151,1,male,CS,Diamide_syn_cpd,06/06/2021,ZT0,100
18/06/2021,ETHOSCOPE_151,2,male,CS,Diamide_syn_cpd,06/06/2021,ZT0,100
18/06/2021,ETHOSCOPE_151,3,male,CS,Diamide_syn_cpd,06/06/2021,ZT0,100
18/06/2021,ETHOSCOPE_151,4,male,CS,Diamide_syn_cpd,06/06/2021,ZT0,100
18/06/2021,ETHOSCOPE_151,5,male,CS,Diamide_syn_cpd,06/06/2021,ZT0,100
18/06/2021,ETHOSCOPE_151,6,male,CS,Diamide_syn_cpd,06/06/2021,ZT0,100
18/06/2021,ETHOSCOPE_151,7,male,CS,Diamide_syn_cpd,06/06/2021,ZT0,100
18/06/2021,ETHOSCOPE_151,8,male,CS,Diamide_syn_cpd,06/06/2021,ZT0,100
18/06/2021,ETHOSCOPE_151,9,male,CS,Diamide_syn_cpd,06/06/2021,ZT0,100
18/06/2021,ETHOSCOPE_151,10,male,CS,Diamide_syn_cpd,06/06/2021,ZT0,100
18/06/2021,ETHOSCOPE_151,11,male,CS,Diamide_syn_cpd,06/06/2021,ZT0,100
18/06/2021,ETHOSCOPE_151,12,male,CS,Diamide_syn_cpd,06/06/2021,ZT0,100
18/06/2021,ETHOSCOPE_151,13,male,CS,Diamide_syn_cpd,06/06/2021,ZT0,100
18/06/2021,ETHOSCOPE_151,14,male,CS,Diamide_syn_cpd,06/06/2021,ZT0,100
18/06/2021,ETHOSCOPE_151,15,male,CS,Diamide_syn_cpd,06/06/2021,ZT0,100
18/06/2021,ETHOSCOPE_151,16,male,CS,Diamide_syn_cpd,06/06/2021,ZT0,100
18/06/2021,ETHOSCOPE_151,17,male,CS,Diamide_syn_cpd,06/06/2021,ZT0,100
18/06/2021,ETHOSCOPE_151,18,male,CS,Diamide_syn_cpd,06/06/2021,ZT0,100
18/06/2021,ETHOSCOPE_151,19,male,CS,Diamide_syn_cpd,06/06/2021,ZT0,100
18/06/2021,ETHOSCOPE_151,20,male,CS,Diamide_syn_cpd,06/06/2021,ZT0,100
18/06/2021,ETHOSCOPE_151,21,male,CS,Diamide_syn_cpd,06/06/2021,ZT0,100
18/06/2021,ETHOSCOPE_151,22,male,CS,Diamide_syn_cpd,06/06/2021,ZT0,100
18/06/2021,ETHOSCOPE_151,23,male,CS,Diamide_syn_cpd,06/06/2021,ZT0,100
18/06/2021,ETHOSCOPE_151,24,male,CS,Diamide_syn_cpd,06/06/2021,ZT0,100
08/06/2021,ETHOSCOPE_148,1,male,CS,abamectin,06/06/2021,ZT0,100
08/06/2021,ETHOSCOPE_148,2,male,CS,abamectin,06/06/2021,ZT0,100
08/06/2021,ETHOSCOPE_148,3,male,CS,abamectin,06/06/2021,ZT0,100
08/06/2021,ETHOSCOPE_148,4,male,CS,abamectin,06/06/2021,ZT0,100
08/06/2021,ETHOSCOPE_148,5,male,CS,abamectin,06/06/2021,ZT0,100
08/06/2021,ETHOSCOPE_148,6,male,CS,abamectin,06/06/2021,ZT0,100
08/06/2021,ETHOSCOPE_148,7,male,CS,abamectin,06/06/2021,ZT0,100
08/06/2021,ETHOSCOPE_148,8,male,CS,abamectin,06/06/2021,ZT0,100
08/06/2021,ETHOSCOPE_148,9,male,CS,abamectin,06/06/2021,ZT0,100
08/06/2021,ETHOSCOPE_148,10,male,CS,abamectin,06/06/2021,ZT0,100
08/06/2021,ETHOSCOPE_148,11,male,CS,abamectin,06/06/2021,ZT0,100
08/06/2021,ETHOSCOPE_148,12,male,CS,abamectin,06/06/2021,ZT0,100
08/06/2021,ETHOSCOPE_148,13,male,CS,abamectin,06/06/2021,ZT0,100
08/06/2021,ETHOSCOPE_148,14,male,CS,abamectin,06/06/2021,ZT0,100
08/06/2021,ETHOSCOPE_148,15,male,CS,abamectin,06/06/2021,ZT0,100
08/06/2021,ETHOSCOPE_148,16,male,CS,abamectin,06/06/2021,ZT0,100
08/06/2021,ETHOSCOPE_148,17,male,CS,abamectin,06/06/2021,ZT0,100
08/06/2021,ETHOSCOPE_148,18,male,CS,abamectin,06/06/2021,ZT0,100
08/06/2021,ETHOSCOPE_148,19,male,CS,abamectin,06/06/2021,ZT0,100
08/06/2021,ETHOSCOPE_148,20,male,CS,abamectin,06/06/2021,ZT0,100
08/06/2021,ETHOSCOPE_148,21,male,CS,abamectin,06/06/2021,ZT0,100
08/06/2021,ETHOSCOPE_148,22,male,CS,abamectin,06/06/2021,ZT0,100
08/06/2021,ETHOSCOPE_148,23,male,CS,abamectin,06/06/2021,ZT0,100
08/06/2021,ETHOSCOPE_148,24,male,CS,abamectin,06/06/2021,ZT0,100
26/07/2021,ETHOSCOPE_261,1,male,CS,dieldrin,14/07/2021,ZT0,100
26/07/2021,ETHOSCOPE_261,2,male,CS,dieldrin,14/07/2021,ZT0,100
26/07/2021,ETHOSCOPE_261,3,male,CS,dieldrin,14/07/2021,ZT0,100
26/07/2021,ETHOSCOPE_261,4,male,CS,dieldrin,14/07/2021,ZT0,100
26/07/2021,ETHOSCOPE_261,5,male,CS,dieldrin,14/07/2021,ZT0,100
26/07/2021,ETHOSCOPE_261,6,male,CS,dieldrin,14/07/2021,ZT0,100
26/07/2021,ETHOSCOPE_261,7,male,CS,dieldrin,14/07/2021,ZT0,100
26/07/2021,ETHOSCOPE_261,8,male,CS,dieldrin,14/07/2021,ZT0,100
26/07/2021,ETHOSCOPE_261,9,male,CS,dieldrin,14/07/2021,ZT0,100
26/07/2021,ETHOSCOPE_261,10,male,CS,dieldrin,14/07/2021,ZT0,100
26/07/2021,ETHOSCOPE_261,11,male,CS,dieldrin,14/07/2021,ZT0,100
26/07/2021,ETHOSCOPE_261,12,male,CS,dieldrin,14/07/2021,ZT0,100
26/07/2021,ETHOSCOPE_261,13,male,CS,dieldrin,14/07/2021,ZT0,100
26/07/2021,ETHOSCOPE_261,14,male,CS,dieldrin,14/07/2021,ZT0,100
26/07/2021,ETHOSCOPE_261,15,male,CS,dieldrin,14/07/2021,ZT0,100
26/07/2021,ETHOSCOPE_261,16,male,CS,dieldrin,14/07/2021,ZT0,100
26/07/2021,ETHOSCOPE_261,17,male,CS,dieldrin,14/07/2021,ZT0,100
26/07/2021,ETHOSCOPE_261,18,male,CS,dieldrin,14/07/2021,ZT0,100
26/07/2021,ETHOSCOPE_261,19,male,CS,dieldrin,14/07/2021,ZT0,100
26/07/2021,ETHOSCOPE_261,20,male,CS,dieldrin,14/07/2021,ZT0,100
26/07/2021,ETHOSCOPE_261,21,male,CS,dieldrin,14/07/2021,ZT0,100
26/07/2021,ETHOSCOPE_261,22,male,CS,dieldrin,14/07/2021,ZT0,100
26/07/2021,ETHOSCOPE_261,23,male,CS,dieldrin,14/07/2021,ZT0,100
26/07/2021,ETHOSCOPE_261,24,male,CS,dieldrin,14/07/2021,ZT0,100
30/07/2021,ETHOSCOPE_217,1,male,CS,dieldrin,16/07/2021,ZT0,100
30/07/2021,ETHOSCOPE_217,2,male,CS,dieldrin,16/07/2021,ZT0,100
30/07/2021,ETHOSCOPE_217,3,male,CS,dieldrin,16/07/2021,ZT0,100
30/07/2021,ETHOSCOPE_217,4,male,CS,dieldrin,16/07/2021,ZT0,100
30/07/2021,ETHOSCOPE_217,5,male,CS,dieldrin,16/07/2021,ZT0,100
30/07/2021,ETHOSCOPE_217,6,male,CS,dieldrin,16/07/2021,ZT0,100
30/07/2021,ETHOSCOPE_217,7,male,CS,dieldrin,16/07/2021,ZT0,100
30/07/2021,ETHOSCOPE_217,8,male,CS,dieldrin,16/07/2021,ZT0,100
30/07/2021,ETHOSCOPE_217,9,male,CS,dieldrin,16/07/2021,ZT0,100
30/07/2021,ETHOSCOPE_217,10,male,CS,dieldrin,16/07/2021,ZT0,100
30/07/2021,ETHOSCOPE_217,11,male,CS,dieldrin,16/07/2021,ZT0,100
30/07/2021,ETHOSCOPE_217,12,male,CS,dieldrin,16/07/2021,ZT0,100
30/07/2021,ETHOSCOPE_217,13,male,CS,dieldrin,16/07/2021,ZT0,100
30/07/2021,ETHOSCOPE_217,14,male,CS,dieldrin,16/07/2021,ZT0,100
30/07/2021,ETHOSCOPE_217,15,male,CS,dieldrin,16/07/2021,ZT0,100
30/07/2021,ETHOSCOPE_217,16,male,CS,dieldrin,16/07/2021,ZT0,100
30/07/2021,ETHOSCOPE_217,17,male,CS,dieldrin,16/07/2021,ZT0,100
30/07/2021,ETHOSCOPE_217,18,male,CS,dieldrin,16/07/2021,ZT0,100
30/07/2021,ETHOSCOPE_217,19,male,CS,dieldrin,16/07/2021,ZT0,100
30/07/2021,ETHOSCOPE_217,20,male,CS,dieldrin,16/07/2021,ZT0,100
30/07/2021,ETHOSCOPE_217,21,male,CS,dieldrin,16/07/2021,ZT0,100
30/07/2021,ETHOSCOPE_217,22,male,CS,dieldrin,16/07/2021,ZT0,100
30/07/2021,ETHOSCOPE_217,23,male,CS,dieldrin,16/07/2021,ZT0,100
30/07/2021,ETHOSCOPE_217,24,male,CS,dieldrin,16/07/2021,ZT0,100
04/08/2021,ETHOSCOPE_201,1,male,CS,dieldrin,23/07/2021,ZT0,100
04/08/2021,ETHOSCOPE_201,2,male,CS,dieldrin,23/07/2021,ZT0,100
04/08/2021,ETHOSCOPE_201,3,male,CS,dieldrin,23/07/2021,ZT0,100
04/08/2021,ETHOSCOPE_201,4,male,CS,dieldrin,23/07/2021,ZT0,100
04/08/2021,ETHOSCOPE_201,5,male,CS,dieldrin,23/07/2021,ZT0,100
04/08/2021,ETHOSCOPE_201,6,male,CS,dieldrin,23/07/2021,ZT0,100
04/08/2021,ETHOSCOPE_201,7,male,CS,dieldrin,23/07/2021,ZT0,100
04/08/2021,ETHOSCOPE_201,8,male,CS,dieldrin,23/07/2021,ZT0,100
04/08/2021,ETHOSCOPE_201,9,male,CS,dieldrin,23/07/2021,ZT0,100
04/08/2021,ETHOSCOPE_201,10,male,CS,dieldrin,23/07/2021,ZT0,100
04/08/2021,ETHOSCOPE_201,11,male,CS,dieldrin,23/07/2021,ZT0,100
04/08/2021,ETHOSCOPE_201,12,male,CS,dieldrin,23/07/2021,ZT0,100
04/08/2021,ETHOSCOPE_201,13,male,CS,dieldrin,23/07/2021,ZT0,100
04/08/2021,ETHOSCOPE_201,14,male,CS,dieldrin,23/07/2021,ZT0,100
04/08/2021,ETHOSCOPE_201,15,male,CS,dieldrin,23/07/2021,ZT0,100
04/08/2021,ETHOSCOPE_201,16,male,CS,dieldrin,23/07/2021,ZT0,100
04/08/2021,ETHOSCOPE_201,17,male,CS,dieldrin,23/07/2021,ZT0,100
04/08/2021,ETHOSCOPE_201,18,male,CS,dieldrin,23/07/2021,ZT0,100
04/08/2021,ETHOSCOPE_201,19,male,CS,dieldrin,23/07/2021,ZT0,100
04/08/2021,ETHOSCOPE_201,20,male,CS,dieldrin,23/07/2021,ZT0,100
04/08/2021,ETHOSCOPE_201,21,male,CS,dieldrin,23/07/2021,ZT0,100
04/08/2021,ETHOSCOPE_201,22,male,CS,dieldrin,23/07/2021,ZT0,100
04/08/2021,ETHOSCOPE_201,23,male,CS,dieldrin,23/07/2021,ZT0,100
04/08/2021,ETHOSCOPE_201,24,male,CS,dieldrin,23/07/2021,ZT0,100
09/08/2021,ETHOSCOPE_148,1,male,CS,flubendiamde,26/07/2021,ZT0,100
09/08/2021,ETHOSCOPE_148,2,male,CS,flubendiamde,26/07/2021,ZT0,100
09/08/2021,ETHOSCOPE_148,3,male,CS,flubendiamde,26/07/2021,ZT0,100
09/08/2021,ETHOSCOPE_148,4,male,CS,flubendiamde,26/07/2021,ZT0,100
09/08/2021,ETHOSCOPE_148,5,male,CS,flubendiamde,26/07/2021,ZT0,100
09/08/2021,ETHOSCOPE_148,6,male,CS,flubendiamde,26/07/2021,ZT0,100
09/08/2021,ETHOSCOPE_148,7,male,CS,flubendiamde,26/07/2021,ZT0,100
09/08/2021,ETHOSCOPE_148,8,male,CS,flubendiamde,26/07/2021,ZT0,100
09/08/2021,ETHOSCOPE_148,9,male,CS,flubendiamde,26/07/2021,ZT0,100
09/08/2021,ETHOSCOPE_148,10,male,CS,flubendiamde,26/07/2021,ZT0,100
09/08/2021,ETHOSCOPE_148,11,male,CS,flubendiamde,26/07/2021,ZT0,100
09/08/2021,ETHOSCOPE_148,12,male,CS,flubendiamde,26/07/2021,ZT0,100
09/08/2021,ETHOSCOPE_148,13,male,CS,flubendiamde,26/07/2021,ZT0,100
09/08/2021,ETHOSCOPE_148,14,male,CS,flubendiamde,26/07/2021,ZT0,100
09/08/2021,ETHOSCOPE_148,15,male,CS,flubendiamde,26/07/2021,ZT0,100
09/08/2021,ETHOSCOPE_148,16,male,CS,flubendiamde,26/07/2021,ZT0,100
09/08/2021,ETHOSCOPE_148,17,male,CS,flubendiamde,26/07/2021,ZT0,100
09/08/2021,ETHOSCOPE_148,18,male,CS,flubendiamde,26/07/2021,ZT0,100
09/08/2021,ETHOSCOPE_148,19,male,CS,flubendiamde,26/07/2021,ZT0,100
09/08/2021,ETHOSCOPE_148,20,male,CS,flubendiamde,26/07/2021,ZT0,100
09/08/2021,ETHOSCOPE_148,21,male,CS,flubendiamde,26/07/2021,ZT0,100
09/08/2021,ETHOSCOPE_148,22,male,CS,flubendiamde,26/07/2021,ZT0,100
09/08/2021,ETHOSCOPE_148,23,male,CS,flubendiamde,26/07/2021,ZT0,100
09/08/2021,ETHOSCOPE_148,24,male,CS,flubendiamde,26/07/2021,ZT0,100
09/08/2021,ETHOSCOPE_139,1,male,CS,pymetrozine,26/07/2021,ZT0,100
09/08/2021,ETHOSCOPE_139,2,male,CS,pymetrozine,26/07/2021,ZT0,100
09/08/2021,ETHOSCOPE_139,3,male,CS,pymetrozine,26/07/2021,ZT0,100
09/08/2021,ETHOSCOPE_139,4,male,CS,pymetrozine,26/07/2021,ZT0,100
09/08/2021,ETHOSCOPE_139,5,male,CS,pymetrozine,26/07/2021,ZT0,100
09/08/2021,ETHOSCOPE_139,6,male,CS,pymetrozine,26/07/2021,ZT0,100
09/08/2021,ETHOSCOPE_139,7,male,CS,pymetrozine,26/07/2021,ZT0,100
09/08/2021,ETHOSCOPE_139,8,male,CS,pymetrozine,26/07/2021,ZT0,100
09/08/2021,ETHOSCOPE_139,9,male,CS,pymetrozine,26/07/2021,ZT0,100
09/08/2021,ETHOSCOPE_139,10,male,CS,pymetrozine,26/07/2021,ZT0,100
09/08/2021,ETHOSCOPE_139,11,male,CS,pymetrozine,26/07/2021,ZT0,100
09/08/2021,ETHOSCOPE_139,12,male,CS,pymetrozine,26/07/2021,ZT0,100
09/08/2021,ETHOSCOPE_139,13,male,CS,pymetrozine,26/07/2021,ZT0,100
09/08/2021,ETHOSCOPE_139,14,male,CS,pymetrozine,26/07/2021,ZT0,100
09/08/2021,ETHOSCOPE_139,15,male,CS,pymetrozine,26/07/2021,ZT0,100
09/08/2021,ETHOSCOPE_139,16,male,CS,pymetrozine,26/07/2021,ZT0,100
09/08/2021,ETHOSCOPE_139,17,male,CS,pymetrozine,26/07/2021,ZT0,100
09/08/2021,ETHOSCOPE_139,18,male,CS,pymetrozine,26/07/2021,ZT0,100
09/08/2021,ETHOSCOPE_139,19,male,CS,pymetrozine,26/07/2021,ZT0,100
09/08/2021,ETHOSCOPE_139,20,male,CS,pymetrozine,26/07/2021,ZT0,100
09/08/2021,ETHOSCOPE_139,21,male,CS,pymetrozine,26/07/2021,ZT0,100
09/08/2021,ETHOSCOPE_139,22,male,CS,pymetrozine,26/07/2021,ZT0,100
09/08/2021,ETHOSCOPE_139,23,male,CS,pymetrozine,26/07/2021,ZT0,100
09/08/2021,ETHOSCOPE_139,24,male,CS,pymetrozine,26/07/2021,ZT0,100
09/08/2021,ETHOSCOPE_151,1,male,CS,dieldrin,26/07/2021,ZT0,100
09/08/2021,ETHOSCOPE_151,2,male,CS,dieldrin,26/07/2021,ZT0,100
09/08/2021,ETHOSCOPE_151,3,male,CS,dieldrin,26/07/2021,ZT0,100
09/08/2021,ETHOSCOPE_151,4,male,CS,dieldrin,26/07/2021,ZT0,100
09/08/2021,ETHOSCOPE_151,5,male,CS,dieldrin,26/07/2021,ZT0,100
09/08/2021,ETHOSCOPE_151,6,male,CS,dieldrin,26/07/2021,ZT0,100
09/08/2021,ETHOSCOPE_151,7,male,CS,dieldrin,26/07/2021,ZT0,100
09/08/2021,ETHOSCOPE_151,8,male,CS,dieldrin,26/07/2021,ZT0,100
09/08/2021,ETHOSCOPE_151,9,male,CS,dieldrin,26/07/2021,ZT0,100
09/08/2021,ETHOSCOPE_151,10,male,CS,dieldrin,26/07/2021,ZT0,100
09/08/2021,ETHOSCOPE_151,11,male,CS,dieldrin,26/07/2021,ZT0,100
09/08/2021,ETHOSCOPE_151,12,male,CS,dieldrin,26/07/2021,ZT0,100
09/08/2021,ETHOSCOPE_151,13,male,CS,dieldrin,26/07/2021,ZT0,100
09/08/2021,ETHOSCOPE_151,14,male,CS,dieldrin,26/07/2021,ZT0,100
09/08/2021,ETHOSCOPE_151,15,male,CS,dieldrin,26/07/2021,ZT0,100
09/08/2021,ETHOSCOPE_151,16,male,CS,dieldrin,26/07/2021,ZT0,100
09/08/2021,ETHOSCOPE_151,17,male,CS,dieldrin,26/07/2021,ZT0,100
09/08/2021,ETHOSCOPE_151,18,male,CS,dieldrin,26/07/2021,ZT0,100
09/08/2021,ETHOSCOPE_151,19,male,CS,dieldrin,26/07/2021,ZT0,100
09/08/2021,ETHOSCOPE_151,20,male,CS,dieldrin,26/07/2021,ZT0,100
09/08/2021,ETHOSCOPE_151,21,male,CS,dieldrin,26/07/2021,ZT0,100
09/08/2021,ETHOSCOPE_151,22,male,CS,dieldrin,26/07/2021,ZT0,100
09/08/2021,ETHOSCOPE_151,23,male,CS,dieldrin,26/07/2021,ZT0,100
09/08/2021,ETHOSCOPE_151,24,male,CS,dieldrin,26/07/2021,ZT0,100
12/08/2021,ETHOSCOPE_218,1,male,CS,pymetrozine,30/07/2021,ZT0,100
12/08/2021,ETHOSCOPE_218,2,male,CS,pymetrozine,30/07/2021,ZT0,100
12/08/2021,ETHOSCOPE_218,3,male,CS,pymetrozine,30/07/2021,ZT0,100
12/08/2021,ETHOSCOPE_218,4,male,CS,pymetrozine,30/07/2021,ZT0,100
12/08/2021,ETHOSCOPE_218,5,male,CS,pymetrozine,30/07/2021,ZT0,100
12/08/2021,ETHOSCOPE_218,6,male,CS,pymetrozine,30/07/2021,ZT0,100
12/08/2021,ETHOSCOPE_218,7,male,CS,pymetrozine,30/07/2021,ZT0,100
12/08/2021,ETHOSCOPE_218,8,male,CS,pymetrozine,30/07/2021,ZT0,100
12/08/2021,ETHOSCOPE_218,9,male,CS,pymetrozine,30/07/2021,ZT0,100
12/08/2021,ETHOSCOPE_218,10,male,CS,pymetrozine,30/07/2021,ZT0,100
12/08/2021,ETHOSCOPE_218,11,male,CS,pymetrozine,30/07/2021,ZT0,100
12/08/2021,ETHOSCOPE_218,12,male,CS,pymetrozine,30/07/2021,ZT0,100
12/08/2021,ETHOSCOPE_218,13,male,CS,pymetrozine,30/07/2021,ZT0,100
12/08/2021,ETHOSCOPE_218,14,male,CS,pymetrozine,30/07/2021,ZT0,100
12/08/2021,ETHOSCOPE_218,15,male,CS,pymetrozine,30/07/2021,ZT0,100
12/08/2021,ETHOSCOPE_218,16,male,CS,pymetrozine,30/07/2021,ZT0,100
12/08/2021,ETHOSCOPE_218,17,male,CS,pymetrozine,30/07/2021,ZT0,100
12/08/2021,ETHOSCOPE_218,18,male,CS,pymetrozine,30/07/2021,ZT0,100
12/08/2021,ETHOSCOPE_218,19,male,CS,pymetrozine,30/07/2021,ZT0,100
12/08/2021,ETHOSCOPE_218,20,male,CS,pymetrozine,30/07/2021,ZT0,100
12/08/2021,ETHOSCOPE_218,21,male,CS,pymetrozine,30/07/2021,ZT0,100
12/08/2021,ETHOSCOPE_218,22,male,CS,pymetrozine,30/07/2021,ZT0,100
12/08/2021,ETHOSCOPE_218,23,male,CS,pymetrozine,30/07/2021,ZT0,100
12/08/2021,ETHOSCOPE_218,24,male,CS,pymetrozine,30/07/2021,ZT0,100
12/08/2021,ETHOSCOPE_259,1,male,CS,flubendiamde,30/07/2021,ZT0,100
12/08/2021,ETHOSCOPE_259,2,male,CS,flubendiamde,30/07/2021,ZT0,100
12/08/2021,ETHOSCOPE_259,3,male,CS,flubendiamde,30/07/2021,ZT0,100
12/08/2021,ETHOSCOPE_259,4,male,CS,flubendiamde,30/07/2021,ZT0,100
12/08/2021,ETHOSCOPE_259,5,male,CS,flubendiamde,30/07/2021,ZT0,100
12/08/2021,ETHOSCOPE_259,6,male,CS,flubendiamde,30/07/2021,ZT0,100
12/08/2021,ETHOSCOPE_259,7,male,CS,flubendiamde,30/07/2021,ZT0,100
12/08/2021,ETHOSCOPE_259,8,male,CS,flubendiamde,30/07/2021,ZT0,100
12/08/2021,ETHOSCOPE_259,9,male,CS,flubendiamde,30/07/2021,ZT0,100
12/08/2021,ETHOSCOPE_259,10,male,CS,flubendiamde,30/07/2021,ZT0,100
12/08/2021,ETHOSCOPE_259,11,male,CS,flubendiamde,30/07/2021,ZT0,100
12/08/2021,ETHOSCOPE_259,12,male,CS,flubendiamde,30/07/2021,ZT0,100
12/08/2021,ETHOSCOPE_259,13,male,CS,flubendiamde,30/07/2021,ZT0,100
12/08/2021,ETHOSCOPE_259,14,male,CS,flubendiamde,30/07/2021,ZT0,100
12/08/2021,ETHOSCOPE_259,15,male,CS,flubendiamde,30/07/2021,ZT0,100
12/08/2021,ETHOSCOPE_259,16,male,CS,flubendiamde,30/07/2021,ZT0,100
12/08/2021,ETHOSCOPE_259,17,male,CS,flubendiamde,30/07/2021,ZT0,100
12/08/2021,ETHOSCOPE_259,18,male,CS,flubendiamde,30/07/2021,ZT0,100
12/08/2021,ETHOSCOPE_259,19,male,CS,flubendiamde,30/07/2021,ZT0,100
12/08/2021,ETHOSCOPE_259,20,male,CS,flubendiamde,30/07/2021,ZT0,100
12/08/2021,ETHOSCOPE_259,21,male,CS,flubendiamde,30/07/2021,ZT0,100
12/08/2021,ETHOSCOPE_259,22,male,CS,flubendiamde,30/07/2021,ZT0,100
12/08/2021,ETHOSCOPE_259,23,male,CS,flubendiamde,30/07/2021,ZT0,100
12/08/2021,ETHOSCOPE_259,24,male,CS,flubendiamde,30/07/2021,ZT0,100
18/08/2021,ETHOSCOPE_249,1,male,CS,imidacloprid,02/08/2021,ZT0,100
18/08/2021,ETHOSCOPE_249,2,male,CS,imidacloprid,02/08/2021,ZT0,100
18/08/2021,ETHOSCOPE_249,3,male,CS,imidacloprid,02/08/2021,ZT0,100
18/08/2021,ETHOSCOPE_249,4,male,CS,imidacloprid,02/08/2021,ZT0,100
18/08/2021,ETHOSCOPE_249,5,male,CS,imidacloprid,02/08/2021,ZT0,100
18/08/2021,ETHOSCOPE_249,6,male,CS,imidacloprid,02/08/2021,ZT0,100
18/08/2021,ETHOSCOPE_249,7,male,CS,imidacloprid,02/08/2021,ZT0,100
18/08/2021,ETHOSCOPE_249,8,male,CS,imidacloprid,02/08/2021,ZT0,100
18/08/2021,ETHOSCOPE_249,9,male,CS,imidacloprid,02/08/2021,ZT0,100
18/08/2021,ETHOSCOPE_249,10,male,CS,imidacloprid,02/08/2021,ZT0,100
18/08/2021,ETHOSCOPE_249,11,male,CS,imidacloprid,02/08/2021,ZT0,100
18/08/2021,ETHOSCOPE_249,12,male,CS,imidacloprid,02/08/2021,ZT0,100
18/08/2021,ETHOSCOPE_249,13,male,CS,imidacloprid,02/08/2021,ZT0,100
18/08/2021,ETHOSCOPE_249,14,male,CS,imidacloprid,02/08/2021,ZT0,100
18/08/2021,ETHOSCOPE_249,15,male,CS,imidacloprid,02/08/2021,ZT0,100
18/08/2021,ETHOSCOPE_249,16,male,CS,imidacloprid,02/08/2021,ZT0,100
18/08/2021,ETHOSCOPE_249,17,male,CS,imidacloprid,02/08/2021,ZT0,100
18/08/2021,ETHOSCOPE_249,18,male,CS,imidacloprid,02/08/2021,ZT0,100
18/08/2021,ETHOSCOPE_249,19,male,CS,imidacloprid,02/08/2021,ZT0,100
18/08/2021,ETHOSCOPE_249,20,male,CS,imidacloprid,02/08/2021,ZT0,100
18/08/2021,ETHOSCOPE_249,21,male,CS,imidacloprid,02/08/2021,ZT0,100
18/08/2021,ETHOSCOPE_249,22,male,CS,imidacloprid,02/08/2021,ZT0,100
18/08/2021,ETHOSCOPE_249,23,male,CS,imidacloprid,02/08/2021,ZT0,100
18/08/2021,ETHOSCOPE_249,24,male,CS,imidacloprid,02/08/2021,ZT0,100
18/08/2021,ETHOSCOPE_139,1,male,CS,flubendiamde,02/08/2021,ZT0,100
18/08/2021,ETHOSCOPE_139,2,male,CS,flubendiamde,02/08/2021,ZT0,100
18/08/2021,ETHOSCOPE_139,3,male,CS,flubendiamde,02/08/2021,ZT0,100
18/08/2021,ETHOSCOPE_139,4,male,CS,flubendiamde,02/08/2021,ZT0,100
18/08/2021,ETHOSCOPE_139,5,male,CS,flubendiamde,02/08/2021,ZT0,100
18/08/2021,ETHOSCOPE_139,6,male,CS,flubendiamde,02/08/2021,ZT0,100
18/08/2021,ETHOSCOPE_139,7,male,CS,flubendiamde,02/08/2021,ZT0,100
18/08/2021,ETHOSCOPE_139,8,male,CS,flubendiamde,02/08/2021,ZT0,100
18/08/2021,ETHOSCOPE_139,9,male,CS,flubendiamde,02/08/2021,ZT0,100
18/08/2021,ETHOSCOPE_139,10,male,CS,flubendiamde,02/08/2021,ZT0,100
18/08/2021,ETHOSCOPE_139,11,male,CS,flubendiamde,02/08/2021,ZT0,100
18/08/2021,ETHOSCOPE_139,12,male,CS,flubendiamde,02/08/2021,ZT0,100
18/08/2021,ETHOSCOPE_139,13,male,CS,flubendiamde,02/08/2021,ZT0,100
18/08/2021,ETHOSCOPE_139,14,male,CS,flubendiamde,02/08/2021,ZT0,100
18/08/2021,ETHOSCOPE_139,15,male,CS,flubendiamde,02/08/2021,ZT0,100
18/08/2021,ETHOSCOPE_139,16,male,CS,flubendiamde,02/08/2021,ZT0,100
18/08/2021,ETHOSCOPE_139,17,male,CS,flubendiamde,02/08/2021,ZT0,100
18/08/2021,ETHOSCOPE_139,18,male,CS,flubendiamde,02/08/2021,ZT0,100
18/08/2021,ETHOSCOPE_139,19,male,CS,flubendiamde,02/08/2021,ZT0,100
18/08/2021,ETHOSCOPE_139,20,male,CS,flubendiamde,02/08/2021,ZT0,100
18/08/2021,ETHOSCOPE_139,21,male,CS,flubendiamde,02/08/2021,ZT0,100
18/08/2021,ETHOSCOPE_139,22,male,CS,flubendiamde,02/08/2021,ZT0,100
18/08/2021,ETHOSCOPE_139,23,male,CS,flubendiamde,02/08/2021,ZT0,100
18/08/2021,ETHOSCOPE_139,24,male,CS,flubendiamde,02/08/2021,ZT0,100
18/08/2021,ETHOSCOPE_148,1,male,CS,pymetrozine,02/08/2021,ZT0,100
18/08/2021,ETHOSCOPE_148,2,male,CS,pymetrozine,02/08/2021,ZT0,100
18/08/2021,ETHOSCOPE_148,3,male,CS,pymetrozine,02/08/2021,ZT0,100
18/08/2021,ETHOSCOPE_148,4,male,CS,pymetrozine,02/08/2021,ZT0,100
18/08/2021,ETHOSCOPE_148,5,male,CS,pymetrozine,02/08/2021,ZT0,100
18/08/2021,ETHOSCOPE_148,6,male,CS,pymetrozine,02/08/2021,ZT0,100
18/08/2021,ETHOSCOPE_148,7,male,CS,pymetrozine,02/08/2021,ZT0,100
18/08/2021,ETHOSCOPE_148,8,male,CS,pymetrozine,02/08/2021,ZT0,100
18/08/2021,ETHOSCOPE_148,9,male,CS,pymetrozine,02/08/2021,ZT0,100
18/08/2021,ETHOSCOPE_148,10,male,CS,pymetrozine,02/08/2021,ZT0,100
18/08/2021,ETHOSCOPE_148,11,male,CS,pymetrozine,02/08/2021,ZT0,100
18/08/2021,ETHOSCOPE_148,12,male,CS,pymetrozine,02/08/2021,ZT0,100
18/08/2021,ETHOSCOPE_148,13,male,CS,pymetrozine,02/08/2021,ZT0,100
18/08/2021,ETHOSCOPE_148,14,male,CS,pymetrozine,02/08/2021,ZT0,100
18/08/2021,ETHOSCOPE_148,15,male,CS,pymetrozine,02/08/2021,ZT0,100
18/08/2021,ETHOSCOPE_148,16,male,CS,pymetrozine,02/08/2021,ZT0,100
18/08/2021,ETHOSCOPE_148,17,male,CS,pymetrozine,02/08/2021,ZT0,100
18/08/2021,ETHOSCOPE_148,18,male,CS,pymetrozine,02/08/2021,ZT0,100
18/08/2021,ETHOSCOPE_148,19,male,CS,pymetrozine,02/08/2021,ZT0,100
18/08/2021,ETHOSCOPE_148,20,male,CS,pymetrozine,02/08/2021,ZT0,100
18/08/2021,ETHOSCOPE_148,21,male,CS,pymetrozine,02/08/2021,ZT0,100
18/08/2021,ETHOSCOPE_148,22,male,CS,pymetrozine,02/08/2021,ZT0,100
18/08/2021,ETHOSCOPE_148,23,male,CS,pymetrozine,02/08/2021,ZT0,100
18/08/2021,ETHOSCOPE_148,24,male,CS,pymetrozine,02/08/2021,ZT0,100
20/08/2021,ETHOSCOPE_141,1,male,CS,imidacloprid,04/08/2021,ZT0,100
20/08/2021,ETHOSCOPE_141,2,male,CS,imidacloprid,04/08/2021,ZT0,100
20/08/2021,ETHOSCOPE_141,3,male,CS,imidacloprid,04/08/2021,ZT0,100
20/08/2021,ETHOSCOPE_141,4,male,CS,imidacloprid,04/08/2021,ZT0,100
20/08/2021,ETHOSCOPE_141,5,male,CS,imidacloprid,04/08/2021,ZT0,100
20/08/2021,ETHOSCOPE_141,6,male,CS,imidacloprid,04/08/2021,ZT0,100
20/08/2021,ETHOSCOPE_141,7,male,CS,imidacloprid,04/08/2021,ZT0,100
20/08/2021,ETHOSCOPE_141,8,male,CS,imidacloprid,04/08/2021,ZT0,100
20/08/2021,ETHOSCOPE_141,9,male,CS,imidacloprid,04/08/2021,ZT0,100
20/08/2021,ETHOSCOPE_141,10,male,CS,imidacloprid,04/08/2021,ZT0,100
20/08/2021,ETHOSCOPE_141,11,male,CS,imidacloprid,04/08/2021,ZT0,100
20/08/2021,ETHOSCOPE_141,12,male,CS,imidacloprid,04/08/2021,ZT0,100
20/08/2021,ETHOSCOPE_141,13,male,CS,imidacloprid,04/08/2021,ZT0,100
20/08/2021,ETHOSCOPE_141,14,male,CS,imidacloprid,04/08/2021,ZT0,100
20/08/2021,ETHOSCOPE_141,15,male,CS,imidacloprid,04/08/2021,ZT0,100
20/08/2021,ETHOSCOPE_141,16,male,CS,imidacloprid,04/08/2021,ZT0,100
20/08/2021,ETHOSCOPE_141,17,male,CS,imidacloprid,04/08/2021,ZT0,100
20/08/2021,ETHOSCOPE_141,18,male,CS,imidacloprid,04/08/2021,ZT0,100
20/08/2021,ETHOSCOPE_141,19,male,CS,imidacloprid,04/08/2021,ZT0,100
20/08/2021,ETHOSCOPE_141,20,male,CS,imidacloprid,04/08/2021,ZT0,100
20/08/2021,ETHOSCOPE_141,21,male,CS,imidacloprid,04/08/2021,ZT0,100
20/08/2021,ETHOSCOPE_141,22,male,CS,imidacloprid,04/08/2021,ZT0,100
20/08/2021,ETHOSCOPE_141,23,male,CS,imidacloprid,04/08/2021,ZT0,100
20/08/2021,ETHOSCOPE_141,24,male,CS,imidacloprid,04/08/2021,ZT0,100
24/08/2021,ETHOSCOPE_139,1,male,CS,imidacloprid,09/08/2021,ZT0,100
24/08/2021,ETHOSCOPE_139,2,male,CS,imidacloprid,09/08/2021,ZT0,100
24/08/2021,ETHOSCOPE_139,3,male,CS,imidacloprid,09/08/2021,ZT0,100
24/08/2021,ETHOSCOPE_139,4,male,CS,imidacloprid,09/08/2021,ZT0,100
24/08/2021,ETHOSCOPE_139,5,male,CS,imidacloprid,09/08/2021,ZT0,100
24/08/2021,ETHOSCOPE_139,6,male,CS,imidacloprid,09/08/2021,ZT0,100
24/08/2021,ETHOSCOPE_139,7,male,CS,imidacloprid,09/08/2021,ZT0,100
24/08/2021,ETHOSCOPE_139,8,male,CS,imidacloprid,09/08/2021,ZT0,100
24/08/2021,ETHOSCOPE_139,9,male,CS,imidacloprid,09/08/2021,ZT0,100
24/08/2021,ETHOSCOPE_139,10,male,CS,imidacloprid,09/08/2021,ZT0,100
24/08/2021,ETHOSCOPE_139,11,male,CS,imidacloprid,09/08/2021,ZT0,100
24/08/2021,ETHOSCOPE_139,12,male,CS,imidacloprid,09/08/2021,ZT0,100
24/08/2021,ETHOSCOPE_139,13,male,CS,imidacloprid,09/08/2021,ZT0,100
24/08/2021,ETHOSCOPE_139,14,male,CS,imidacloprid,09/08/2021,ZT0,100
24/08/2021,ETHOSCOPE_139,15,male,CS,imidacloprid,09/08/2021,ZT0,100
24/08/2021,ETHOSCOPE_139,16,male,CS,imidacloprid,09/08/2021,ZT0,100
24/08/2021,ETHOSCOPE_139,17,male,CS,imidacloprid,09/08/2021,ZT0,100
24/08/2021,ETHOSCOPE_139,18,male,CS,imidacloprid,09/08/2021,ZT0,100
24/08/2021,ETHOSCOPE_139,19,male,CS,imidacloprid,09/08/2021,ZT0,100
24/08/2021,ETHOSCOPE_139,20,male,CS,imidacloprid,09/08/2021,ZT0,100
24/08/2021,ETHOSCOPE_139,21,male,CS,imidacloprid,09/08/2021,ZT0,100
24/08/2021,ETHOSCOPE_139,22,male,CS,imidacloprid,09/08/2021,ZT0,100
24/08/2021,ETHOSCOPE_139,23,male,CS,imidacloprid,09/08/2021,ZT0,100
24/08/2021,ETHOSCOPE_139,24,male,CS,imidacloprid,09/08/2021,ZT0,100
07/10/2021,ETHOSCOPE_217,1,male,CS,Syn_cpd_1,22/09/2021,ZT0,100
07/10/2021,ETHOSCOPE_217,2,male,CS,Syn_cpd_1,22/09/2021,ZT0,100
07/10/2021,ETHOSCOPE_217,3,male,CS,Syn_cpd_1,22/09/2021,ZT0,100
07/10/2021,ETHOSCOPE_217,4,male,CS,Syn_cpd_1,22/09/2021,ZT0,100
07/10/2021,ETHOSCOPE_217,5,male,CS,Syn_cpd_1,22/09/2021,ZT0,100
07/10/2021,ETHOSCOPE_217,6,male,CS,Syn_cpd_1,22/09/2021,ZT0,100
07/10/2021,ETHOSCOPE_217,7,male,CS,Syn_cpd_1,22/09/2021,ZT0,100
07/10/2021,ETHOSCOPE_217,8,male,CS,Syn_cpd_1,22/09/2021,ZT0,100
07/10/2021,ETHOSCOPE_217,9,male,CS,Syn_cpd_1,22/09/2021,ZT0,100
07/10/2021,ETHOSCOPE_217,10,male,CS,Syn_cpd_1,22/09/2021,ZT0,100
07/10/2021,ETHOSCOPE_217,11,male,CS,Syn_cpd_1,22/09/2021,ZT0,100
07/10/2021,ETHOSCOPE_217,12,male,CS,Syn_cpd_1,22/09/2021,ZT0,100
07/10/2021,ETHOSCOPE_217,13,male,CS,Syn_cpd_1,22/09/2021,ZT0,100
07/10/2021,ETHOSCOPE_217,14,male,CS,Syn_cpd_1,22/09/2021,ZT0,100
07/10/2021,ETHOSCOPE_217,15,male,CS,Syn_cpd_1,22/09/2021,ZT0,100
07/10/2021,ETHOSCOPE_217,16,male,CS,Syn_cpd_1,22/09/2021,ZT0,100
07/10/2021,ETHOSCOPE_217,17,male,CS,Syn_cpd_1,22/09/2021,ZT0,100
07/10/2021,ETHOSCOPE_217,18,male,CS,Syn_cpd_1,22/09/2021,ZT0,100
07/10/2021,ETHOSCOPE_217,19,male,CS,Syn_cpd_1,22/09/2021,ZT0,100
07/10/2021,ETHOSCOPE_217,20,male,CS,Syn_cpd_1,22/09/2021,ZT0,100
07/10/2021,ETHOSCOPE_217,21,male,CS,Syn_cpd_1,22/09/2021,ZT0,100
07/10/2021,ETHOSCOPE_217,22,male,CS,Syn_cpd_1,22/09/2021,ZT0,100
07/10/2021,ETHOSCOPE_217,23,male,CS,Syn_cpd_1,22/09/2021,ZT0,100
07/10/2021,ETHOSCOPE_217,24,male,CS,Syn_cpd_1,22/09/2021,ZT0,100
15/10/2021,ETHOSCOPE_221,1,male,CS,Syn_cpd_1,01/10/2021,ZT0,100
15/10/2021,ETHOSCOPE_221,2,male,CS,Syn_cpd_1,01/10/2021,ZT0,100
15/10/2021,ETHOSCOPE_221,3,male,CS,Syn_cpd_1,01/10/2021,ZT0,100
15/10/2021,ETHOSCOPE_221,4,male,CS,Syn_cpd_1,01/10/2021,ZT0,100
15/10/2021,ETHOSCOPE_221,5,male,CS,Syn_cpd_1,01/10/2021,ZT0,100
15/10/2021,ETHOSCOPE_221,6,male,CS,Syn_cpd_1,01/10/2021,ZT0,100
15/10/2021,ETHOSCOPE_221,7,male,CS,Syn_cpd_1,01/10/2021,ZT0,100
15/10/2021,ETHOSCOPE_221,8,male,CS,Syn_cpd_1,01/10/2021,ZT0,100
15/10/2021,ETHOSCOPE_221,9,male,CS,Syn_cpd_1,01/10/2021,ZT0,100
15/10/2021,ETHOSCOPE_221,10,male,CS,Syn_cpd_1,01/10/2021,ZT0,100
15/10/2021,ETHOSCOPE_221,11,male,CS,Syn_cpd_1,01/10/2021,ZT0,100
15/10/2021,ETHOSCOPE_221,12,male,CS,Syn_cpd_1,01/10/2021,ZT0,100
15/10/2021,ETHOSCOPE_221,13,male,CS,Syn_cpd_1,01/10/2021,ZT0,100
15/10/2021,ETHOSCOPE_221,14,male,CS,Syn_cpd_1,01/10/2021,ZT0,100
15/10/2021,ETHOSCOPE_221,15,male,CS,Syn_cpd_1,01/10/2021,ZT0,100
15/10/2021,ETHOSCOPE_221,16,male,CS,Syn_cpd_1,01/10/2021,ZT0,100
15/10/2021,ETHOSCOPE_221,17,male,CS,Syn_cpd_1,01/10/2021,ZT0,100
15/10/2021,ETHOSCOPE_221,18,male,CS,Syn_cpd_1,01/10/2021,ZT0,100
15/10/2021,ETHOSCOPE_221,19,male,CS,Syn_cpd_1,01/10/2021,ZT0,100
15/10/2021,ETHOSCOPE_221,20,male,CS,Syn_cpd_1,01/10/2021,ZT0,100
15/10/2021,ETHOSCOPE_221,21,male,CS,Syn_cpd_1,01/10/2021,ZT0,100
15/10/2021,ETHOSCOPE_221,22,male,CS,Syn_cpd_1,01/10/2021,ZT0,100
15/10/2021,ETHOSCOPE_221,23,male,CS,Syn_cpd_1,01/10/2021,ZT0,100
15/10/2021,ETHOSCOPE_221,24,male,CS,Syn_cpd_1,01/10/2021,ZT0,100
29/10/2021,ETHOSCOPE_257,1,male,CS,Syn_cpd_1,15/10/2021,ZT0,100
29/10/2021,ETHOSCOPE_257,2,male,CS,Syn_cpd_1,15/10/2021,ZT0,100
29/10/2021,ETHOSCOPE_257,3,male,CS,Syn_cpd_1,15/10/2021,ZT0,100
29/10/2021,ETHOSCOPE_257,4,male,CS,Syn_cpd_1,15/10/2021,ZT0,100
29/10/2021,ETHOSCOPE_257,5,male,CS,Syn_cpd_1,15/10/2021,ZT0,100
29/10/2021,ETHOSCOPE_257,6,male,CS,Syn_cpd_1,15/10/2021,ZT0,100
29/10/2021,ETHOSCOPE_257,7,male,CS,Syn_cpd_1,15/10/2021,ZT0,100
29/10/2021,ETHOSCOPE_257,8,male,CS,Syn_cpd_1,15/10/2021,ZT0,100
29/10/2021,ETHOSCOPE_257,9,male,CS,Syn_cpd_1,15/10/2021,ZT0,100
29/10/2021,ETHOSCOPE_257,10,male,CS,Syn_cpd_1,15/10/2021,ZT0,100
29/10/2021,ETHOSCOPE_257,11,male,CS,Syn_cpd_1,15/10/2021,ZT0,100
29/10/2021,ETHOSCOPE_257,12,male,CS,Syn_cpd_1,15/10/2021,ZT0,100
29/10/2021,ETHOSCOPE_257,13,male,CS,Syn_cpd_1,15/10/2021,ZT0,100
29/10/2021,ETHOSCOPE_257,14,male,CS,Syn_cpd_1,15/10/2021,ZT0,100
29/10/2021,ETHOSCOPE_257,15,male,CS,Syn_cpd_1,15/10/2021,ZT0,100
29/10/2021,ETHOSCOPE_257,16,male,CS,Syn_cpd_1,15/10/2021,ZT0,100
29/10/2021,ETHOSCOPE_257,17,male,CS,Syn_cpd_1,15/10/2021,ZT0,100
29/10/2021,ETHOSCOPE_257,18,male,CS,Syn_cpd_1,15/10/2021,ZT0,100
29/10/2021,ETHOSCOPE_257,19,male,CS,Syn_cpd_1,15/10/2021,ZT0,100
29/10/2021,ETHOSCOPE_257,20,male,CS,Syn_cpd_1,15/10/2021,ZT0,100
29/10/2021,ETHOSCOPE_257,21,male,CS,Syn_cpd_1,15/10/2021,ZT0,100
29/10/2021,ETHOSCOPE_257,22,male,CS,Syn_cpd_1,15/10/2021,ZT0,100
29/10/2021,ETHOSCOPE_257,23,male,CS,Syn_cpd_1,15/10/2021,ZT0,100
29/10/2021,ETHOSCOPE_257,24,male,CS,Syn_cpd_1,15/10/2021,ZT0,100
07/10/2021,ETHOSCOPE_141,1,male,CS,permethrin,22/09/2021,ZT0,100
07/10/2021,ETHOSCOPE_141,2,male,CS,permethrin,22/09/2021,ZT0,100
07/10/2021,ETHOSCOPE_141,3,male,CS,permethrin,22/09/2021,ZT0,100
07/10/2021,ETHOSCOPE_141,4,male,CS,permethrin,22/09/2021,ZT0,100
07/10/2021,ETHOSCOPE_141,5,male,CS,permethrin,22/09/2021,ZT0,100
07/10/2021,ETHOSCOPE_141,6,male,CS,permethrin,22/09/2021,ZT0,100
07/10/2021,ETHOSCOPE_141,7,male,CS,permethrin,22/09/2021,ZT0,100
07/10/2021,ETHOSCOPE_141,8,male,CS,permethrin,22/09/2021,ZT0,100
07/10/2021,ETHOSCOPE_141,9,male,CS,permethrin,22/09/2021,ZT0,100
07/10/2021,ETHOSCOPE_141,10,male,CS,permethrin,22/09/2021,ZT0,100
07/10/2021,ETHOSCOPE_141,11,male,CS,permethrin,22/09/2021,ZT0,100
07/10/2021,ETHOSCOPE_141,12,male,CS,permethrin,22/09/2021,ZT0,100
07/10/2021,ETHOSCOPE_141,13,male,CS,permethrin,22/09/2021,ZT0,100
07/10/2021,ETHOSCOPE_141,14,male,CS,permethrin,22/09/2021,ZT0,100
07/10/2021,ETHOSCOPE_141,15,male,CS,permethrin,22/09/2021,ZT0,100
07/10/2021,ETHOSCOPE_141,16,male,CS,permethrin,22/09/2021,ZT0,100
07/10/2021,ETHOSCOPE_141,17,male,CS,permethrin,22/09/2021,ZT0,100
07/10/2021,ETHOSCOPE_141,18,male,CS,permethrin,22/09/2021,ZT0,100
07/10/2021,ETHOSCOPE_141,19,male,CS,permethrin,22/09/2021,ZT0,100
07/10/2021,ETHOSCOPE_141,20,male,CS,permethrin,22/09/2021,ZT0,100
07/10/2021,ETHOSCOPE_141,21,male,CS,permethrin,22/09/2021,ZT0,100
07/10/2021,ETHOSCOPE_141,22,male,CS,permethrin,22/09/2021,ZT0,100
07/10/2021,ETHOSCOPE_141,23,male,CS,permethrin,22/09/2021,ZT0,100
07/10/2021,ETHOSCOPE_141,24,male,CS,permethrin,22/09/2021,ZT0,100
15/10/2021,ETHOSCOPE_261,1,male,CS,permethrin,01/10/2021,ZT0,100
15/10/2021,ETHOSCOPE_261,2,male,CS,permethrin,01/10/2021,ZT0,100
15/10/2021,ETHOSCOPE_261,3,male,CS,permethrin,01/10/2021,ZT0,100
15/10/2021,ETHOSCOPE_261,4,male,CS,permethrin,01/10/2021,ZT0,100
15/10/2021,ETHOSCOPE_261,5,male,CS,permethrin,01/10/2021,ZT0,100
15/10/2021,ETHOSCOPE_261,6,male,CS,permethrin,01/10/2021,ZT0,100
15/10/2021,ETHOSCOPE_261,7,male,CS,permethrin,01/10/2021,ZT0,100
15/10/2021,ETHOSCOPE_261,8,male,CS,permethrin,01/10/2021,ZT0,100
15/10/2021,ETHOSCOPE_261,9,male,CS,permethrin,01/10/2021,ZT0,100
15/10/2021,ETHOSCOPE_261,10,male,CS,permethrin,01/10/2021,ZT0,100
15/10/2021,ETHOSCOPE_261,11,male,CS,permethrin,01/10/2021,ZT0,100
15/10/2021,ETHOSCOPE_261,12,male,CS,permethrin,01/10/2021,ZT0,100
15/10/2021,ETHOSCOPE_261,13,male,CS,permethrin,01/10/2021,ZT0,100
15/10/2021,ETHOSCOPE_261,14,male,CS,permethrin,01/10/2021,ZT0,100
15/10/2021,ETHOSCOPE_261,15,male,CS,permethrin,01/10/2021,ZT0,100
15/10/2021,ETHOSCOPE_261,16,male,CS,permethrin,01/10/2021,ZT0,100
15/10/2021,ETHOSCOPE_261,17,male,CS,permethrin,01/10/2021,ZT0,100
15/10/2021,ETHOSCOPE_261,18,male,CS,permethrin,01/10/2021,ZT0,100
15/10/2021,ETHOSCOPE_261,19,male,CS,permethrin,01/10/2021,ZT0,100
15/10/2021,ETHOSCOPE_261,20,male,CS,permethrin,01/10/2021,ZT0,100
15/10/2021,ETHOSCOPE_261,21,male,CS,permethrin,01/10/2021,ZT0,100
15/10/2021,ETHOSCOPE_261,22,male,CS,permethrin,01/10/2021,ZT0,100
15/10/2021,ETHOSCOPE_261,23,male,CS,permethrin,01/10/2021,ZT0,100
15/10/2021,ETHOSCOPE_261,24,male,CS,permethrin,01/10/2021,ZT0,100
29/10/2021,ETHOSCOPE_259,1,male,CS,permethrin,15/10/2021,ZT0,100
29/10/2021,ETHOSCOPE_259,2,male,CS,permethrin,15/10/2021,ZT0,100
29/10/2021,ETHOSCOPE_259,3,male,CS,permethrin,15/10/2021,ZT0,100
29/10/2021,ETHOSCOPE_259,4,male,CS,permethrin,15/10/2021,ZT0,100
29/10/2021,ETHOSCOPE_259,5,male,CS,permethrin,15/10/2021,ZT0,100
29/10/2021,ETHOSCOPE_259,6,male,CS,permethrin,15/10/2021,ZT0,100
29/10/2021,ETHOSCOPE_259,7,male,CS,permethrin,15/10/2021,ZT0,100
29/10/2021,ETHOSCOPE_259,8,male,CS,permethrin,15/10/2021,ZT0,100
29/10/2021,ETHOSCOPE_259,9,male,CS,permethrin,15/10/2021,ZT0,100
29/10/2021,ETHOSCOPE_259,10,male,CS,permethrin,15/10/2021,ZT0,100
29/10/2021,ETHOSCOPE_259,11,male,CS,permethrin,15/10/2021,ZT0,100
29/10/2021,ETHOSCOPE_259,12,male,CS,permethrin,15/10/2021,ZT0,100
29/10/2021,ETHOSCOPE_259,13,male,CS,permethrin,15/10/2021,ZT0,100
29/10/2021,ETHOSCOPE_259,14,male,CS,permethrin,15/10/2021,ZT0,100
29/10/2021,ETHOSCOPE_259,15,male,CS,permethrin,15/10/2021,ZT0,100
29/10/2021,ETHOSCOPE_259,16,male,CS,permethrin,15/10/2021,ZT0,100
29/10/2021,ETHOSCOPE_259,17,male,CS,permethrin,15/10/2021,ZT0,100
29/10/2021,ETHOSCOPE_259,18,male,CS,permethrin,15/10/2021,ZT0,100
29/10/2021,ETHOSCOPE_259,19,male,CS,permethrin,15/10/2021,ZT0,100
29/10/2021,ETHOSCOPE_259,20,male,CS,permethrin,15/10/2021,ZT0,100
29/10/2021,ETHOSCOPE_259,21,male,CS,permethrin,15/10/2021,ZT0,100
29/10/2021,ETHOSCOPE_259,22,male,CS,permethrin,15/10/2021,ZT0,100
29/10/2021,ETHOSCOPE_259,23,male,CS,permethrin,15/10/2021,ZT0,100
29/10/2021,ETHOSCOPE_259,24,male,CS,permethrin,15/10/2021,ZT0,100
07/10/2021,ETHOSCOPE_108,1,male,CS,flonicamid,22/09/2021,ZT0,100
07/10/2021,ETHOSCOPE_108,2,male,CS,flonicamid,22/09/2021,ZT0,100
07/10/2021,ETHOSCOPE_108,3,male,CS,flonicamid,22/09/2021,ZT0,100
07/10/2021,ETHOSCOPE_108,4,male,CS,flonicamid,22/09/2021,ZT0,100
07/10/2021,ETHOSCOPE_108,5,male,CS,flonicamid,22/09/2021,ZT0,100
07/10/2021,ETHOSCOPE_108,6,male,CS,flonicamid,22/09/2021,ZT0,100
07/10/2021,ETHOSCOPE_108,7,male,CS,flonicamid,22/09/2021,ZT0,100
07/10/2021,ETHOSCOPE_108,8,male,CS,flonicamid,22/09/2021,ZT0,100
07/10/2021,ETHOSCOPE_108,9,male,CS,flonicamid,22/09/2021,ZT0,100
07/10/2021,ETHOSCOPE_108,10,male,CS,flonicamid,22/09/2021,ZT0,100
07/10/2021,ETHOSCOPE_108,11,male,CS,flonicamid,22/09/2021,ZT0,100
07/10/2021,ETHOSCOPE_108,12,male,CS,flonicamid,22/09/2021,ZT0,100
07/10/2021,ETHOSCOPE_108,13,male,CS,flonicamid,22/09/2021,ZT0,100
07/10/2021,ETHOSCOPE_108,14,male,CS,flonicamid,22/09/2021,ZT0,100
07/10/2021,ETHOSCOPE_108,15,male,CS,flonicamid,22/09/2021,ZT0,100
07/10/2021,ETHOSCOPE_108,16,male,CS,flonicamid,22/09/2021,ZT0,100
07/10/2021,ETHOSCOPE_108,17,male,CS,flonicamid,22/09/2021,ZT0,100
07/10/2021,ETHOSCOPE_108,18,male,CS,flonicamid,22/09/2021,ZT0,100
07/10/2021,ETHOSCOPE_108,19,male,CS,flonicamid,22/09/2021,ZT0,100
07/10/2021,ETHOSCOPE_108,20,male,CS,flonicamid,22/09/2021,ZT0,100
07/10/2021,ETHOSCOPE_108,21,male,CS,flonicamid,22/09/2021,ZT0,100
07/10/2021,ETHOSCOPE_108,22,male,CS,flonicamid,22/09/2021,ZT0,100
07/10/2021,ETHOSCOPE_108,23,male,CS,flonicamid,22/09/2021,ZT0,100
07/10/2021,ETHOSCOPE_108,24,male,CS,flonicamid,22/09/2021,ZT0,100
15/10/2021,ETHOSCOPE_147,1,male,CS,flonicamid,01/10/2021,ZT0,100
15/10/2021,ETHOSCOPE_147,2,male,CS,flonicamid,01/10/2021,ZT0,100
15/10/2021,ETHOSCOPE_147,3,male,CS,flonicamid,01/10/2021,ZT0,100
15/10/2021,ETHOSCOPE_147,4,male,CS,flonicamid,01/10/2021,ZT0,100
15/10/2021,ETHOSCOPE_147,5,male,CS,flonicamid,01/10/2021,ZT0,100
15/10/2021,ETHOSCOPE_147,6,male,CS,flonicamid,01/10/2021,ZT0,100
15/10/2021,ETHOSCOPE_147,7,male,CS,flonicamid,01/10/2021,ZT0,100
15/10/2021,ETHOSCOPE_147,8,male,CS,flonicamid,01/10/2021,ZT0,100
15/10/2021,ETHOSCOPE_147,9,male,CS,flonicamid,01/10/2021,ZT0,100
15/10/2021,ETHOSCOPE_147,10,male,CS,flonicamid,01/10/2021,ZT0,100
15/10/2021,ETHOSCOPE_147,11,male,CS,flonicamid,01/10/2021,ZT0,100
15/10/2021,ETHOSCOPE_147,12,male,CS,flonicamid,01/10/2021,ZT0,100
15/10/2021,ETHOSCOPE_147,13,male,CS,flonicamid,01/10/2021,ZT0,100
15/10/2021,ETHOSCOPE_147,14,male,CS,flonicamid,01/10/2021,ZT0,100
15/10/2021,ETHOSCOPE_147,15,male,CS,flonicamid,01/10/2021,ZT0,100
15/10/2021,ETHOSCOPE_147,16,male,CS,flonicamid,01/10/2021,ZT0,100
15/10/2021,ETHOSCOPE_147,17,male,CS,flonicamid,01/10/2021,ZT0,100
15/10/2021,ETHOSCOPE_147,18,male,CS,flonicamid,01/10/2021,ZT0,100
15/10/2021,ETHOSCOPE_147,19,male,CS,flonicamid,01/10/2021,ZT0,100
15/10/2021,ETHOSCOPE_147,20,male,CS,flonicamid,01/10/2021,ZT0,100
15/10/2021,ETHOSCOPE_147,21,male,CS,flonicamid,01/10/2021,ZT0,100
15/10/2021,ETHOSCOPE_147,22,male,CS,flonicamid,01/10/2021,ZT0,100
15/10/2021,ETHOSCOPE_147,23,male,CS,flonicamid,01/10/2021,ZT0,100
15/10/2021,ETHOSCOPE_147,24,male,CS,flonicamid,01/10/2021,ZT0,100
29/10/2021,ETHOSCOPE_218,1,male,CS,flonicamid,15/10/2021,ZT0,100
29/10/2021,ETHOSCOPE_218,2,male,CS,flonicamid,15/10/2021,ZT0,100
29/10/2021,ETHOSCOPE_218,3,male,CS,flonicamid,15/10/2021,ZT0,100
29/10/2021,ETHOSCOPE_218,4,male,CS,flonicamid,15/10/2021,ZT0,100
29/10/2021,ETHOSCOPE_218,5,male,CS,flonicamid,15/10/2021,ZT0,100
29/10/2021,ETHOSCOPE_218,6,male,CS,flonicamid,15/10/2021,ZT0,100
29/10/2021,ETHOSCOPE_218,7,male,CS,flonicamid,15/10/2021,ZT0,100
29/10/2021,ETHOSCOPE_218,8,male,CS,flonicamid,15/10/2021,ZT0,100
29/10/2021,ETHOSCOPE_218,9,male,CS,flonicamid,15/10/2021,ZT0,100
29/10/2021,ETHOSCOPE_218,10,male,CS,flonicamid,15/10/2021,ZT0,100
29/10/2021,ETHOSCOPE_218,11,male,CS,flonicamid,15/10/2021,ZT0,100
29/10/2021,ETHOSCOPE_218,12,male,CS,flonicamid,15/10/2021,ZT0,100
29/10/2021,ETHOSCOPE_218,13,male,CS,flonicamid,15/10/2021,ZT0,100
29/10/2021,ETHOSCOPE_218,14,male,CS,flonicamid,15/10/2021,ZT0,100
29/10/2021,ETHOSCOPE_218,15,male,CS,flonicamid,15/10/2021,ZT0,100
29/10/2021,ETHOSCOPE_218,16,male,CS,flonicamid,15/10/2021,ZT0,100
29/10/2021,ETHOSCOPE_218,17,male,CS,flonicamid,15/10/2021,ZT0,100
29/10/2021,ETHOSCOPE_218,18,male,CS,flonicamid,15/10/2021,ZT0,100
29/10/2021,ETHOSCOPE_218,19,male,CS,flonicamid,15/10/2021,ZT0,100
29/10/2021,ETHOSCOPE_218,20,male,CS,flonicamid,15/10/2021,ZT0,100
29/10/2021,ETHOSCOPE_218,21,male,CS,flonicamid,15/10/2021,ZT0,100
29/10/2021,ETHOSCOPE_218,22,male,CS,flonicamid,15/10/2021,ZT0,100
29/10/2021,ETHOSCOPE_218,23,male,CS,flonicamid,15/10/2021,ZT0,100
29/10/2021,ETHOSCOPE_218,24,male,CS,flonicamid,15/10/2021,ZT0,100
07/10/2021,ETHOSCOPE_238,1,male,CS,lufenuron,22/09/2021,ZT0,100
07/10/2021,ETHOSCOPE_238,2,male,CS,lufenuron,22/09/2021,ZT0,100
07/10/2021,ETHOSCOPE_238,3,male,CS,lufenuron,22/09/2021,ZT0,100
07/10/2021,ETHOSCOPE_238,4,male,CS,lufenuron,22/09/2021,ZT0,100
07/10/2021,ETHOSCOPE_238,5,male,CS,lufenuron,22/09/2021,ZT0,100
07/10/2021,ETHOSCOPE_238,6,male,CS,lufenuron,22/09/2021,ZT0,100
07/10/2021,ETHOSCOPE_238,7,male,CS,lufenuron,22/09/2021,ZT0,100
07/10/2021,ETHOSCOPE_238,8,male,CS,lufenuron,22/09/2021,ZT0,100
07/10/2021,ETHOSCOPE_238,9,male,CS,lufenuron,22/09/2021,ZT0,100
07/10/2021,ETHOSCOPE_238,10,male,CS,lufenuron,22/09/2021,ZT0,100
07/10/2021,ETHOSCOPE_238,11,male,CS,lufenuron,22/09/2021,ZT0,100
07/10/2021,ETHOSCOPE_238,12,male,CS,lufenuron,22/09/2021,ZT0,100
07/10/2021,ETHOSCOPE_238,13,male,CS,lufenuron,22/09/2021,ZT0,100
07/10/2021,ETHOSCOPE_238,14,male,CS,lufenuron,22/09/2021,ZT0,100
07/10/2021,ETHOSCOPE_238,15,male,CS,lufenuron,22/09/2021,ZT0,100
07/10/2021,ETHOSCOPE_238,16,male,CS,lufenuron,22/09/2021,ZT0,100
07/10/2021,ETHOSCOPE_238,17,male,CS,lufenuron,22/09/2021,ZT0,100
07/10/2021,ETHOSCOPE_238,18,male,CS,lufenuron,22/09/2021,ZT0,100
07/10/2021,ETHOSCOPE_238,19,male,CS,lufenuron,22/09/2021,ZT0,100
07/10/2021,ETHOSCOPE_238,20,male,CS,lufenuron,22/09/2021,ZT0,100
07/10/2021,ETHOSCOPE_238,21,male,CS,lufenuron,22/09/2021,ZT0,100
07/10/2021,ETHOSCOPE_238,22,male,CS,lufenuron,22/09/2021,ZT0,100
07/10/2021,ETHOSCOPE_238,23,male,CS,lufenuron,22/09/2021,ZT0,100
07/10/2021,ETHOSCOPE_238,24,male,CS,lufenuron,22/09/2021,ZT0,100
15/10/2021,ETHOSCOPE_148,1,male,CS,lufenuron,01/10/2021,ZT0,100
15/10/2021,ETHOSCOPE_148,2,male,CS,lufenuron,01/10/2021,ZT0,100
15/10/2021,ETHOSCOPE_148,3,male,CS,lufenuron,01/10/2021,ZT0,100
15/10/2021,ETHOSCOPE_148,4,male,CS,lufenuron,01/10/2021,ZT0,100
15/10/2021,ETHOSCOPE_148,5,male,CS,lufenuron,01/10/2021,ZT0,100
15/10/2021,ETHOSCOPE_148,6,male,CS,lufenuron,01/10/2021,ZT0,100
15/10/2021,ETHOSCOPE_148,7,male,CS,lufenuron,01/10/2021,ZT0,100
15/10/2021,ETHOSCOPE_148,8,male,CS,lufenuron,01/10/2021,ZT0,100
15/10/2021,ETHOSCOPE_148,9,male,CS,lufenuron,01/10/2021,ZT0,100
15/10/2021,ETHOSCOPE_148,10,male,CS,lufenuron,01/10/2021,ZT0,100
15/10/2021,ETHOSCOPE_148,11,male,CS,lufenuron,01/10/2021,ZT0,100
15/10/2021,ETHOSCOPE_148,12,male,CS,lufenuron,01/10/2021,ZT0,100
15/10/2021,ETHOSCOPE_148,13,male,CS,lufenuron,01/10/2021,ZT0,100
15/10/2021,ETHOSCOPE_148,14,male,CS,lufenuron,01/10/2021,ZT0,100
15/10/2021,ETHOSCOPE_148,15,male,CS,lufenuron,01/10/2021,ZT0,100
15/10/2021,ETHOSCOPE_148,16,male,CS,lufenuron,01/10/2021,ZT0,100
15/10/2021,ETHOSCOPE_148,17,male,CS,lufenuron,01/10/2021,ZT0,100
15/10/2021,ETHOSCOPE_148,18,male,CS,lufenuron,01/10/2021,ZT0,100
15/10/2021,ETHOSCOPE_148,19,male,CS,lufenuron,01/10/2021,ZT0,100
15/10/2021,ETHOSCOPE_148,20,male,CS,lufenuron,01/10/2021,ZT0,100
15/10/2021,ETHOSCOPE_148,21,male,CS,lufenuron,01/10/2021,ZT0,100
15/10/2021,ETHOSCOPE_148,22,male,CS,lufenuron,01/10/2021,ZT0,100
15/10/2021,ETHOSCOPE_148,23,male,CS,lufenuron,01/10/2021,ZT0,100
15/10/2021,ETHOSCOPE_148,24,male,CS,lufenuron,01/10/2021,ZT0,100
29/10/2021,ETHOSCOPE_139,1,male,CS,lufenuron,15/10/2021,ZT0,100
29/10/2021,ETHOSCOPE_139,2,male,CS,lufenuron,15/10/2021,ZT0,100
29/10/2021,ETHOSCOPE_139,3,male,CS,lufenuron,15/10/2021,ZT0,100
29/10/2021,ETHOSCOPE_139,4,male,CS,lufenuron,15/10/2021,ZT0,100
29/10/2021,ETHOSCOPE_139,5,male,CS,lufenuron,15/10/2021,ZT0,100
29/10/2021,ETHOSCOPE_139,6,male,CS,lufenuron,15/10/2021,ZT0,100
29/10/2021,ETHOSCOPE_139,7,male,CS,lufenuron,15/10/2021,ZT0,100
29/10/2021,ETHOSCOPE_139,8,male,CS,lufenuron,15/10/2021,ZT0,100
29/10/2021,ETHOSCOPE_139,9,male,CS,lufenuron,15/10/2021,ZT0,100
29/10/2021,ETHOSCOPE_139,10,male,CS,lufenuron,15/10/2021,ZT0,100
29/10/2021,ETHOSCOPE_139,11,male,CS,lufenuron,15/10/2021,ZT0,100
29/10/2021,ETHOSCOPE_139,12,male,CS,lufenuron,15/10/2021,ZT0,100
29/10/2021,ETHOSCOPE_139,13,male,CS,lufenuron,15/10/2021,ZT0,100
29/10/2021,ETHOSCOPE_139,14,male,CS,lufenuron,15/10/2021,ZT0,100
29/10/2021,ETHOSCOPE_139,15,male,CS,lufenuron,15/10/2021,ZT0,100
29/10/2021,ETHOSCOPE_139,16,male,CS,lufenuron,15/10/2021,ZT0,100
29/10/2021,ETHOSCOPE_139,17,male,CS,lufenuron,15/10/2021,ZT0,100
29/10/2021,ETHOSCOPE_139,18,male,CS,lufenuron,15/10/2021,ZT0,100
29/10/2021,ETHOSCOPE_139,19,male,CS,lufenuron,15/10/2021,ZT0,100
29/10/2021,ETHOSCOPE_139,20,male,CS,lufenuron,15/10/2021,ZT0,100
29/10/2021,ETHOSCOPE_139,21,male,CS,lufenuron,15/10/2021,ZT0,100
29/10/2021,ETHOSCOPE_139,22,male,CS,lufenuron,15/10/2021,ZT0,100
29/10/2021,ETHOSCOPE_139,23,male,CS,lufenuron,15/10/2021,ZT0,100
29/10/2021,ETHOSCOPE_139,24,male,CS,lufenuron,15/10/2021,ZT0,100
07/10/2021,ETHOSCOPE_259,1,male,CS,DDT,22/09/2021,ZT0,100
07/10/2021,ETHOSCOPE_259,2,male,CS,DDT,22/09/2021,ZT0,100
07/10/2021,ETHOSCOPE_259,3,male,CS,DDT,22/09/2021,ZT0,100
07/10/2021,ETHOSCOPE_259,4,male,CS,DDT,22/09/2021,ZT0,100
07/10/2021,ETHOSCOPE_259,5,male,CS,DDT,22/09/2021,ZT0,100
07/10/2021,ETHOSCOPE_259,6,male,CS,DDT,22/09/2021,ZT0,100
07/10/2021,ETHOSCOPE_259,7,male,CS,DDT,22/09/2021,ZT0,100
07/10/2021,ETHOSCOPE_259,8,male,CS,DDT,22/09/2021,ZT0,100
07/10/2021,ETHOSCOPE_259,9,male,CS,DDT,22/09/2021,ZT0,100
07/10/2021,ETHOSCOPE_259,10,male,CS,DDT,22/09/2021,ZT0,100
07/10/2021,ETHOSCOPE_259,11,male,CS,DDT,22/09/2021,ZT0,100
07/10/2021,ETHOSCOPE_259,12,male,CS,DDT,22/09/2021,ZT0,100
07/10/2021,ETHOSCOPE_259,13,male,CS,DDT,22/09/2021,ZT0,100
07/10/2021,ETHOSCOPE_259,14,male,CS,DDT,22/09/2021,ZT0,100
07/10/2021,ETHOSCOPE_259,15,male,CS,DDT,22/09/2021,ZT0,100
07/10/2021,ETHOSCOPE_259,16,male,CS,DDT,22/09/2021,ZT0,100
07/10/2021,ETHOSCOPE_259,17,male,CS,DDT,22/09/2021,ZT0,100
07/10/2021,ETHOSCOPE_259,18,male,CS,DDT,22/09/2021,ZT0,100
07/10/2021,ETHOSCOPE_259,19,male,CS,DDT,22/09/2021,ZT0,100
07/10/2021,ETHOSCOPE_259,20,male,CS,DDT,22/09/2021,ZT0,100
07/10/2021,ETHOSCOPE_259,21,male,CS,DDT,22/09/2021,ZT0,100
07/10/2021,ETHOSCOPE_259,22,male,CS,DDT,22/09/2021,ZT0,100
07/10/2021,ETHOSCOPE_259,23,male,CS,DDT,22/09/2021,ZT0,100
07/10/2021,ETHOSCOPE_259,24,male,CS,DDT,22/09/2021,ZT0,100
15/10/2021,ETHOSCOPE_141,1,male,CS,DDT,01/10/2021,ZT0,100
15/10/2021,ETHOSCOPE_141,2,male,CS,DDT,01/10/2021,ZT0,100
15/10/2021,ETHOSCOPE_141,3,male,CS,DDT,01/10/2021,ZT0,100
15/10/2021,ETHOSCOPE_141,4,male,CS,DDT,01/10/2021,ZT0,100
15/10/2021,ETHOSCOPE_141,5,male,CS,DDT,01/10/2021,ZT0,100
15/10/2021,ETHOSCOPE_141,6,male,CS,DDT,01/10/2021,ZT0,100
15/10/2021,ETHOSCOPE_141,7,male,CS,DDT,01/10/2021,ZT0,100
15/10/2021,ETHOSCOPE_141,8,male,CS,DDT,01/10/2021,ZT0,100
15/10/2021,ETHOSCOPE_141,9,male,CS,DDT,01/10/2021,ZT0,100
15/10/2021,ETHOSCOPE_141,10,male,CS,DDT,01/10/2021,ZT0,100
15/10/2021,ETHOSCOPE_141,11,male,CS,DDT,01/10/2021,ZT0,100
15/10/2021,ETHOSCOPE_141,12,male,CS,DDT,01/10/2021,ZT0,100
15/10/2021,ETHOSCOPE_141,13,male,CS,DDT,01/10/2021,ZT0,100
15/10/2021,ETHOSCOPE_141,14,male,CS,DDT,01/10/2021,ZT0,100
15/10/2021,ETHOSCOPE_141,15,male,CS,DDT,01/10/2021,ZT0,100
15/10/2021,ETHOSCOPE_141,16,male,CS,DDT,01/10/2021,ZT0,100
15/10/2021,ETHOSCOPE_141,17,male,CS,DDT,01/10/2021,ZT0,100
15/10/2021,ETHOSCOPE_141,18,male,CS,DDT,01/10/2021,ZT0,100
15/10/2021,ETHOSCOPE_141,19,male,CS,DDT,01/10/2021,ZT0,100
15/10/2021,ETHOSCOPE_141,20,male,CS,DDT,01/10/2021,ZT0,100
15/10/2021,ETHOSCOPE_141,21,male,CS,DDT,01/10/2021,ZT0,100
15/10/2021,ETHOSCOPE_141,22,male,CS,DDT,01/10/2021,ZT0,100
15/10/2021,ETHOSCOPE_141,23,male,CS,DDT,01/10/2021,ZT0,100
15/10/2021,ETHOSCOPE_141,24,male,CS,DDT,01/10/2021,ZT0,100
07/09/2020,ETHOSCOPE_218,1,male,CS,solvent,26/08/2020,ZT1,100
07/09/2020,ETHOSCOPE_218,2,male,CS,solvent,26/08/2020,ZT1,100
07/09/2020,ETHOSCOPE_218,3,male,CS,solvent,26/08/2020,ZT1,100
07/09/2020,ETHOSCOPE_218,4,male,CS,solvent,26/08/2020,ZT1,100
07/09/2020,ETHOSCOPE_218,5,male,CS,solvent,26/08/2020,ZT1,100
07/09/2020,ETHOSCOPE_218,6,male,CS,solvent,26/08/2020,ZT1,100
07/09/2020,ETHOSCOPE_218,7,male,CS,solvent,26/08/2020,ZT1,100
07/09/2020,ETHOSCOPE_218,8,male,CS,solvent,26/08/2020,ZT1,100
07/09/2020,ETHOSCOPE_218,9,male,CS,solvent,26/08/2020,ZT1,100
07/09/2020,ETHOSCOPE_218,10,male,CS,solvent,26/08/2020,ZT1,100
07/09/2020,ETHOSCOPE_218,11,male,CS,solvent,26/08/2020,ZT1,100
07/09/2020,ETHOSCOPE_218,12,male,CS,solvent,26/08/2020,ZT1,100
07/09/2020,ETHOSCOPE_218,13,male,CS,solvent,26/08/2020,ZT1,100
07/09/2020,ETHOSCOPE_218,14,male,CS,solvent,26/08/2020,ZT1,100
07/09/2020,ETHOSCOPE_218,15,male,CS,solvent,26/08/2020,ZT1,100
07/09/2020,ETHOSCOPE_218,16,male,CS,solvent,26/08/2020,ZT1,100
07/09/2020,ETHOSCOPE_218,17,male,CS,solvent,26/08/2020,ZT1,100
07/09/2020,ETHOSCOPE_218,18,male,CS,solvent,26/08/2020,ZT1,100
07/09/2020,ETHOSCOPE_218,19,male,CS,solvent,26/08/2020,ZT1,100
07/09/2020,ETHOSCOPE_218,20,male,CS,solvent,26/08/2020,ZT1,100
07/09/2020,ETHOSCOPE_218,21,male,CS,solvent,26/08/2020,ZT1,100
07/09/2020,ETHOSCOPE_218,22,male,CS,solvent,26/08/2020,ZT1,100
07/09/2020,ETHOSCOPE_218,23,male,CS,solvent,26/08/2020,ZT1,100
07/09/2020,ETHOSCOPE_218,24,male,CS,solvent,26/08/2020,ZT1,100
04/07/2020,ETHOSCOPE_197,1,male,CS,solvent,19/06/2020,ZT0,100
04/07/2020,ETHOSCOPE_197,2,male,CS,solvent,19/06/2020,ZT0,100
04/07/2020,ETHOSCOPE_197,3,male,CS,solvent,19/06/2020,ZT0,100
04/07/2020,ETHOSCOPE_197,4,male,CS,solvent,19/06/2020,ZT0,100
04/07/2020,ETHOSCOPE_197,5,male,CS,solvent,19/06/2020,ZT0,100
04/07/2020,ETHOSCOPE_197,6,male,CS,solvent,19/06/2020,ZT0,100
04/07/2020,ETHOSCOPE_197,7,male,CS,solvent,19/06/2020,ZT0,100
04/07/2020,ETHOSCOPE_197,8,male,CS,solvent,19/06/2020,ZT0,100
04/07/2020,ETHOSCOPE_197,9,male,CS,solvent,19/06/2020,ZT0,100
04/07/2020,ETHOSCOPE_197,10,male,CS,solvent,19/06/2020,ZT0,100
04/07/2020,ETHOSCOPE_197,11,male,CS,solvent,19/06/2020,ZT0,100
04/07/2020,ETHOSCOPE_197,12,male,CS,solvent,19/06/2020,ZT0,100
04/07/2020,ETHOSCOPE_197,13,male,CS,solvent,19/06/2020,ZT0,100
04/07/2020,ETHOSCOPE_197,14,male,CS,solvent,19/06/2020,ZT0,100
04/07/2020,ETHOSCOPE_197,15,male,CS,solvent,19/06/2020,ZT0,100
04/07/2020,ETHOSCOPE_197,16,male,CS,solvent,19/06/2020,ZT0,100
04/07/2020,ETHOSCOPE_197,17,male,CS,solvent,19/06/2020,ZT0,100
04/07/2020,ETHOSCOPE_197,18,male,CS,solvent,19/06/2020,ZT0,100
04/07/2020,ETHOSCOPE_197,19,male,CS,solvent,19/06/2020,ZT0,100
04/07/2020,ETHOSCOPE_197,20,male,CS,solvent,19/06/2020,ZT0,100
04/07/2020,ETHOSCOPE_197,21,male,CS,solvent,19/06/2020,ZT0,100
04/07/2020,ETHOSCOPE_197,22,male,CS,solvent,19/06/2020,ZT0,100
04/07/2020,ETHOSCOPE_197,23,male,CS,solvent,19/06/2020,ZT0,100
04/07/2020,ETHOSCOPE_197,24,male,CS,solvent,19/06/2020,ZT0,100
27/07/2020,ETHOSCOPE_148,1,male,CS,solvent,13/07/2020,ZT0,100
27/07/2020,ETHOSCOPE_148,2,male,CS,solvent,13/07/2020,ZT0,100
27/07/2020,ETHOSCOPE_148,3,male,CS,solvent,13/07/2020,ZT0,100
27/07/2020,ETHOSCOPE_148,4,male,CS,solvent,13/07/2020,ZT0,100
27/07/2020,ETHOSCOPE_148,5,male,CS,solvent,13/07/2020,ZT0,100
27/07/2020,ETHOSCOPE_148,6,male,CS,solvent,13/07/2020,ZT0,100
27/07/2020,ETHOSCOPE_148,7,male,CS,solvent,13/07/2020,ZT0,100
27/07/2020,ETHOSCOPE_148,8,male,CS,solvent,13/07/2020,ZT0,100
27/07/2020,ETHOSCOPE_148,9,male,CS,solvent,13/07/2020,ZT0,100
27/07/2020,ETHOSCOPE_148,10,male,CS,solvent,13/07/2020,ZT0,100
27/07/2020,ETHOSCOPE_148,11,male,CS,solvent,13/07/2020,ZT0,100
27/07/2020,ETHOSCOPE_148,12,male,CS,solvent,13/07/2020,ZT0,100
27/07/2020,ETHOSCOPE_148,13,male,CS,solvent,13/07/2020,ZT0,100
27/07/2020,ETHOSCOPE_148,14,male,CS,solvent,13/07/2020,ZT0,100
27/07/2020,ETHOSCOPE_148,15,male,CS,solvent,13/07/2020,ZT0,100
27/07/2020,ETHOSCOPE_148,16,male,CS,solvent,13/07/2020,ZT0,100
27/07/2020,ETHOSCOPE_148,17,male,CS,solvent,13/07/2020,ZT0,100
27/07/2020,ETHOSCOPE_148,18,male,CS,solvent,13/07/2020,ZT0,100
27/07/2020,ETHOSCOPE_148,19,male,CS,solvent,13/07/2020,ZT0,100
27/07/2020,ETHOSCOPE_148,20,male,CS,solvent,13/07/2020,ZT0,100
27/07/2020,ETHOSCOPE_148,21,male,CS,solvent,13/07/2020,ZT0,100
27/07/2020,ETHOSCOPE_148,22,male,CS,solvent,13/07/2020,ZT0,100
27/07/2020,ETHOSCOPE_148,23,male,CS,solvent,13/07/2020,ZT0,100
27/07/2020,ETHOSCOPE_148,24,male,CS,solvent,13/07/2020,ZT0,100
25/05/2021,ETHOSCOPE_238,1,male,CS,spirindoline,12/05/2021,ZT0,100
25/05/2021,ETHOSCOPE_238,2,male,CS,spirindoline,12/05/2021,ZT0,100
25/05/2021,ETHOSCOPE_238,3,male,CS,spirindoline,12/05/2021,ZT0,100
25/05/2021,ETHOSCOPE_238,4,male,CS,spirindoline,12/05/2021,ZT0,100
25/05/2021,ETHOSCOPE_238,5,male,CS,spirindoline,12/05/2021,ZT0,100
25/05/2021,ETHOSCOPE_238,6,male,CS,spirindoline,12/05/2021,ZT0,100
25/05/2021,ETHOSCOPE_238,7,male,CS,spirindoline,12/05/2021,ZT0,100
25/05/2021,ETHOSCOPE_238,8,male,CS,spirindoline,12/05/2021,ZT0,100
25/05/2021,ETHOSCOPE_238,9,male,CS,spirindoline,12/05/2021,ZT0,100
25/05/2021,ETHOSCOPE_238,10,male,CS,spirindoline,12/05/2021,ZT0,100
25/05/2021,ETHOSCOPE_238,11,male,CS,spirindoline,12/05/2021,ZT0,100
25/05/2021,ETHOSCOPE_238,12,male,CS,spirindoline,12/05/2021,ZT0,100
25/05/2021,ETHOSCOPE_238,13,male,CS,spirindoline,12/05/2021,ZT0,100
25/05/2021,ETHOSCOPE_238,14,male,CS,spirindoline,12/05/2021,ZT0,100
25/05/2021,ETHOSCOPE_238,15,male,CS,spirindoline,12/05/2021,ZT0,100
25/05/2021,ETHOSCOPE_238,16,male,CS,spirindoline,12/05/2021,ZT0,100
25/05/2021,ETHOSCOPE_238,17,male,CS,spirindoline,12/05/2021,ZT0,100
25/05/2021,ETHOSCOPE_238,18,male,CS,spirindoline,12/05/2021,ZT0,100
25/05/2021,ETHOSCOPE_238,19,male,CS,spirindoline,12/05/2021,ZT0,100
25/05/2021,ETHOSCOPE_238,20,male,CS,spirindoline,12/05/2021,ZT0,100
25/05/2021,ETHOSCOPE_238,21,male,CS,spirindoline,12/05/2021,ZT0,100
25/05/2021,ETHOSCOPE_238,22,male,CS,spirindoline,12/05/2021,ZT0,100
25/05/2021,ETHOSCOPE_238,23,male,CS,spirindoline,12/05/2021,ZT0,100
25/05/2021,ETHOSCOPE_238,24,male,CS,spirindoline,12/05/2021,ZT0,100
31/05/2021,ETHOSCOPE_257,1,male,CS,spirindoline,17/05/2021,ZT0,100
31/05/2021,ETHOSCOPE_257,2,male,CS,spirindoline,17/05/2021,ZT0,100
31/05/2021,ETHOSCOPE_257,3,male,CS,spirindoline,17/05/2021,ZT0,100
31/05/2021,ETHOSCOPE_257,4,male,CS,spirindoline,17/05/2021,ZT0,100
31/05/2021,ETHOSCOPE_257,5,male,CS,spirindoline,17/05/2021,ZT0,100
31/05/2021,ETHOSCOPE_257,6,male,CS,spirindoline,17/05/2021,ZT0,100
31/05/2021,ETHOSCOPE_257,7,male,CS,spirindoline,17/05/2021,ZT0,100
31/05/2021,ETHOSCOPE_257,8,male,CS,spirindoline,17/05/2021,ZT0,100
31/05/2021,ETHOSCOPE_257,9,male,CS,spirindoline,17/05/2021,ZT0,100
31/05/2021,ETHOSCOPE_257,10,male,CS,spirindoline,17/05/2021,ZT0,100
31/05/2021,ETHOSCOPE_257,11,male,CS,spirindoline,17/05/2021,ZT0,100
31/05/2021,ETHOSCOPE_257,12,male,CS,spirindoline,17/05/2021,ZT0,100
31/05/2021,ETHOSCOPE_257,13,male,CS,spirindoline,17/05/2021,ZT0,100
31/05/2021,ETHOSCOPE_257,14,male,CS,spirindoline,17/05/2021,ZT0,100
31/05/2021,ETHOSCOPE_257,15,male,CS,spirindoline,17/05/2021,ZT0,100
31/05/2021,ETHOSCOPE_257,16,male,CS,spirindoline,17/05/2021,ZT0,100
31/05/2021,ETHOSCOPE_257,17,male,CS,spirindoline,17/05/2021,ZT0,100
31/05/2021,ETHOSCOPE_257,18,male,CS,spirindoline,17/05/2021,ZT0,100
31/05/2021,ETHOSCOPE_257,19,male,CS,spirindoline,17/05/2021,ZT0,100
31/05/2021,ETHOSCOPE_257,20,male,CS,spirindoline,17/05/2021,ZT0,100
31/05/2021,ETHOSCOPE_257,21,male,CS,spirindoline,17/05/2021,ZT0,100
31/05/2021,ETHOSCOPE_257,22,male,CS,spirindoline,17/05/2021,ZT0,100
31/05/2021,ETHOSCOPE_257,23,male,CS,spirindoline,17/05/2021,ZT0,100
31/05/2021,ETHOSCOPE_257,24,male,CS,spirindoline,17/05/2021,ZT0,100
02/06/2021,ETHOSCOPE_108,1,male,CS,spirindoline,19/05/2021,ZT0,100
02/06/2021,ETHOSCOPE_108,2,male,CS,spirindoline,19/05/2021,ZT0,100
02/06/2021,ETHOSCOPE_108,3,male,CS,spirindoline,19/05/2021,ZT0,100
02/06/2021,ETHOSCOPE_108,4,male,CS,spirindoline,19/05/2021,ZT0,100
02/06/2021,ETHOSCOPE_108,5,male,CS,spirindoline,19/05/2021,ZT0,100
02/06/2021,ETHOSCOPE_108,6,male,CS,spirindoline,19/05/2021,ZT0,100
02/06/2021,ETHOSCOPE_108,7,male,CS,spirindoline,19/05/2021,ZT0,100
02/06/2021,ETHOSCOPE_108,8,male,CS,spirindoline,19/05/2021,ZT0,100
02/06/2021,ETHOSCOPE_108,9,male,CS,spirindoline,19/05/2021,ZT0,100
02/06/2021,ETHOSCOPE_108,10,male,CS,spirindoline,19/05/2021,ZT0,100
02/06/2021,ETHOSCOPE_108,11,male,CS,spirindoline,19/05/2021,ZT0,100
02/06/2021,ETHOSCOPE_108,12,male,CS,spirindoline,19/05/2021,ZT0,100
02/06/2021,ETHOSCOPE_108,13,male,CS,spirindoline,19/05/2021,ZT0,100
02/06/2021,ETHOSCOPE_108,14,male,CS,spirindoline,19/05/2021,ZT0,100
02/06/2021,ETHOSCOPE_108,15,male,CS,spirindoline,19/05/2021,ZT0,100
02/06/2021,ETHOSCOPE_108,16,male,CS,spirindoline,19/05/2021,ZT0,100
02/06/2021,ETHOSCOPE_108,17,male,CS,spirindoline,19/05/2021,ZT0,100
02/06/2021,ETHOSCOPE_108,18,male,CS,spirindoline,19/05/2021,ZT0,100
02/06/2021,ETHOSCOPE_108,19,male,CS,spirindoline,19/05/2021,ZT0,100
02/06/2021,ETHOSCOPE_108,20,male,CS,spirindoline,19/05/2021,ZT0,100
02/06/2021,ETHOSCOPE_108,21,male,CS,spirindoline,19/05/2021,ZT0,100
02/06/2021,ETHOSCOPE_108,22,male,CS,spirindoline,19/05/2021,ZT0,100
02/06/2021,ETHOSCOPE_108,23,male,CS,spirindoline,19/05/2021,ZT0,100
02/06/2021,ETHOSCOPE_108,24,male,CS,spirindoline,19/05/2021,ZT0,100
02/06/2021,ETHOSCOPE_257,1,male,CS,chlorantraniliprole,19/05/2021,ZT0,100
02/06/2021,ETHOSCOPE_257,2,male,CS,chlorantraniliprole,19/05/2021,ZT0,100
02/06/2021,ETHOSCOPE_257,3,male,CS,chlorantraniliprole,19/05/2021,ZT0,100
02/06/2021,ETHOSCOPE_257,4,male,CS,chlorantraniliprole,19/05/2021,ZT0,100
02/06/2021,ETHOSCOPE_257,5,male,CS,chlorantraniliprole,19/05/2021,ZT0,100
02/06/2021,ETHOSCOPE_257,6,male,CS,chlorantraniliprole,19/05/2021,ZT0,100
02/06/2021,ETHOSCOPE_257,7,male,CS,chlorantraniliprole,19/05/2021,ZT0,100
02/06/2021,ETHOSCOPE_257,8,male,CS,chlorantraniliprole,19/05/2021,ZT0,100
02/06/2021,ETHOSCOPE_257,9,male,CS,chlorantraniliprole,19/05/2021,ZT0,100
02/06/2021,ETHOSCOPE_257,10,male,CS,chlorantraniliprole,19/05/2021,ZT0,100
02/06/2021,ETHOSCOPE_257,11,male,CS,chlorantraniliprole,19/05/2021,ZT0,100
02/06/2021,ETHOSCOPE_257,12,male,CS,chlorantraniliprole,19/05/2021,ZT0,100
02/06/2021,ETHOSCOPE_257,13,male,CS,chlorantraniliprole,19/05/2021,ZT0,100
02/06/2021,ETHOSCOPE_257,14,male,CS,chlorantraniliprole,19/05/2021,ZT0,100
02/06/2021,ETHOSCOPE_257,15,male,CS,chlorantraniliprole,19/05/2021,ZT0,100
02/06/2021,ETHOSCOPE_257,16,male,CS,chlorantraniliprole,19/05/2021,ZT0,100
02/06/2021,ETHOSCOPE_257,17,male,CS,chlorantraniliprole,19/05/2021,ZT0,100
02/06/2021,ETHOSCOPE_257,18,male,CS,chlorantraniliprole,19/05/2021,ZT0,100
02/06/2021,ETHOSCOPE_257,19,male,CS,chlorantraniliprole,19/05/2021,ZT0,100
02/06/2021,ETHOSCOPE_257,20,male,CS,chlorantraniliprole,19/05/2021,ZT0,100
02/06/2021,ETHOSCOPE_257,21,male,CS,chlorantraniliprole,19/05/2021,ZT0,100
02/06/2021,ETHOSCOPE_257,22,male,CS,chlorantraniliprole,19/05/2021,ZT0,100
02/06/2021,ETHOSCOPE_257,23,male,CS,chlorantraniliprole,19/05/2021,ZT0,100
02/06/2021,ETHOSCOPE_257,24,male,CS,chlorantraniliprole,19/05/2021,ZT0,100
02/06/2021,ETHOSCOPE_254,1,male,CS,ryanodine,19/05/2021,ZT0,100
02/06/2021,ETHOSCOPE_254,2,male,CS,ryanodine,19/05/2021,ZT0,100
02/06/2021,ETHOSCOPE_254,3,male,CS,ryanodine,19/05/2021,ZT0,100
02/06/2021,ETHOSCOPE_254,4,male,CS,ryanodine,19/05/2021,ZT0,100
02/06/2021,ETHOSCOPE_254,5,male,CS,ryanodine,19/05/2021,ZT0,100
02/06/2021,ETHOSCOPE_254,6,male,CS,ryanodine,19/05/2021,ZT0,100
02/06/2021,ETHOSCOPE_254,7,male,CS,ryanodine,19/05/2021,ZT0,100
02/06/2021,ETHOSCOPE_254,8,male,CS,ryanodine,19/05/2021,ZT0,100
02/06/2021,ETHOSCOPE_254,9,male,CS,ryanodine,19/05/2021,ZT0,100
02/06/2021,ETHOSCOPE_254,10,male,CS,ryanodine,19/05/2021,ZT0,100
02/06/2021,ETHOSCOPE_254,11,male,CS,ryanodine,19/05/2021,ZT0,100
02/06/2021,ETHOSCOPE_254,12,male,CS,ryanodine,19/05/2021,ZT0,100
02/06/2021,ETHOSCOPE_254,13,male,CS,ryanodine,19/05/2021,ZT0,100
02/06/2021,ETHOSCOPE_254,14,male,CS,ryanodine,19/05/2021,ZT0,100
02/06/2021,ETHOSCOPE_254,15,male,CS,ryanodine,19/05/2021,ZT0,100
02/06/2021,ETHOSCOPE_254,16,male,CS,ryanodine,19/05/2021,ZT0,100
02/06/2021,ETHOSCOPE_254,17,male,CS,ryanodine,19/05/2021,ZT0,100
02/06/2021,ETHOSCOPE_254,18,male,CS,ryanodine,19/05/2021,ZT0,100
02/06/2021,ETHOSCOPE_254,19,male,CS,ryanodine,19/05/2021,ZT0,100
02/06/2021,ETHOSCOPE_254,20,male,CS,ryanodine,19/05/2021,ZT0,100
02/06/2021,ETHOSCOPE_254,21,male,CS,ryanodine,19/05/2021,ZT0,100
02/06/2021,ETHOSCOPE_254,22,male,CS,ryanodine,19/05/2021,ZT0,100
02/06/2021,ETHOSCOPE_254,23,male,CS,ryanodine,19/05/2021,ZT0,100
02/06/2021,ETHOSCOPE_254,24,male,CS,ryanodine,19/05/2021,ZT0,100
08/06/2021,ETHOSCOPE_108,1,male,CS,chlorantraniliprole,26/05/2021,ZT0,100
08/06/2021,ETHOSCOPE_108,2,male,CS,chlorantraniliprole,26/05/2021,ZT0,100
08/06/2021,ETHOSCOPE_108,3,male,CS,chlorantraniliprole,26/05/2021,ZT0,100
08/06/2021,ETHOSCOPE_108,4,male,CS,chlorantraniliprole,26/05/2021,ZT0,100
08/06/2021,ETHOSCOPE_108,5,male,CS,chlorantraniliprole,26/05/2021,ZT0,100
08/06/2021,ETHOSCOPE_108,6,male,CS,chlorantraniliprole,26/05/2021,ZT0,100
08/06/2021,ETHOSCOPE_108,7,male,CS,chlorantraniliprole,26/05/2021,ZT0,100
08/06/2021,ETHOSCOPE_108,8,male,CS,chlorantraniliprole,26/05/2021,ZT0,100
08/06/2021,ETHOSCOPE_108,9,male,CS,chlorantraniliprole,26/05/2021,ZT0,100
08/06/2021,ETHOSCOPE_108,10,male,CS,chlorantraniliprole,26/05/2021,ZT0,100
08/06/2021,ETHOSCOPE_108,11,male,CS,chlorantraniliprole,26/05/2021,ZT0,100
08/06/2021,ETHOSCOPE_108,12,male,CS,chlorantraniliprole,26/05/2021,ZT0,100
08/06/2021,ETHOSCOPE_108,13,male,CS,chlorantraniliprole,26/05/2021,ZT0,100
08/06/2021,ETHOSCOPE_108,14,male,CS,chlorantraniliprole,26/05/2021,ZT0,100
08/06/2021,ETHOSCOPE_108,15,male,CS,chlorantraniliprole,26/05/2021,ZT0,100
08/06/2021,ETHOSCOPE_108,16,male,CS,chlorantraniliprole,26/05/2021,ZT0,100
08/06/2021,ETHOSCOPE_108,17,male,CS,chlorantraniliprole,26/05/2021,ZT0,100
08/06/2021,ETHOSCOPE_108,18,male,CS,chlorantraniliprole,26/05/2021,ZT0,100
08/06/2021,ETHOSCOPE_108,19,male,CS,chlorantraniliprole,26/05/2021,ZT0,100
08/06/2021,ETHOSCOPE_108,20,male,CS,chlorantraniliprole,26/05/2021,ZT0,100
08/06/2021,ETHOSCOPE_108,21,male,CS,chlorantraniliprole,26/05/2021,ZT0,100
08/06/2021,ETHOSCOPE_108,22,male,CS,chlorantraniliprole,26/05/2021,ZT0,100
08/06/2021,ETHOSCOPE_108,23,male,CS,chlorantraniliprole,26/05/2021,ZT0,100
08/06/2021,ETHOSCOPE_108,24,male,CS,chlorantraniliprole,26/05/2021,ZT0,100
08/06/2021,ETHOSCOPE_254,1,male,CS,ryanodine,26/05/2021,ZT0,100
08/06/2021,ETHOSCOPE_254,2,male,CS,ryanodine,26/05/2021,ZT0,100
08/06/2021,ETHOSCOPE_254,3,male,CS,ryanodine,26/05/2021,ZT0,100
08/06/2021,ETHOSCOPE_254,4,male,CS,ryanodine,26/05/2021,ZT0,100
08/06/2021,ETHOSCOPE_254,5,male,CS,ryanodine,26/05/2021,ZT0,100
08/06/2021,ETHOSCOPE_254,6,male,CS,ryanodine,26/05/2021,ZT0,100
08/06/2021,ETHOSCOPE_254,7,male,CS,ryanodine,26/05/2021,ZT0,100
08/06/2021,ETHOSCOPE_254,8,male,CS,ryanodine,26/05/2021,ZT0,100
08/06/2021,ETHOSCOPE_254,9,male,CS,ryanodine,26/05/2021,ZT0,100
08/06/2021,ETHOSCOPE_254,10,male,CS,ryanodine,26/05/2021,ZT0,100
08/06/2021,ETHOSCOPE_254,11,male,CS,ryanodine,26/05/2021,ZT0,100
08/06/2021,ETHOSCOPE_254,12,male,CS,ryanodine,26/05/2021,ZT0,100
08/06/2021,ETHOSCOPE_254,13,male,CS,ryanodine,26/05/2021,ZT0,100
08/06/2021,ETHOSCOPE_254,14,male,CS,ryanodine,26/05/2021,ZT0,100
08/06/2021,ETHOSCOPE_254,15,male,CS,ryanodine,26/05/2021,ZT0,100
08/06/2021,ETHOSCOPE_254,16,male,CS,ryanodine,26/05/2021,ZT0,100
08/06/2021,ETHOSCOPE_254,17,male,CS,ryanodine,26/05/2021,ZT0,100
08/06/2021,ETHOSCOPE_254,18,male,CS,ryanodine,26/05/2021,ZT0,100
08/06/2021,ETHOSCOPE_254,19,male,CS,ryanodine,26/05/2021,ZT0,100
08/06/2021,ETHOSCOPE_254,20,male,CS,ryanodine,26/05/2021,ZT0,100
08/06/2021,ETHOSCOPE_254,21,male,CS,ryanodine,26/05/2021,ZT0,100
08/06/2021,ETHOSCOPE_254,22,male,CS,ryanodine,26/05/2021,ZT0,100
08/06/2021,ETHOSCOPE_254,23,male,CS,ryanodine,26/05/2021,ZT0,100
08/06/2021,ETHOSCOPE_254,24,male,CS,ryanodine,26/05/2021,ZT0,100
23/06/2021,ETHOSCOPE_139,1,male,CS,Diamide_syn_cpd,11/06/2021,ZT0,100
23/06/2021,ETHOSCOPE_139,2,male,CS,Diamide_syn_cpd,11/06/2021,ZT0,100
23/06/2021,ETHOSCOPE_139,3,male,CS,Diamide_syn_cpd,11/06/2021,ZT0,100
23/06/2021,ETHOSCOPE_139,4,male,CS,Diamide_syn_cpd,11/06/2021,ZT0,100
23/06/2021,ETHOSCOPE_139,5,male,CS,Diamide_syn_cpd,11/06/2021,ZT0,100
23/06/2021,ETHOSCOPE_139,6,male,CS,Diamide_syn_cpd,11/06/2021,ZT0,100
23/06/2021,ETHOSCOPE_139,7,male,CS,Diamide_syn_cpd,11/06/2021,ZT0,100
23/06/2021,ETHOSCOPE_139,8,male,CS,Diamide_syn_cpd,11/06/2021,ZT0,100
23/06/2021,ETHOSCOPE_139,9,male,CS,Diamide_syn_cpd,11/06/2021,ZT0,100
23/06/2021,ETHOSCOPE_139,10,male,CS,Diamide_syn_cpd,11/06/2021,ZT0,100
23/06/2021,ETHOSCOPE_139,11,male,CS,Diamide_syn_cpd,11/06/2021,ZT0,100
23/06/2021,ETHOSCOPE_139,12,male,CS,Diamide_syn_cpd,11/06/2021,ZT0,100
23/06/2021,ETHOSCOPE_139,13,male,CS,Diamide_syn_cpd,11/06/2021,ZT0,100
23/06/2021,ETHOSCOPE_139,14,male,CS,Diamide_syn_cpd,11/06/2021,ZT0,100
23/06/2021,ETHOSCOPE_139,15,male,CS,Diamide_syn_cpd,11/06/2021,ZT0,100
23/06/2021,ETHOSCOPE_139,16,male,CS,Diamide_syn_cpd,11/06/2021,ZT0,100
23/06/2021,ETHOSCOPE_139,17,male,CS,Diamide_syn_cpd,11/06/2021,ZT0,100
23/06/2021,ETHOSCOPE_139,18,male,CS,Diamide_syn_cpd,11/06/2021,ZT0,100
23/06/2021,ETHOSCOPE_139,19,male,CS,Diamide_syn_cpd,11/06/2021,ZT0,100
23/06/2021,ETHOSCOPE_139,20,male,CS,Diamide_syn_cpd,11/06/2021,ZT0,100
23/06/2021,ETHOSCOPE_139,21,male,CS,Diamide_syn_cpd,11/06/2021,ZT0,100
23/06/2021,ETHOSCOPE_139,22,male,CS,Diamide_syn_cpd,11/06/2021,ZT0,100
23/06/2021,ETHOSCOPE_139,23,male,CS,Diamide_syn_cpd,11/06/2021,ZT0,100
23/06/2021,ETHOSCOPE_139,24,male,CS,Diamide_syn_cpd,11/06/2021,ZT0,100
23/06/2021,ETHOSCOPE_257,1,male,CS,abamectin,11/06/2021,ZT0,100
23/06/2021,ETHOSCOPE_257,2,male,CS,abamectin,11/06/2021,ZT0,100
23/06/2021,ETHOSCOPE_257,3,male,CS,abamectin,11/06/2021,ZT0,100
23/06/2021,ETHOSCOPE_257,4,male,CS,abamectin,11/06/2021,ZT0,100
23/06/2021,ETHOSCOPE_257,5,male,CS,abamectin,11/06/2021,ZT0,100
23/06/2021,ETHOSCOPE_257,6,male,CS,abamectin,11/06/2021,ZT0,100
23/06/2021,ETHOSCOPE_257,7,male,CS,abamectin,11/06/2021,ZT0,100
23/06/2021,ETHOSCOPE_257,8,male,CS,abamectin,11/06/2021,ZT0,100
23/06/2021,ETHOSCOPE_257,9,male,CS,abamectin,11/06/2021,ZT0,100
23/06/2021,ETHOSCOPE_257,10,male,CS,abamectin,11/06/2021,ZT0,100
23/06/2021,ETHOSCOPE_257,11,male,CS,abamectin,11/06/2021,ZT0,100
23/06/2021,ETHOSCOPE_257,12,male,CS,abamectin,11/06/2021,ZT0,100
23/06/2021,ETHOSCOPE_257,13,male,CS,abamectin,11/06/2021,ZT0,100
23/06/2021,ETHOSCOPE_257,14,male,CS,abamectin,11/06/2021,ZT0,100
23/06/2021,ETHOSCOPE_257,15,male,CS,abamectin,11/06/2021,ZT0,100
23/06/2021,ETHOSCOPE_257,16,male,CS,abamectin,11/06/2021,ZT0,100
23/06/2021,ETHOSCOPE_257,17,male,CS,abamectin,11/06/2021,ZT0,100
23/06/2021,ETHOSCOPE_257,18,male,CS,abamectin,11/06/2021,ZT0,100
23/06/2021,ETHOSCOPE_257,19,male,CS,abamectin,11/06/2021,ZT0,100
23/06/2021,ETHOSCOPE_257,20,male,CS,abamectin,11/06/2021,ZT0,100
23/06/2021,ETHOSCOPE_257,21,male,CS,abamectin,11/06/2021,ZT0,100
23/06/2021,ETHOSCOPE_257,22,male,CS,abamectin,11/06/2021,ZT0,100
23/06/2021,ETHOSCOPE_257,23,male,CS,abamectin,11/06/2021,ZT0,100
23/06/2021,ETHOSCOPE_257,24,male,CS,abamectin,11/06/2021,ZT0,100
13/07/2021,ETHOSCOPE_252,1,male,CS,tetramethrin,02/07/2021,ZT0,100
13/07/2021,ETHOSCOPE_252,2,male,CS,tetramethrin,02/07/2021,ZT0,100
13/07/2021,ETHOSCOPE_252,3,male,CS,tetramethrin,02/07/2021,ZT0,100
13/07/2021,ETHOSCOPE_252,4,male,CS,tetramethrin,02/07/2021,ZT0,100
13/07/2021,ETHOSCOPE_252,5,male,CS,tetramethrin,02/07/2021,ZT0,100
13/07/2021,ETHOSCOPE_252,6,male,CS,tetramethrin,02/07/2021,ZT0,100
13/07/2021,ETHOSCOPE_252,7,male,CS,tetramethrin,02/07/2021,ZT0,100
13/07/2021,ETHOSCOPE_252,8,male,CS,tetramethrin,02/07/2021,ZT0,100
13/07/2021,ETHOSCOPE_252,9,male,CS,tetramethrin,02/07/2021,ZT0,100
13/07/2021,ETHOSCOPE_252,10,male,CS,tetramethrin,02/07/2021,ZT0,100
13/07/2021,ETHOSCOPE_252,11,male,CS,tetramethrin,02/07/2021,ZT0,100
13/07/2021,ETHOSCOPE_252,12,male,CS,tetramethrin,02/07/2021,ZT0,100
13/07/2021,ETHOSCOPE_252,13,male,CS,tetramethrin,02/07/2021,ZT0,100
13/07/2021,ETHOSCOPE_252,14,male,CS,tetramethrin,02/07/2021,ZT0,100
13/07/2021,ETHOSCOPE_252,15,male,CS,tetramethrin,02/07/2021,ZT0,100
13/07/2021,ETHOSCOPE_252,16,male,CS,tetramethrin,02/07/2021,ZT0,100
13/07/2021,ETHOSCOPE_252,17,male,CS,tetramethrin,02/07/2021,ZT0,100
13/07/2021,ETHOSCOPE_252,18,male,CS,tetramethrin,02/07/2021,ZT0,100
13/07/2021,ETHOSCOPE_252,19,male,CS,tetramethrin,02/07/2021,ZT0,100
13/07/2021,ETHOSCOPE_252,20,male,CS,tetramethrin,02/07/2021,ZT0,100
13/07/2021,ETHOSCOPE_252,21,male,CS,tetramethrin,02/07/2021,ZT0,100
13/07/2021,ETHOSCOPE_252,22,male,CS,tetramethrin,02/07/2021,ZT0,100
13/07/2021,ETHOSCOPE_252,23,male,CS,tetramethrin,02/07/2021,ZT0,100
13/07/2021,ETHOSCOPE_252,24,male,CS,tetramethrin,02/07/2021,ZT0,100
13/07/2021,ETHOSCOPE_147,1,male,CS,cyantraniliprole,02/07/2021,ZT0,100
13/07/2021,ETHOSCOPE_147,2,male,CS,cyantraniliprole,02/07/2021,ZT0,100
13/07/2021,ETHOSCOPE_147,3,male,CS,cyantraniliprole,02/07/2021,ZT0,100
13/07/2021,ETHOSCOPE_147,4,male,CS,cyantraniliprole,02/07/2021,ZT0,100
13/07/2021,ETHOSCOPE_147,5,male,CS,cyantraniliprole,02/07/2021,ZT0,100
13/07/2021,ETHOSCOPE_147,6,male,CS,cyantraniliprole,02/07/2021,ZT0,100
13/07/2021,ETHOSCOPE_147,7,male,CS,cyantraniliprole,02/07/2021,ZT0,100
13/07/2021,ETHOSCOPE_147,8,male,CS,cyantraniliprole,02/07/2021,ZT0,100
13/07/2021,ETHOSCOPE_147,9,male,CS,cyantraniliprole,02/07/2021,ZT0,100
13/07/2021,ETHOSCOPE_147,10,male,CS,cyantraniliprole,02/07/2021,ZT0,100
13/07/2021,ETHOSCOPE_147,11,male,CS,cyantraniliprole,02/07/2021,ZT0,100
13/07/2021,ETHOSCOPE_147,12,male,CS,cyantraniliprole,02/07/2021,ZT0,100
13/07/2021,ETHOSCOPE_147,13,male,CS,cyantraniliprole,02/07/2021,ZT0,100
13/07/2021,ETHOSCOPE_147,14,male,CS,cyantraniliprole,02/07/2021,ZT0,100
13/07/2021,ETHOSCOPE_147,15,male,CS,cyantraniliprole,02/07/2021,ZT0,100
13/07/2021,ETHOSCOPE_147,16,male,CS,cyantraniliprole,02/07/2021,ZT0,100
13/07/2021,ETHOSCOPE_147,17,male,CS,cyantraniliprole,02/07/2021,ZT0,100
13/07/2021,ETHOSCOPE_147,18,male,CS,cyantraniliprole,02/07/2021,ZT0,100
13/07/2021,ETHOSCOPE_147,19,male,CS,cyantraniliprole,02/07/2021,ZT0,100
13/07/2021,ETHOSCOPE_147,20,male,CS,cyantraniliprole,02/07/2021,ZT0,100
13/07/2021,ETHOSCOPE_147,21,male,CS,cyantraniliprole,02/07/2021,ZT0,100
13/07/2021,ETHOSCOPE_147,22,male,CS,cyantraniliprole,02/07/2021,ZT0,100
13/07/2021,ETHOSCOPE_147,23,male,CS,cyantraniliprole,02/07/2021,ZT0,100
13/07/2021,ETHOSCOPE_147,24,male,CS,cyantraniliprole,02/07/2021,ZT0,100
15/07/2021,ETHOSCOPE_257,1,male,CS,tetramethrin,02/07/2021,ZT0,100
15/07/2021,ETHOSCOPE_257,2,male,CS,tetramethrin,02/07/2021,ZT0,100
15/07/2021,ETHOSCOPE_257,3,male,CS,tetramethrin,02/07/2021,ZT0,100
15/07/2021,ETHOSCOPE_257,4,male,CS,tetramethrin,02/07/2021,ZT0,100
15/07/2021,ETHOSCOPE_257,5,male,CS,tetramethrin,02/07/2021,ZT0,100
15/07/2021,ETHOSCOPE_257,6,male,CS,tetramethrin,02/07/2021,ZT0,100
15/07/2021,ETHOSCOPE_257,7,male,CS,tetramethrin,02/07/2021,ZT0,100
15/07/2021,ETHOSCOPE_257,8,male,CS,tetramethrin,02/07/2021,ZT0,100
15/07/2021,ETHOSCOPE_257,9,male,CS,tetramethrin,02/07/2021,ZT0,100
15/07/2021,ETHOSCOPE_257,10,male,CS,tetramethrin,02/07/2021,ZT0,100
15/07/2021,ETHOSCOPE_257,11,male,CS,tetramethrin,02/07/2021,ZT0,100
15/07/2021,ETHOSCOPE_257,12,male,CS,tetramethrin,02/07/2021,ZT0,100
15/07/2021,ETHOSCOPE_257,13,male,CS,tetramethrin,02/07/2021,ZT0,100
15/07/2021,ETHOSCOPE_257,14,male,CS,tetramethrin,02/07/2021,ZT0,100
15/07/2021,ETHOSCOPE_257,15,male,CS,tetramethrin,02/07/2021,ZT0,100
15/07/2021,ETHOSCOPE_257,16,male,CS,tetramethrin,02/07/2021,ZT0,100
15/07/2021,ETHOSCOPE_257,17,male,CS,tetramethrin,02/07/2021,ZT0,100
15/07/2021,ETHOSCOPE_257,18,male,CS,tetramethrin,02/07/2021,ZT0,100
15/07/2021,ETHOSCOPE_257,19,male,CS,tetramethrin,02/07/2021,ZT0,100
15/07/2021,ETHOSCOPE_257,20,male,CS,tetramethrin,02/07/2021,ZT0,100
15/07/2021,ETHOSCOPE_257,21,male,CS,tetramethrin,02/07/2021,ZT0,100
15/07/2021,ETHOSCOPE_257,22,male,CS,tetramethrin,02/07/2021,ZT0,100
15/07/2021,ETHOSCOPE_257,23,male,CS,tetramethrin,02/07/2021,ZT0,100
15/07/2021,ETHOSCOPE_257,24,male,CS,tetramethrin,02/07/2021,ZT0,100
15/07/2021,ETHOSCOPE_217,1,male,CS,cyantraniliprole,02/07/2021,ZT0,100
15/07/2021,ETHOSCOPE_217,2,male,CS,cyantraniliprole,02/07/2021,ZT0,100
15/07/2021,ETHOSCOPE_217,3,male,CS,cyantraniliprole,02/07/2021,ZT0,100
15/07/2021,ETHOSCOPE_217,4,male,CS,cyantraniliprole,02/07/2021,ZT0,100
15/07/2021,ETHOSCOPE_217,5,male,CS,cyantraniliprole,02/07/2021,ZT0,100
15/07/2021,ETHOSCOPE_217,6,male,CS,cyantraniliprole,02/07/2021,ZT0,100
15/07/2021,ETHOSCOPE_217,7,male,CS,cyantraniliprole,02/07/2021,ZT0,100
15/07/2021,ETHOSCOPE_217,8,male,CS,cyantraniliprole,02/07/2021,ZT0,100
15/07/2021,ETHOSCOPE_217,9,male,CS,cyantraniliprole,02/07/2021,ZT0,100
15/07/2021,ETHOSCOPE_217,10,male,CS,cyantraniliprole,02/07/2021,ZT0,100
15/07/2021,ETHOSCOPE_217,11,male,CS,cyantraniliprole,02/07/2021,ZT0,100
15/07/2021,ETHOSCOPE_217,12,male,CS,cyantraniliprole,02/07/2021,ZT0,100
15/07/2021,ETHOSCOPE_217,13,male,CS,cyantraniliprole,02/07/2021,ZT0,100
15/07/2021,ETHOSCOPE_217,14,male,CS,cyantraniliprole,02/07/2021,ZT0,100
15/07/2021,ETHOSCOPE_217,15,male,CS,cyantraniliprole,02/07/2021,ZT0,100
15/07/2021,ETHOSCOPE_217,16,male,CS,cyantraniliprole,02/07/2021,ZT0,100
15/07/2021,ETHOSCOPE_217,17,male,CS,cyantraniliprole,02/07/2021,ZT0,100
15/07/2021,ETHOSCOPE_217,18,male,CS,cyantraniliprole,02/07/2021,ZT0,100
15/07/2021,ETHOSCOPE_217,19,male,CS,cyantraniliprole,02/07/2021,ZT0,100
15/07/2021,ETHOSCOPE_217,20,male,CS,cyantraniliprole,02/07/2021,ZT0,100
15/07/2021,ETHOSCOPE_217,21,male,CS,cyantraniliprole,02/07/2021,ZT0,100
15/07/2021,ETHOSCOPE_217,22,male,CS,cyantraniliprole,02/07/2021,ZT0,100
15/07/2021,ETHOSCOPE_217,23,male,CS,cyantraniliprole,02/07/2021,ZT0,100
15/07/2021,ETHOSCOPE_217,24,male,CS,cyantraniliprole,02/07/2021,ZT0,100
16/07/2021,ETHOSCOPE_141,1,male,CS,cyantraniliprole,05/07/2021,ZT0,100
16/07/2021,ETHOSCOPE_141,2,male,CS,cyantraniliprole,05/07/2021,ZT0,100
16/07/2021,ETHOSCOPE_141,3,male,CS,cyantraniliprole,05/07/2021,ZT0,100
16/07/2021,ETHOSCOPE_141,4,male,CS,cyantraniliprole,05/07/2021,ZT0,100
16/07/2021,ETHOSCOPE_141,5,male,CS,cyantraniliprole,05/07/2021,ZT0,100
16/07/2021,ETHOSCOPE_141,6,male,CS,cyantraniliprole,05/07/2021,ZT0,100
16/07/2021,ETHOSCOPE_141,7,male,CS,cyantraniliprole,05/07/2021,ZT0,100
16/07/2021,ETHOSCOPE_141,8,male,CS,cyantraniliprole,05/07/2021,ZT0,100
16/07/2021,ETHOSCOPE_141,9,male,CS,cyantraniliprole,05/07/2021,ZT0,100
16/07/2021,ETHOSCOPE_141,10,male,CS,cyantraniliprole,05/07/2021,ZT0,100
16/07/2021,ETHOSCOPE_141,11,male,CS,cyantraniliprole,05/07/2021,ZT0,100
16/07/2021,ETHOSCOPE_141,12,male,CS,cyantraniliprole,05/07/2021,ZT0,100
16/07/2021,ETHOSCOPE_141,13,male,CS,cyantraniliprole,05/07/2021,ZT0,100
16/07/2021,ETHOSCOPE_141,14,male,CS,cyantraniliprole,05/07/2021,ZT0,100
16/07/2021,ETHOSCOPE_141,15,male,CS,cyantraniliprole,05/07/2021,ZT0,100
16/07/2021,ETHOSCOPE_141,16,male,CS,cyantraniliprole,05/07/2021,ZT0,100
16/07/2021,ETHOSCOPE_141,17,male,CS,cyantraniliprole,05/07/2021,ZT0,100
16/07/2021,ETHOSCOPE_141,18,male,CS,cyantraniliprole,05/07/2021,ZT0,100
16/07/2021,ETHOSCOPE_141,19,male,CS,cyantraniliprole,05/07/2021,ZT0,100
16/07/2021,ETHOSCOPE_141,20,male,CS,cyantraniliprole,05/07/2021,ZT0,100
16/07/2021,ETHOSCOPE_141,21,male,CS,cyantraniliprole,05/07/2021,ZT0,100
16/07/2021,ETHOSCOPE_141,22,male,CS,cyantraniliprole,05/07/2021,ZT0,100
16/07/2021,ETHOSCOPE_141,23,male,CS,cyantraniliprole,05/07/2021,ZT0,100
16/07/2021,ETHOSCOPE_141,24,male,CS,cyantraniliprole,05/07/2021,ZT0,100
16/07/2021,ETHOSCOPE_252,1,male,CS,tetramethrin,05/07/2021,ZT0,100
16/07/2021,ETHOSCOPE_252,2,male,CS,tetramethrin,05/07/2021,ZT0,100
16/07/2021,ETHOSCOPE_252,3,male,CS,tetramethrin,05/07/2021,ZT0,100
16/07/2021,ETHOSCOPE_252,4,male,CS,tetramethrin,05/07/2021,ZT0,100
16/07/2021,ETHOSCOPE_252,5,male,CS,tetramethrin,05/07/2021,ZT0,100
16/07/2021,ETHOSCOPE_252,6,male,CS,tetramethrin,05/07/2021,ZT0,100
16/07/2021,ETHOSCOPE_252,7,male,CS,tetramethrin,05/07/2021,ZT0,100
16/07/2021,ETHOSCOPE_252,8,male,CS,tetramethrin,05/07/2021,ZT0,100
16/07/2021,ETHOSCOPE_252,9,male,CS,tetramethrin,05/07/2021,ZT0,100
16/07/2021,ETHOSCOPE_252,10,male,CS,tetramethrin,05/07/2021,ZT0,100
16/07/2021,ETHOSCOPE_252,11,male,CS,tetramethrin,05/07/2021,ZT0,100
16/07/2021,ETHOSCOPE_252,12,male,CS,tetramethrin,05/07/2021,ZT0,100
16/07/2021,ETHOSCOPE_252,13,male,CS,tetramethrin,05/07/2021,ZT0,100
16/07/2021,ETHOSCOPE_252,14,male,CS,tetramethrin,05/07/2021,ZT0,100
16/07/2021,ETHOSCOPE_252,15,male,CS,tetramethrin,05/07/2021,ZT0,100
16/07/2021,ETHOSCOPE_252,16,male,CS,tetramethrin,05/07/2021,ZT0,100
16/07/2021,ETHOSCOPE_252,17,male,CS,tetramethrin,05/07/2021,ZT0,100
16/07/2021,ETHOSCOPE_252,18,male,CS,tetramethrin,05/07/2021,ZT0,100
16/07/2021,ETHOSCOPE_252,19,male,CS,tetramethrin,05/07/2021,ZT0,100
16/07/2021,ETHOSCOPE_252,20,male,CS,tetramethrin,05/07/2021,ZT0,100
16/07/2021,ETHOSCOPE_252,21,male,CS,tetramethrin,05/07/2021,ZT0,100
16/07/2021,ETHOSCOPE_252,22,male,CS,tetramethrin,05/07/2021,ZT0,100
16/07/2021,ETHOSCOPE_252,23,male,CS,tetramethrin,05/07/2021,ZT0,100
16/07/2021,ETHOSCOPE_252,24,male,CS,tetramethrin,05/07/2021,ZT0,100
21/06/2021,ETHOSCOPE_139,1,male,CS,abamectin,09/06/2021,ZT0,100
21/06/2021,ETHOSCOPE_139,2,male,CS,abamectin,09/06/2021,ZT0,100
21/06/2021,ETHOSCOPE_139,3,male,CS,abamectin,09/06/2021,ZT0,100
21/06/2021,ETHOSCOPE_139,4,male,CS,abamectin,09/06/2021,ZT0,100
21/06/2021,ETHOSCOPE_139,5,male,CS,abamectin,09/06/2021,ZT0,100
21/06/2021,ETHOSCOPE_139,6,male,CS,abamectin,09/06/2021,ZT0,100
21/06/2021,ETHOSCOPE_139,7,male,CS,abamectin,09/06/2021,ZT0,100
21/06/2021,ETHOSCOPE_139,8,male,CS,abamectin,09/06/2021,ZT0,100
21/06/2021,ETHOSCOPE_139,9,male,CS,abamectin,09/06/2021,ZT0,100
21/06/2021,ETHOSCOPE_139,10,male,CS,abamectin,09/06/2021,ZT0,100
21/06/2021,ETHOSCOPE_139,11,male,CS,abamectin,09/06/2021,ZT0,100
21/06/2021,ETHOSCOPE_139,12,male,CS,abamectin,09/06/2021,ZT0,100
21/06/2021,ETHOSCOPE_139,13,male,CS,abamectin,09/06/2021,ZT0,100
21/06/2021,ETHOSCOPE_139,14,male,CS,abamectin,09/06/2021,ZT0,100
21/06/2021,ETHOSCOPE_139,15,male,CS,abamectin,09/06/2021,ZT0,100
21/06/2021,ETHOSCOPE_139,16,male,CS,abamectin,09/06/2021,ZT0,100
21/06/2021,ETHOSCOPE_139,17,male,CS,abamectin,09/06/2021,ZT0,100
21/06/2021,ETHOSCOPE_139,18,male,CS,abamectin,09/06/2021,ZT0,100
21/06/2021,ETHOSCOPE_139,19,male,CS,abamectin,09/06/2021,ZT0,100
21/06/2021,ETHOSCOPE_139,20,male,CS,abamectin,09/06/2021,ZT0,100
21/06/2021,ETHOSCOPE_139,21,male,CS,abamectin,09/06/2021,ZT0,100
21/06/2021,ETHOSCOPE_139,22,male,CS,abamectin,09/06/2021,ZT0,100
21/06/2021,ETHOSCOPE_139,23,male,CS,abamectin,09/06/2021,ZT0,100
21/06/2021,ETHOSCOPE_139,24,male,CS,abamectin,09/06/2021,ZT0,100
21/06/2021,ETHOSCOPE_261,1,male,CS,Diamide_syn_cpd,09/06/2021,ZT0,100
21/06/2021,ETHOSCOPE_261,2,male,CS,Diamide_syn_cpd,09/06/2021,ZT0,100
21/06/2021,ETHOSCOPE_261,3,male,CS,Diamide_syn_cpd,09/06/2021,ZT0,100
21/06/2021,ETHOSCOPE_261,4,male,CS,Diamide_syn_cpd,09/06/2021,ZT0,100
21/06/2021,ETHOSCOPE_261,5,male,CS,Diamide_syn_cpd,09/06/2021,ZT0,100
21/06/2021,ETHOSCOPE_261,6,male,CS,Diamide_syn_cpd,09/06/2021,ZT0,100
21/06/2021,ETHOSCOPE_261,7,male,CS,Diamide_syn_cpd,09/06/2021,ZT0,100
21/06/2021,ETHOSCOPE_261,8,male,CS,Diamide_syn_cpd,09/06/2021,ZT0,100
21/06/2021,ETHOSCOPE_261,9,male,CS,Diamide_syn_cpd,09/06/2021,ZT0,100
21/06/2021,ETHOSCOPE_261,10,male,CS,Diamide_syn_cpd,09/06/2021,ZT0,100
21/06/2021,ETHOSCOPE_261,11,male,CS,Diamide_syn_cpd,09/06/2021,ZT0,100
21/06/2021,ETHOSCOPE_261,12,male,CS,Diamide_syn_cpd,09/06/2021,ZT0,100
21/06/2021,ETHOSCOPE_261,13,male,CS,Diamide_syn_cpd,09/06/2021,ZT0,100
21/06/2021,ETHOSCOPE_261,14,male,CS,Diamide_syn_cpd,09/06/2021,ZT0,100
21/06/2021,ETHOSCOPE_261,15,male,CS,Diamide_syn_cpd,09/06/2021,ZT0,100
21/06/2021,ETHOSCOPE_261,16,male,CS,Diamide_syn_cpd,09/06/2021,ZT0,100
21/06/2021,ETHOSCOPE_261,17,male,CS,Diamide_syn_cpd,09/06/2021,ZT0,100
21/06/2021,ETHOSCOPE_261,18,male,CS,Diamide_syn_cpd,09/06/2021,ZT0,100
21/06/2021,ETHOSCOPE_261,19,male,CS,Diamide_syn_cpd,09/06/2021,ZT0,100
21/06/2021,ETHOSCOPE_261,20,male,CS,Diamide_syn_cpd,09/06/2021,ZT0,100
21/06/2021,ETHOSCOPE_261,21,male,CS,Diamide_syn_cpd,09/06/2021,ZT0,100
21/06/2021,ETHOSCOPE_261,22,male,CS,Diamide_syn_cpd,09/06/2021,ZT0,100
21/06/2021,ETHOSCOPE_261,23,male,CS,Diamide_syn_cpd,09/06/2021,ZT0,100
21/06/2021,ETHOSCOPE_261,24,male,CS,Diamide_syn_cpd,09/06/2021,ZT0,100
18/06/2021,ETHOSCOPE_151,1,male,CS,Diamide_syn_cpd,06/06/2021,ZT0,100
18/06/2021,ETHOSCOPE_151,2,male,CS,Diamide_syn_cpd,06/06/2021,ZT0,100
18/06/2021,ETHOSCOPE_151,3,male,CS,Diamide_syn_cpd,06/06/2021,ZT0,100
18/06/2021,ETHOSCOPE_151,4,male,CS,Diamide_syn_cpd,06/06/2021,ZT0,100
18/06/2021,ETHOSCOPE_151,5,male,CS,Diamide_syn_cpd,06/06/2021,ZT0,100
18/06/2021,ETHOSCOPE_151,6,male,CS,Diamide_syn_cpd,06/06/2021,ZT0,100
18/06/2021,ETHOSCOPE_151,7,male,CS,Diamide_syn_cpd,06/06/2021,ZT0,100
18/06/2021,ETHOSCOPE_151,8,male,CS,Diamide_syn_cpd,06/06/2021,ZT0,100
18/06/2021,ETHOSCOPE_151,9,male,CS,Diamide_syn_cpd,06/06/2021,ZT0,100
18/06/2021,ETHOSCOPE_151,10,male,CS,Diamide_syn_cpd,06/06/2021,ZT0,100
18/06/2021,ETHOSCOPE_151,11,male,CS,Diamide_syn_cpd,06/06/2021,ZT0,100
18/06/2021,ETHOSCOPE_151,12,male,CS,Diamide_syn_cpd,06/06/2021,ZT0,100
18/06/2021,ETHOSCOPE_151,13,male,CS,Diamide_syn_cpd,06/06/2021,ZT0,100
18/06/2021,ETHOSCOPE_151,14,male,CS,Diamide_syn_cpd,06/06/2021,ZT0,100
18/06/2021,ETHOSCOPE_151,15,male,CS,Diamide_syn_cpd,06/06/2021,ZT0,100
18/06/2021,ETHOSCOPE_151,16,male,CS,Diamide_syn_cpd,06/06/2021,ZT0,100
18/06/2021,ETHOSCOPE_151,17,male,CS,Diamide_syn_cpd,06/06/2021,ZT0,100
18/06/2021,ETHOSCOPE_151,18,male,CS,Diamide_syn_cpd,06/06/2021,ZT0,100
18/06/2021,ETHOSCOPE_151,19,male,CS,Diamide_syn_cpd,06/06/2021,ZT0,100
18/06/2021,ETHOSCOPE_151,20,male,CS,Diamide_syn_cpd,06/06/2021,ZT0,100
18/06/2021,ETHOSCOPE_151,21,male,CS,Diamide_syn_cpd,06/06/2021,ZT0,100
18/06/2021,ETHOSCOPE_151,22,male,CS,Diamide_syn_cpd,06/06/2021,ZT0,100
18/06/2021,ETHOSCOPE_151,23,male,CS,Diamide_syn_cpd,06/06/2021,ZT0,100
18/06/2021,ETHOSCOPE_151,24,male,CS,Diamide_syn_cpd,06/06/2021,ZT0,100
08/06/2021,ETHOSCOPE_148,1,male,CS,abamectin,06/06/2021,ZT0,100
08/06/2021,ETHOSCOPE_148,2,male,CS,abamectin,06/06/2021,ZT0,100
08/06/2021,ETHOSCOPE_148,3,male,CS,abamectin,06/06/2021,ZT0,100
08/06/2021,ETHOSCOPE_148,4,male,CS,abamectin,06/06/2021,ZT0,100
08/06/2021,ETHOSCOPE_148,5,male,CS,abamectin,06/06/2021,ZT0,100
08/06/2021,ETHOSCOPE_148,6,male,CS,abamectin,06/06/2021,ZT0,100
08/06/2021,ETHOSCOPE_148,7,male,CS,abamectin,06/06/2021,ZT0,100
08/06/2021,ETHOSCOPE_148,8,male,CS,abamectin,06/06/2021,ZT0,100
08/06/2021,ETHOSCOPE_148,9,male,CS,abamectin,06/06/2021,ZT0,100
08/06/2021,ETHOSCOPE_148,10,male,CS,abamectin,06/06/2021,ZT0,100
08/06/2021,ETHOSCOPE_148,11,male,CS,abamectin,06/06/2021,ZT0,100
08/06/2021,ETHOSCOPE_148,12,male,CS,abamectin,06/06/2021,ZT0,100
08/06/2021,ETHOSCOPE_148,13,male,CS,abamectin,06/06/2021,ZT0,100
08/06/2021,ETHOSCOPE_148,14,male,CS,abamectin,06/06/2021,ZT0,100
08/06/2021,ETHOSCOPE_148,15,male,CS,abamectin,06/06/2021,ZT0,100
08/06/2021,ETHOSCOPE_148,16,male,CS,abamectin,06/06/2021,ZT0,100
08/06/2021,ETHOSCOPE_148,17,male,CS,abamectin,06/06/2021,ZT0,100
08/06/2021,ETHOSCOPE_148,18,male,CS,abamectin,06/06/2021,ZT0,100
08/06/2021,ETHOSCOPE_148,19,male,CS,abamectin,06/06/2021,ZT0,100
08/06/2021,ETHOSCOPE_148,20,male,CS,abamectin,06/06/2021,ZT0,100
08/06/2021,ETHOSCOPE_148,21,male,CS,abamectin,06/06/2021,ZT0,100
08/06/2021,ETHOSCOPE_148,22,male,CS,abamectin,06/06/2021,ZT0,100
08/06/2021,ETHOSCOPE_148,23,male,CS,abamectin,06/06/2021,ZT0,100
08/06/2021,ETHOSCOPE_148,24,male,CS,abamectin,06/06/2021,ZT0,100
26/07/2021,ETHOSCOPE_261,1,male,CS,dieldrin,14/07/2021,ZT0,100
26/07/2021,ETHOSCOPE_261,2,male,CS,dieldrin,14/07/2021,ZT0,100
26/07/2021,ETHOSCOPE_261,3,male,CS,dieldrin,14/07/2021,ZT0,100
26/07/2021,ETHOSCOPE_261,4,male,CS,dieldrin,14/07/2021,ZT0,100
26/07/2021,ETHOSCOPE_261,5,male,CS,dieldrin,14/07/2021,ZT0,100
26/07/2021,ETHOSCOPE_261,6,male,CS,dieldrin,14/07/2021,ZT0,100
26/07/2021,ETHOSCOPE_261,7,male,CS,dieldrin,14/07/2021,ZT0,100
26/07/2021,ETHOSCOPE_261,8,male,CS,dieldrin,14/07/2021,ZT0,100
26/07/2021,ETHOSCOPE_261,9,male,CS,dieldrin,14/07/2021,ZT0,100
26/07/2021,ETHOSCOPE_261,10,male,CS,dieldrin,14/07/2021,ZT0,100
26/07/2021,ETHOSCOPE_261,11,male,CS,dieldrin,14/07/2021,ZT0,100
26/07/2021,ETHOSCOPE_261,12,male,CS,dieldrin,14/07/2021,ZT0,100
26/07/2021,ETHOSCOPE_261,13,male,CS,dieldrin,14/07/2021,ZT0,100
26/07/2021,ETHOSCOPE_261,14,male,CS,dieldrin,14/07/2021,ZT0,100
26/07/2021,ETHOSCOPE_261,15,male,CS,dieldrin,14/07/2021,ZT0,100
26/07/2021,ETHOSCOPE_261,16,male,CS,dieldrin,14/07/2021,ZT0,100
26/07/2021,ETHOSCOPE_261,17,male,CS,dieldrin,14/07/2021,ZT0,100
26/07/2021,ETHOSCOPE_261,18,male,CS,dieldrin,14/07/2021,ZT0,100
26/07/2021,ETHOSCOPE_261,19,male,CS,dieldrin,14/07/2021,ZT0,100
26/07/2021,ETHOSCOPE_261,20,male,CS,dieldrin,14/07/2021,ZT0,100
26/07/2021,ETHOSCOPE_261,21,male,CS,dieldrin,14/07/2021,ZT0,100
26/07/2021,ETHOSCOPE_261,22,male,CS,dieldrin,14/07/2021,ZT0,100
26/07/2021,ETHOSCOPE_261,23,male,CS,dieldrin,14/07/2021,ZT0,100
26/07/2021,ETHOSCOPE_261,24,male,CS,dieldrin,14/07/2021,ZT0,100
30/07/2021,ETHOSCOPE_217,1,male,CS,dieldrin,16/07/2021,ZT0,100
30/07/2021,ETHOSCOPE_217,2,male,CS,dieldrin,16/07/2021,ZT0,100
30/07/2021,ETHOSCOPE_217,3,male,CS,dieldrin,16/07/2021,ZT0,100
30/07/2021,ETHOSCOPE_217,4,male,CS,dieldrin,16/07/2021,ZT0,100
30/07/2021,ETHOSCOPE_217,5,male,CS,dieldrin,16/07/2021,ZT0,100
30/07/2021,ETHOSCOPE_217,6,male,CS,dieldrin,16/07/2021,ZT0,100
30/07/2021,ETHOSCOPE_217,7,male,CS,dieldrin,16/07/2021,ZT0,100
30/07/2021,ETHOSCOPE_217,8,male,CS,dieldrin,16/07/2021,ZT0,100
30/07/2021,ETHOSCOPE_217,9,male,CS,dieldrin,16/07/2021,ZT0,100
30/07/2021,ETHOSCOPE_217,10,male,CS,dieldrin,16/07/2021,ZT0,100
30/07/2021,ETHOSCOPE_217,11,male,CS,dieldrin,16/07/2021,ZT0,100
30/07/2021,ETHOSCOPE_217,12,male,CS,dieldrin,16/07/2021,ZT0,100
30/07/2021,ETHOSCOPE_217,13,male,CS,dieldrin,16/07/2021,ZT0,100
30/07/2021,ETHOSCOPE_217,14,male,CS,dieldrin,16/07/2021,ZT0,100
30/07/2021,ETHOSCOPE_217,15,male,CS,dieldrin,16/07/2021,ZT0,100
30/07/2021,ETHOSCOPE_217,16,male,CS,dieldrin,16/07/2021,ZT0,100
30/07/2021,ETHOSCOPE_217,17,male,CS,dieldrin,16/07/2021,ZT0,100
30/07/2021,ETHOSCOPE_217,18,male,CS,dieldrin,16/07/2021,ZT0,100
30/07/2021,ETHOSCOPE_217,19,male,CS,dieldrin,16/07/2021,ZT0,100
30/07/2021,ETHOSCOPE_217,20,male,CS,dieldrin,16/07/2021,ZT0,100
30/07/2021,ETHOSCOPE_217,21,male,CS,dieldrin,16/07/2021,ZT0,100
30/07/2021,ETHOSCOPE_217,22,male,CS,dieldrin,16/07/2021,ZT0,100
30/07/2021,ETHOSCOPE_217,23,male,CS,dieldrin,16/07/2021,ZT0,100
30/07/2021,ETHOSCOPE_217,24,male,CS,dieldrin,16/07/2021,ZT0,100
04/08/2021,ETHOSCOPE_201,1,male,CS,dieldrin,23/07/2021,ZT0,100
04/08/2021,ETHOSCOPE_201,2,male,CS,dieldrin,23/07/2021,ZT0,100
04/08/2021,ETHOSCOPE_201,3,male,CS,dieldrin,23/07/2021,ZT0,100
04/08/2021,ETHOSCOPE_201,4,male,CS,dieldrin,23/07/2021,ZT0,100
04/08/2021,ETHOSCOPE_201,5,male,CS,dieldrin,23/07/2021,ZT0,100
04/08/2021,ETHOSCOPE_201,6,male,CS,dieldrin,23/07/2021,ZT0,100
04/08/2021,ETHOSCOPE_201,7,male,CS,dieldrin,23/07/2021,ZT0,100
04/08/2021,ETHOSCOPE_201,8,male,CS,dieldrin,23/07/2021,ZT0,100
04/08/2021,ETHOSCOPE_201,9,male,CS,dieldrin,23/07/2021,ZT0,100
04/08/2021,ETHOSCOPE_201,10,male,CS,dieldrin,23/07/2021,ZT0,100
04/08/2021,ETHOSCOPE_201,11,male,CS,dieldrin,23/07/2021,ZT0,100
04/08/2021,ETHOSCOPE_201,12,male,CS,dieldrin,23/07/2021,ZT0,100
04/08/2021,ETHOSCOPE_201,13,male,CS,dieldrin,23/07/2021,ZT0,100
04/08/2021,ETHOSCOPE_201,14,male,CS,dieldrin,23/07/2021,ZT0,100
04/08/2021,ETHOSCOPE_201,15,male,CS,dieldrin,23/07/2021,ZT0,100
04/08/2021,ETHOSCOPE_201,16,male,CS,dieldrin,23/07/2021,ZT0,100
04/08/2021,ETHOSCOPE_201,17,male,CS,dieldrin,23/07/2021,ZT0,100
04/08/2021,ETHOSCOPE_201,18,male,CS,dieldrin,23/07/2021,ZT0,100
04/08/2021,ETHOSCOPE_201,19,male,CS,dieldrin,23/07/2021,ZT0,100
04/08/2021,ETHOSCOPE_201,20,male,CS,dieldrin,23/07/2021,ZT0,100
04/08/2021,ETHOSCOPE_201,21,male,CS,dieldrin,23/07/2021,ZT0,100
04/08/2021,ETHOSCOPE_201,22,male,CS,dieldrin,23/07/2021,ZT0,100
04/08/2021,ETHOSCOPE_201,23,male,CS,dieldrin,23/07/2021,ZT0,100
04/08/2021,ETHOSCOPE_201,24,male,CS,dieldrin,23/07/2021,ZT0,100
09/08/2021,ETHOSCOPE_148,1,male,CS,flubendiamde,26/07/2021,ZT0,100
09/08/2021,ETHOSCOPE_148,2,male,CS,flubendiamde,26/07/2021,ZT0,100
09/08/2021,ETHOSCOPE_148,3,male,CS,flubendiamde,26/07/2021,ZT0,100
09/08/2021,ETHOSCOPE_148,4,male,CS,flubendiamde,26/07/2021,ZT0,100
09/08/2021,ETHOSCOPE_148,5,male,CS,flubendiamde,26/07/2021,ZT0,100
09/08/2021,ETHOSCOPE_148,6,male,CS,flubendiamde,26/07/2021,ZT0,100
09/08/2021,ETHOSCOPE_148,7,male,CS,flubendiamde,26/07/2021,ZT0,100
09/08/2021,ETHOSCOPE_148,8,male,CS,flubendiamde,26/07/2021,ZT0,100
09/08/2021,ETHOSCOPE_148,9,male,CS,flubendiamde,26/07/2021,ZT0,100
09/08/2021,ETHOSCOPE_148,10,male,CS,flubendiamde,26/07/2021,ZT0,100
09/08/2021,ETHOSCOPE_148,11,male,CS,flubendiamde,26/07/2021,ZT0,100
09/08/2021,ETHOSCOPE_148,12,male,CS,flubendiamde,26/07/2021,ZT0,100
09/08/2021,ETHOSCOPE_148,13,male,CS,flubendiamde,26/07/2021,ZT0,100
09/08/2021,ETHOSCOPE_148,14,male,CS,flubendiamde,26/07/2021,ZT0,100
09/08/2021,ETHOSCOPE_148,15,male,CS,flubendiamde,26/07/2021,ZT0,100
09/08/2021,ETHOSCOPE_148,16,male,CS,flubendiamde,26/07/2021,ZT0,100
09/08/2021,ETHOSCOPE_148,17,male,CS,flubendiamde,26/07/2021,ZT0,100
09/08/2021,ETHOSCOPE_148,18,male,CS,flubendiamde,26/07/2021,ZT0,100
09/08/2021,ETHOSCOPE_148,19,male,CS,flubendiamde,26/07/2021,ZT0,100
09/08/2021,ETHOSCOPE_148,20,male,CS,flubendiamde,26/07/2021,ZT0,100
09/08/2021,ETHOSCOPE_148,21,male,CS,flubendiamde,26/07/2021,ZT0,100
09/08/2021,ETHOSCOPE_148,22,male,CS,flubendiamde,26/07/2021,ZT0,100
09/08/2021,ETHOSCOPE_148,23,male,CS,flubendiamde,26/07/2021,ZT0,100
09/08/2021,ETHOSCOPE_148,24,male,CS,flubendiamde,26/07/2021,ZT0,100
09/08/2021,ETHOSCOPE_139,1,male,CS,pymetrozine,26/07/2021,ZT0,100
09/08/2021,ETHOSCOPE_139,2,male,CS,pymetrozine,26/07/2021,ZT0,100
09/08/2021,ETHOSCOPE_139,3,male,CS,pymetrozine,26/07/2021,ZT0,100
09/08/2021,ETHOSCOPE_139,4,male,CS,pymetrozine,26/07/2021,ZT0,100
09/08/2021,ETHOSCOPE_139,5,male,CS,pymetrozine,26/07/2021,ZT0,100
09/08/2021,ETHOSCOPE_139,6,male,CS,pymetrozine,26/07/2021,ZT0,100
09/08/2021,ETHOSCOPE_139,7,male,CS,pymetrozine,26/07/2021,ZT0,100
09/08/2021,ETHOSCOPE_139,8,male,CS,pymetrozine,26/07/2021,ZT0,100
09/08/2021,ETHOSCOPE_139,9,male,CS,pymetrozine,26/07/2021,ZT0,100
09/08/2021,ETHOSCOPE_139,10,male,CS,pymetrozine,26/07/2021,ZT0,100
09/08/2021,ETHOSCOPE_139,11,male,CS,pymetrozine,26/07/2021,ZT0,100
09/08/2021,ETHOSCOPE_139,12,male,CS,pymetrozine,26/07/2021,ZT0,100
09/08/2021,ETHOSCOPE_139,13,male,CS,pymetrozine,26/07/2021,ZT0,100
09/08/2021,ETHOSCOPE_139,14,male,CS,pymetrozine,26/07/2021,ZT0,100
09/08/2021,ETHOSCOPE_139,15,male,CS,pymetrozine,26/07/2021,ZT0,100
09/08/2021,ETHOSCOPE_139,16,male,CS,pymetrozine,26/07/2021,ZT0,100
09/08/2021,ETHOSCOPE_139,17,male,CS,pymetrozine,26/07/2021,ZT0,100
09/08/2021,ETHOSCOPE_139,18,male,CS,pymetrozine,26/07/2021,ZT0,100
09/08/2021,ETHOSCOPE_139,19,male,CS,pymetrozine,26/07/2021,ZT0,100
09/08/2021,ETHOSCOPE_139,20,male,CS,pymetrozine,26/07/2021,ZT0,100
09/08/2021,ETHOSCOPE_139,21,male,CS,pymetrozine,26/07/2021,ZT0,100
09/08/2021,ETHOSCOPE_139,22,male,CS,pymetrozine,26/07/2021,ZT0,100
09/08/2021,ETHOSCOPE_139,23,male,CS,pymetrozine,26/07/2021,ZT0,100
09/08/2021,ETHOSCOPE_139,24,male,CS,pymetrozine,26/07/2021,ZT0,100
09/08/2021,ETHOSCOPE_151,1,male,CS,dieldrin,26/07/2021,ZT0,100
09/08/2021,ETHOSCOPE_151,2,male,CS,dieldrin,26/07/2021,ZT0,100
09/08/2021,ETHOSCOPE_151,3,male,CS,dieldrin,26/07/2021,ZT0,100
09/08/2021,ETHOSCOPE_151,4,male,CS,dieldrin,26/07/2021,ZT0,100
09/08/2021,ETHOSCOPE_151,5,male,CS,dieldrin,26/07/2021,ZT0,100
09/08/2021,ETHOSCOPE_151,6,male,CS,dieldrin,26/07/2021,ZT0,100
09/08/2021,ETHOSCOPE_151,7,male,CS,dieldrin,26/07/2021,ZT0,100
09/08/2021,ETHOSCOPE_151,8,male,CS,dieldrin,26/07/2021,ZT0,100
09/08/2021,ETHOSCOPE_151,9,male,CS,dieldrin,26/07/2021,ZT0,100
09/08/2021,ETHOSCOPE_151,10,male,CS,dieldrin,26/07/2021,ZT0,100
09/08/2021,ETHOSCOPE_151,11,male,CS,dieldrin,26/07/2021,ZT0,100
09/08/2021,ETHOSCOPE_151,12,male,CS,dieldrin,26/07/2021,ZT0,100
09/08/2021,ETHOSCOPE_151,13,male,CS,dieldrin,26/07/2021,ZT0,100
09/08/2021,ETHOSCOPE_151,14,male,CS,dieldrin,26/07/2021,ZT0,100
09/08/2021,ETHOSCOPE_151,15,male,CS,dieldrin,26/07/2021,ZT0,100
09/08/2021,ETHOSCOPE_151,16,male,CS,dieldrin,26/07/2021,ZT0,100
09/08/2021,ETHOSCOPE_151,17,male,CS,dieldrin,26/07/2021,ZT0,100
09/08/2021,ETHOSCOPE_151,18,male,CS,dieldrin,26/07/2021,ZT0,100
09/08/2021,ETHOSCOPE_151,19,male,CS,dieldrin,26/07/2021,ZT0,100
09/08/2021,ETHOSCOPE_151,20,male,CS,dieldrin,26/07/2021,ZT0,100
09/08/2021,ETHOSCOPE_151,21,male,CS,dieldrin,26/07/2021,ZT0,100
09/08/2021,ETHOSCOPE_151,22,male,CS,dieldrin,26/07/2021,ZT0,100
09/08/2021,ETHOSCOPE_151,23,male,CS,dieldrin,26/07/2021,ZT0,100
09/08/2021,ETHOSCOPE_151,24,male,CS,dieldrin,26/07/2021,ZT0,100
12/08/2021,ETHOSCOPE_218,1,male,CS,pymetrozine,30/07/2021,ZT0,100
12/08/2021,ETHOSCOPE_218,2,male,CS,pymetrozine,30/07/2021,ZT0,100
12/08/2021,ETHOSCOPE_218,3,male,CS,pymetrozine,30/07/2021,ZT0,100
12/08/2021,ETHOSCOPE_218,4,male,CS,pymetrozine,30/07/2021,ZT0,100
12/08/2021,ETHOSCOPE_218,5,male,CS,pymetrozine,30/07/2021,ZT0,100
12/08/2021,ETHOSCOPE_218,6,male,CS,pymetrozine,30/07/2021,ZT0,100
12/08/2021,ETHOSCOPE_218,7,male,CS,pymetrozine,30/07/2021,ZT0,100
12/08/2021,ETHOSCOPE_218,8,male,CS,pymetrozine,30/07/2021,ZT0,100
12/08/2021,ETHOSCOPE_218,9,male,CS,pymetrozine,30/07/2021,ZT0,100
12/08/2021,ETHOSCOPE_218,10,male,CS,pymetrozine,30/07/2021,ZT0,100
12/08/2021,ETHOSCOPE_218,11,male,CS,pymetrozine,30/07/2021,ZT0,100
12/08/2021,ETHOSCOPE_218,12,male,CS,pymetrozine,30/07/2021,ZT0,100
12/08/2021,ETHOSCOPE_218,13,male,CS,pymetrozine,30/07/2021,ZT0,100
12/08/2021,ETHOSCOPE_218,14,male,CS,pymetrozine,30/07/2021,ZT0,100
12/08/2021,ETHOSCOPE_218,15,male,CS,pymetrozine,30/07/2021,ZT0,100
12/08/2021,ETHOSCOPE_218,16,male,CS,pymetrozine,30/07/2021,ZT0,100
12/08/2021,ETHOSCOPE_218,17,male,CS,pymetrozine,30/07/2021,ZT0,100
12/08/2021,ETHOSCOPE_218,18,male,CS,pymetrozine,30/07/2021,ZT0,100
12/08/2021,ETHOSCOPE_218,19,male,CS,pymetrozine,30/07/2021,ZT0,100
12/08/2021,ETHOSCOPE_218,20,male,CS,pymetrozine,30/07/2021,ZT0,100
12/08/2021,ETHOSCOPE_218,21,male,CS,pymetrozine,30/07/2021,ZT0,100
12/08/2021,ETHOSCOPE_218,22,male,CS,pymetrozine,30/07/2021,ZT0,100
12/08/2021,ETHOSCOPE_218,23,male,CS,pymetrozine,30/07/2021,ZT0,100
12/08/2021,ETHOSCOPE_218,24,male,CS,pymetrozine,30/07/2021,ZT0,100
12/08/2021,ETHOSCOPE_259,1,male,CS,flubendiamde,30/07/2021,ZT0,100
12/08/2021,ETHOSCOPE_259,2,male,CS,flubendiamde,30/07/2021,ZT0,100
12/08/2021,ETHOSCOPE_259,3,male,CS,flubendiamde,30/07/2021,ZT0,100
12/08/2021,ETHOSCOPE_259,4,male,CS,flubendiamde,30/07/2021,ZT0,100
12/08/2021,ETHOSCOPE_259,5,male,CS,flubendiamde,30/07/2021,ZT0,100
12/08/2021,ETHOSCOPE_259,6,male,CS,flubendiamde,30/07/2021,ZT0,100
12/08/2021,ETHOSCOPE_259,7,male,CS,flubendiamde,30/07/2021,ZT0,100
12/08/2021,ETHOSCOPE_259,8,male,CS,flubendiamde,30/07/2021,ZT0,100
12/08/2021,ETHOSCOPE_259,9,male,CS,flubendiamde,30/07/2021,ZT0,100
12/08/2021,ETHOSCOPE_259,10,male,CS,flubendiamde,30/07/2021,ZT0,100
12/08/2021,ETHOSCOPE_259,11,male,CS,flubendiamde,30/07/2021,ZT0,100
12/08/2021,ETHOSCOPE_259,12,male,CS,flubendiamde,30/07/2021,ZT0,100
12/08/2021,ETHOSCOPE_259,13,male,CS,flubendiamde,30/07/2021,ZT0,100
12/08/2021,ETHOSCOPE_259,14,male,CS,flubendiamde,30/07/2021,ZT0,100
12/08/2021,ETHOSCOPE_259,15,male,CS,flubendiamde,30/07/2021,ZT0,100
12/08/2021,ETHOSCOPE_259,16,male,CS,flubendiamde,30/07/2021,ZT0,100
12/08/2021,ETHOSCOPE_259,17,male,CS,flubendiamde,30/07/2021,ZT0,100
12/08/2021,ETHOSCOPE_259,18,male,CS,flubendiamde,30/07/2021,ZT0,100
12/08/2021,ETHOSCOPE_259,19,male,CS,flubendiamde,30/07/2021,ZT0,100
12/08/2021,ETHOSCOPE_259,20,male,CS,flubendiamde,30/07/2021,ZT0,100
12/08/2021,ETHOSCOPE_259,21,male,CS,flubendiamde,30/07/2021,ZT0,100
12/08/2021,ETHOSCOPE_259,22,male,CS,flubendiamde,30/07/2021,ZT0,100
12/08/2021,ETHOSCOPE_259,23,male,CS,flubendiamde,30/07/2021,ZT0,100
12/08/2021,ETHOSCOPE_259,24,male,CS,flubendiamde,30/07/2021,ZT0,100
18/08/2021,ETHOSCOPE_249,1,male,CS,imidacloprid,02/08/2021,ZT0,100
18/08/2021,ETHOSCOPE_249,2,male,CS,imidacloprid,02/08/2021,ZT0,100
18/08/2021,ETHOSCOPE_249,3,male,CS,imidacloprid,02/08/2021,ZT0,100
18/08/2021,ETHOSCOPE_249,4,male,CS,imidacloprid,02/08/2021,ZT0,100
18/08/2021,ETHOSCOPE_249,5,male,CS,imidacloprid,02/08/2021,ZT0,100
18/08/2021,ETHOSCOPE_249,6,male,CS,imidacloprid,02/08/2021,ZT0,100
18/08/2021,ETHOSCOPE_249,7,male,CS,imidacloprid,02/08/2021,ZT0,100
18/08/2021,ETHOSCOPE_249,8,male,CS,imidacloprid,02/08/2021,ZT0,100
18/08/2021,ETHOSCOPE_249,9,male,CS,imidacloprid,02/08/2021,ZT0,100
18/08/2021,ETHOSCOPE_249,10,male,CS,imidacloprid,02/08/2021,ZT0,100
18/08/2021,ETHOSCOPE_249,11,male,CS,imidacloprid,02/08/2021,ZT0,100
18/08/2021,ETHOSCOPE_249,12,male,CS,imidacloprid,02/08/2021,ZT0,100
18/08/2021,ETHOSCOPE_249,13,male,CS,imidacloprid,02/08/2021,ZT0,100
18/08/2021,ETHOSCOPE_249,14,male,CS,imidacloprid,02/08/2021,ZT0,100
18/08/2021,ETHOSCOPE_249,15,male,CS,imidacloprid,02/08/2021,ZT0,100
18/08/2021,ETHOSCOPE_249,16,male,CS,imidacloprid,02/08/2021,ZT0,100
18/08/2021,ETHOSCOPE_249,17,male,CS,imidacloprid,02/08/2021,ZT0,100
18/08/2021,ETHOSCOPE_249,18,male,CS,imidacloprid,02/08/2021,ZT0,100
18/08/2021,ETHOSCOPE_249,19,male,CS,imidacloprid,02/08/2021,ZT0,100
18/08/2021,ETHOSCOPE_249,20,male,CS,imidacloprid,02/08/2021,ZT0,100
18/08/2021,ETHOSCOPE_249,21,male,CS,imidacloprid,02/08/2021,ZT0,100
18/08/2021,ETHOSCOPE_249,22,male,CS,imidacloprid,02/08/2021,ZT0,100
18/08/2021,ETHOSCOPE_249,23,male,CS,imidacloprid,02/08/2021,ZT0,100
18/08/2021,ETHOSCOPE_249,24,male,CS,imidacloprid,02/08/2021,ZT0,100
18/08/2021,ETHOSCOPE_139,1,male,CS,flubendiamde,02/08/2021,ZT0,100
18/08/2021,ETHOSCOPE_139,2,male,CS,flubendiamde,02/08/2021,ZT0,100
18/08/2021,ETHOSCOPE_139,3,male,CS,flubendiamde,02/08/2021,ZT0,100
18/08/2021,ETHOSCOPE_139,4,male,CS,flubendiamde,02/08/2021,ZT0,100
18/08/2021,ETHOSCOPE_139,5,male,CS,flubendiamde,02/08/2021,ZT0,100
18/08/2021,ETHOSCOPE_139,6,male,CS,flubendiamde,02/08/2021,ZT0,100
18/08/2021,ETHOSCOPE_139,7,male,CS,flubendiamde,02/08/2021,ZT0,100
18/08/2021,ETHOSCOPE_139,8,male,CS,flubendiamde,02/08/2021,ZT0,100
18/08/2021,ETHOSCOPE_139,9,male,CS,flubendiamde,02/08/2021,ZT0,100
18/08/2021,ETHOSCOPE_139,10,male,CS,flubendiamde,02/08/2021,ZT0,100
18/08/2021,ETHOSCOPE_139,11,male,CS,flubendiamde,02/08/2021,ZT0,100
18/08/2021,ETHOSCOPE_139,12,male,CS,flubendiamde,02/08/2021,ZT0,100
18/08/2021,ETHOSCOPE_139,13,male,CS,flubendiamde,02/08/2021,ZT0,100
18/08/2021,ETHOSCOPE_139,14,male,CS,flubendiamde,02/08/2021,ZT0,100
18/08/2021,ETHOSCOPE_139,15,male,CS,flubendiamde,02/08/2021,ZT0,100
18/08/2021,ETHOSCOPE_139,16,male,CS,flubendiamde,02/08/2021,ZT0,100
18/08/2021,ETHOSCOPE_139,17,male,CS,flubendiamde,02/08/2021,ZT0,100
18/08/2021,ETHOSCOPE_139,18,male,CS,flubendiamde,02/08/2021,ZT0,100
18/08/2021,ETHOSCOPE_139,19,male,CS,flubendiamde,02/08/2021,ZT0,100
18/08/2021,ETHOSCOPE_139,20,male,CS,flubendiamde,02/08/2021,ZT0,100
18/08/2021,ETHOSCOPE_139,21,male,CS,flubendiamde,02/08/2021,ZT0,100
18/08/2021,ETHOSCOPE_139,22,male,CS,flubendiamde,02/08/2021,ZT0,100
18/08/2021,ETHOSCOPE_139,23,male,CS,flubendiamde,02/08/2021,ZT0,100
18/08/2021,ETHOSCOPE_139,24,male,CS,flubendiamde,02/08/2021,ZT0,100
18/08/2021,ETHOSCOPE_148,1,male,CS,pymetrozine,02/08/2021,ZT0,100
18/08/2021,ETHOSCOPE_148,2,male,CS,pymetrozine,02/08/2021,ZT0,100
18/08/2021,ETHOSCOPE_148,3,male,CS,pymetrozine,02/08/2021,ZT0,100
18/08/2021,ETHOSCOPE_148,4,male,CS,pymetrozine,02/08/2021,ZT0,100
18/08/2021,ETHOSCOPE_148,5,male,CS,pymetrozine,02/08/2021,ZT0,100
18/08/2021,ETHOSCOPE_148,6,male,CS,pymetrozine,02/08/2021,ZT0,100
18/08/2021,ETHOSCOPE_148,7,male,CS,pymetrozine,02/08/2021,ZT0,100
18/08/2021,ETHOSCOPE_148,8,male,CS,pymetrozine,02/08/2021,ZT0,100
18/08/2021,ETHOSCOPE_148,9,male,CS,pymetrozine,02/08/2021,ZT0,100
18/08/2021,ETHOSCOPE_148,10,male,CS,pymetrozine,02/08/2021,ZT0,100
18/08/2021,ETHOSCOPE_148,11,male,CS,pymetrozine,02/08/2021,ZT0,100
18/08/2021,ETHOSCOPE_148,12,male,CS,pymetrozine,02/08/2021,ZT0,100
18/08/2021,ETHOSCOPE_148,13,male,CS,pymetrozine,02/08/2021,ZT0,100
18/08/2021,ETHOSCOPE_148,14,male,CS,pymetrozine,02/08/2021,ZT0,100
18/08/2021,ETHOSCOPE_148,15,male,CS,pymetrozine,02/08/2021,ZT0,100
18/08/2021,ETHOSCOPE_148,16,male,CS,pymetrozine,02/08/2021,ZT0,100
18/08/2021,ETHOSCOPE_148,17,male,CS,pymetrozine,02/08/2021,ZT0,100
18/08/2021,ETHOSCOPE_148,18,male,CS,pymetrozine,02/08/2021,ZT0,100
18/08/2021,ETHOSCOPE_148,19,male,CS,pymetrozine,02/08/2021,ZT0,100
18/08/2021,ETHOSCOPE_148,20,male,CS,pymetrozine,02/08/2021,ZT0,100
18/08/2021,ETHOSCOPE_148,21,male,CS,pymetrozine,02/08/2021,ZT0,100
18/08/2021,ETHOSCOPE_148,22,male,CS,pymetrozine,02/08/2021,ZT0,100
18/08/2021,ETHOSCOPE_148,23,male,CS,pymetrozine,02/08/2021,ZT0,100
18/08/2021,ETHOSCOPE_148,24,male,CS,pymetrozine,02/08/2021,ZT0,100
20/08/2021,ETHOSCOPE_141,1,male,CS,imidacloprid,04/08/2021,ZT0,100
20/08/2021,ETHOSCOPE_141,2,male,CS,imidacloprid,04/08/2021,ZT0,100
20/08/2021,ETHOSCOPE_141,3,male,CS,imidacloprid,04/08/2021,ZT0,100
20/08/2021,ETHOSCOPE_141,4,male,CS,imidacloprid,04/08/2021,ZT0,100
20/08/2021,ETHOSCOPE_141,5,male,CS,imidacloprid,04/08/2021,ZT0,100
20/08/2021,ETHOSCOPE_141,6,male,CS,imidacloprid,04/08/2021,ZT0,100
20/08/2021,ETHOSCOPE_141,7,male,CS,imidacloprid,04/08/2021,ZT0,100
20/08/2021,ETHOSCOPE_141,8,male,CS,imidacloprid,04/08/2021,ZT0,100
20/08/2021,ETHOSCOPE_141,9,male,CS,imidacloprid,04/08/2021,ZT0,100
20/08/2021,ETHOSCOPE_141,10,male,CS,imidacloprid,04/08/2021,ZT0,100
20/08/2021,ETHOSCOPE_141,11,male,CS,imidacloprid,04/08/2021,ZT0,100
20/08/2021,ETHOSCOPE_141,12,male,CS,imidacloprid,04/08/2021,ZT0,100
20/08/2021,ETHOSCOPE_141,13,male,CS,imidacloprid,04/08/2021,ZT0,100
20/08/2021,ETHOSCOPE_141,14,male,CS,imidacloprid,04/08/2021,ZT0,100
20/08/2021,ETHOSCOPE_141,15,male,CS,imidacloprid,04/08/2021,ZT0,100
20/08/2021,ETHOSCOPE_141,16,male,CS,imidacloprid,04/08/2021,ZT0,100
20/08/2021,ETHOSCOPE_141,17,male,CS,imidacloprid,04/08/2021,ZT0,100
20/08/2021,ETHOSCOPE_141,18,male,CS,imidacloprid,04/08/2021,ZT0,100
20/08/2021,ETHOSCOPE_141,19,male,CS,imidacloprid,04/08/2021,ZT0,100
20/08/2021,ETHOSCOPE_141,20,male,CS,imidacloprid,04/08/2021,ZT0,100
20/08/2021,ETHOSCOPE_141,21,male,CS,imidacloprid,04/08/2021,ZT0,100
20/08/2021,ETHOSCOPE_141,22,male,CS,imidacloprid,04/08/2021,ZT0,100
20/08/2021,ETHOSCOPE_141,23,male,CS,imidacloprid,04/08/2021,ZT0,100
20/08/2021,ETHOSCOPE_141,24,male,CS,imidacloprid,04/08/2021,ZT0,100
24/08/2021,ETHOSCOPE_139,1,male,CS,imidacloprid,09/08/2021,ZT0,100
24/08/2021,ETHOSCOPE_139,2,male,CS,imidacloprid,09/08/2021,ZT0,100
24/08/2021,ETHOSCOPE_139,3,male,CS,imidacloprid,09/08/2021,ZT0,100
24/08/2021,ETHOSCOPE_139,4,male,CS,imidacloprid,09/08/2021,ZT0,100
24/08/2021,ETHOSCOPE_139,5,male,CS,imidacloprid,09/08/2021,ZT0,100
24/08/2021,ETHOSCOPE_139,6,male,CS,imidacloprid,09/08/2021,ZT0,100
24/08/2021,ETHOSCOPE_139,7,male,CS,imidacloprid,09/08/2021,ZT0,100
24/08/2021,ETHOSCOPE_139,8,male,CS,imidacloprid,09/08/2021,ZT0,100
24/08/2021,ETHOSCOPE_139,9,male,CS,imidacloprid,09/08/2021,ZT0,100
24/08/2021,ETHOSCOPE_139,10,male,CS,imidacloprid,09/08/2021,ZT0,100
24/08/2021,ETHOSCOPE_139,11,male,CS,imidacloprid,09/08/2021,ZT0,100
24/08/2021,ETHOSCOPE_139,12,male,CS,imidacloprid,09/08/2021,ZT0,100
24/08/2021,ETHOSCOPE_139,13,male,CS,imidacloprid,09/08/2021,ZT0,100
24/08/2021,ETHOSCOPE_139,14,male,CS,imidacloprid,09/08/2021,ZT0,100
24/08/2021,ETHOSCOPE_139,15,male,CS,imidacloprid,09/08/2021,ZT0,100
24/08/2021,ETHOSCOPE_139,16,male,CS,imidacloprid,09/08/2021,ZT0,100
24/08/2021,ETHOSCOPE_139,17,male,CS,imidacloprid,09/08/2021,ZT0,100
24/08/2021,ETHOSCOPE_139,18,male,CS,imidacloprid,09/08/2021,ZT0,100
24/08/2021,ETHOSCOPE_139,19,male,CS,imidacloprid,09/08/2021,ZT0,100
24/08/2021,ETHOSCOPE_139,20,male,CS,imidacloprid,09/08/2021,ZT0,100
24/08/2021,ETHOSCOPE_139,21,male,CS,imidacloprid,09/08/2021,ZT0,100
24/08/2021,ETHOSCOPE_139,22,male,CS,imidacloprid,09/08/2021,ZT0,100
24/08/2021,ETHOSCOPE_139,23,male,CS,imidacloprid,09/08/2021,ZT0,100
24/08/2021,ETHOSCOPE_139,24,male,CS,imidacloprid,09/08/2021,ZT0,100
07/10/2021,ETHOSCOPE_217,1,male,CS,Syn_cpd_1,22/09/2021,ZT0,100
07/10/2021,ETHOSCOPE_217,2,male,CS,Syn_cpd_1,22/09/2021,ZT0,100
07/10/2021,ETHOSCOPE_217,3,male,CS,Syn_cpd_1,22/09/2021,ZT0,100
07/10/2021,ETHOSCOPE_217,4,male,CS,Syn_cpd_1,22/09/2021,ZT0,100
07/10/2021,ETHOSCOPE_217,5,male,CS,Syn_cpd_1,22/09/2021,ZT0,100
07/10/2021,ETHOSCOPE_217,6,male,CS,Syn_cpd_1,22/09/2021,ZT0,100
07/10/2021,ETHOSCOPE_217,7,male,CS,Syn_cpd_1,22/09/2021,ZT0,100
07/10/2021,ETHOSCOPE_217,8,male,CS,Syn_cpd_1,22/09/2021,ZT0,100
07/10/2021,ETHOSCOPE_217,9,male,CS,Syn_cpd_1,22/09/2021,ZT0,100
07/10/2021,ETHOSCOPE_217,10,male,CS,Syn_cpd_1,22/09/2021,ZT0,100
07/10/2021,ETHOSCOPE_217,11,male,CS,Syn_cpd_1,22/09/2021,ZT0,100
07/10/2021,ETHOSCOPE_217,12,male,CS,Syn_cpd_1,22/09/2021,ZT0,100
07/10/2021,ETHOSCOPE_217,13,male,CS,Syn_cpd_1,22/09/2021,ZT0,100
07/10/2021,ETHOSCOPE_217,14,male,CS,Syn_cpd_1,22/09/2021,ZT0,100
07/10/2021,ETHOSCOPE_217,15,male,CS,Syn_cpd_1,22/09/2021,ZT0,100
07/10/2021,ETHOSCOPE_217,16,male,CS,Syn_cpd_1,22/09/2021,ZT0,100
07/10/2021,ETHOSCOPE_217,17,male,CS,Syn_cpd_1,22/09/2021,ZT0,100
07/10/2021,ETHOSCOPE_217,18,male,CS,Syn_cpd_1,22/09/2021,ZT0,100
07/10/2021,ETHOSCOPE_217,19,male,CS,Syn_cpd_1,22/09/2021,ZT0,100
07/10/2021,ETHOSCOPE_217,20,male,CS,Syn_cpd_1,22/09/2021,ZT0,100
07/10/2021,ETHOSCOPE_217,21,male,CS,Syn_cpd_1,22/09/2021,ZT0,100
07/10/2021,ETHOSCOPE_217,22,male,CS,Syn_cpd_1,22/09/2021,ZT0,100
07/10/2021,ETHOSCOPE_217,23,male,CS,Syn_cpd_1,22/09/2021,ZT0,100
07/10/2021,ETHOSCOPE_217,24,male,CS,Syn_cpd_1,22/09/2021,ZT0,100
15/10/2021,ETHOSCOPE_221,1,male,CS,Syn_cpd_1,01/10/2021,ZT0,100
15/10/2021,ETHOSCOPE_221,2,male,CS,Syn_cpd_1,01/10/2021,ZT0,100
15/10/2021,ETHOSCOPE_221,3,male,CS,Syn_cpd_1,01/10/2021,ZT0,100
15/10/2021,ETHOSCOPE_221,4,male,CS,Syn_cpd_1,01/10/2021,ZT0,100
15/10/2021,ETHOSCOPE_221,5,male,CS,Syn_cpd_1,01/10/2021,ZT0,100
15/10/2021,ETHOSCOPE_221,6,male,CS,Syn_cpd_1,01/10/2021,ZT0,100
15/10/2021,ETHOSCOPE_221,7,male,CS,Syn_cpd_1,01/10/2021,ZT0,100
15/10/2021,ETHOSCOPE_221,8,male,CS,Syn_cpd_1,01/10/2021,ZT0,100
15/10/2021,ETHOSCOPE_221,9,male,CS,Syn_cpd_1,01/10/2021,ZT0,100
15/10/2021,ETHOSCOPE_221,10,male,CS,Syn_cpd_1,01/10/2021,ZT0,100
15/10/2021,ETHOSCOPE_221,11,male,CS,Syn_cpd_1,01/10/2021,ZT0,100
15/10/2021,ETHOSCOPE_221,12,male,CS,Syn_cpd_1,01/10/2021,ZT0,100
15/10/2021,ETHOSCOPE_221,13,male,CS,Syn_cpd_1,01/10/2021,ZT0,100
15/10/2021,ETHOSCOPE_221,14,male,CS,Syn_cpd_1,01/10/2021,ZT0,100
15/10/2021,ETHOSCOPE_221,15,male,CS,Syn_cpd_1,01/10/2021,ZT0,100
15/10/2021,ETHOSCOPE_221,16,male,CS,Syn_cpd_1,01/10/2021,ZT0,100
15/10/2021,ETHOSCOPE_221,17,male,CS,Syn_cpd_1,01/10/2021,ZT0,100
15/10/2021,ETHOSCOPE_221,18,male,CS,Syn_cpd_1,01/10/2021,ZT0,100
15/10/2021,ETHOSCOPE_221,19,male,CS,Syn_cpd_1,01/10/2021,ZT0,100
15/10/2021,ETHOSCOPE_221,20,male,CS,Syn_cpd_1,01/10/2021,ZT0,100
15/10/2021,ETHOSCOPE_221,21,male,CS,Syn_cpd_1,01/10/2021,ZT0,100
15/10/2021,ETHOSCOPE_221,22,male,CS,Syn_cpd_1,01/10/2021,ZT0,100
15/10/2021,ETHOSCOPE_221,23,male,CS,Syn_cpd_1,01/10/2021,ZT0,100
15/10/2021,ETHOSCOPE_221,24,male,CS,Syn_cpd_1,01/10/2021,ZT0,100
29/10/2021,ETHOSCOPE_257,1,male,CS,Syn_cpd_1,15/10/2021,ZT0,100
29/10/2021,ETHOSCOPE_257,2,male,CS,Syn_cpd_1,15/10/2021,ZT0,100
29/10/2021,ETHOSCOPE_257,3,male,CS,Syn_cpd_1,15/10/2021,ZT0,100
29/10/2021,ETHOSCOPE_257,4,male,CS,Syn_cpd_1,15/10/2021,ZT0,100
29/10/2021,ETHOSCOPE_257,5,male,CS,Syn_cpd_1,15/10/2021,ZT0,100
29/10/2021,ETHOSCOPE_257,6,male,CS,Syn_cpd_1,15/10/2021,ZT0,100
29/10/2021,ETHOSCOPE_257,7,male,CS,Syn_cpd_1,15/10/2021,ZT0,100
29/10/2021,ETHOSCOPE_257,8,male,CS,Syn_cpd_1,15/10/2021,ZT0,100
29/10/2021,ETHOSCOPE_257,9,male,CS,Syn_cpd_1,15/10/2021,ZT0,100
29/10/2021,ETHOSCOPE_257,10,male,CS,Syn_cpd_1,15/10/2021,ZT0,100
29/10/2021,ETHOSCOPE_257,11,male,CS,Syn_cpd_1,15/10/2021,ZT0,100
29/10/2021,ETHOSCOPE_257,12,male,CS,Syn_cpd_1,15/10/2021,ZT0,100
29/10/2021,ETHOSCOPE_257,13,male,CS,Syn_cpd_1,15/10/2021,ZT0,100
29/10/2021,ETHOSCOPE_257,14,male,CS,Syn_cpd_1,15/10/2021,ZT0,100
29/10/2021,ETHOSCOPE_257,15,male,CS,Syn_cpd_1,15/10/2021,ZT0,100
29/10/2021,ETHOSCOPE_257,16,male,CS,Syn_cpd_1,15/10/2021,ZT0,100
29/10/2021,ETHOSCOPE_257,17,male,CS,Syn_cpd_1,15/10/2021,ZT0,100
29/10/2021,ETHOSCOPE_257,18,male,CS,Syn_cpd_1,15/10/2021,ZT0,100
29/10/2021,ETHOSCOPE_257,19,male,CS,Syn_cpd_1,15/10/2021,ZT0,100
29/10/2021,ETHOSCOPE_257,20,male,CS,Syn_cpd_1,15/10/2021,ZT0,100
29/10/2021,ETHOSCOPE_257,21,male,CS,Syn_cpd_1,15/10/2021,ZT0,100
29/10/2021,ETHOSCOPE_257,22,male,CS,Syn_cpd_1,15/10/2021,ZT0,100
29/10/2021,ETHOSCOPE_257,23,male,CS,Syn_cpd_1,15/10/2021,ZT0,100
29/10/2021,ETHOSCOPE_257,24,male,CS,Syn_cpd_1,15/10/2021,ZT0,100
07/10/2021,ETHOSCOPE_141,1,male,CS,permethrin,22/09/2021,ZT0,100
07/10/2021,ETHOSCOPE_141,2,male,CS,permethrin,22/09/2021,ZT0,100
07/10/2021,ETHOSCOPE_141,3,male,CS,permethrin,22/09/2021,ZT0,100
07/10/2021,ETHOSCOPE_141,4,male,CS,permethrin,22/09/2021,ZT0,100
07/10/2021,ETHOSCOPE_141,5,male,CS,permethrin,22/09/2021,ZT0,100
07/10/2021,ETHOSCOPE_141,6,male,CS,permethrin,22/09/2021,ZT0,100
07/10/2021,ETHOSCOPE_141,7,male,CS,permethrin,22/09/2021,ZT0,100
07/10/2021,ETHOSCOPE_141,8,male,CS,permethrin,22/09/2021,ZT0,100
07/10/2021,ETHOSCOPE_141,9,male,CS,permethrin,22/09/2021,ZT0,100
07/10/2021,ETHOSCOPE_141,10,male,CS,permethrin,22/09/2021,ZT0,100
07/10/2021,ETHOSCOPE_141,11,male,CS,permethrin,22/09/2021,ZT0,100
07/10/2021,ETHOSCOPE_141,12,male,CS,permethrin,22/09/2021,ZT0,100
07/10/2021,ETHOSCOPE_141,13,male,CS,permethrin,22/09/2021,ZT0,100
07/10/2021,ETHOSCOPE_141,14,male,CS,permethrin,22/09/2021,ZT0,100
07/10/2021,ETHOSCOPE_141,15,male,CS,permethrin,22/09/2021,ZT0,100
07/10/2021,ETHOSCOPE_141,16,male,CS,permethrin,22/09/2021,ZT0,100
07/10/2021,ETHOSCOPE_141,17,male,CS,permethrin,22/09/2021,ZT0,100
07/10/2021,ETHOSCOPE_141,18,male,CS,permethrin,22/09/2021,ZT0,100
07/10/2021,ETHOSCOPE_141,19,male,CS,permethrin,22/09/2021,ZT0,100
07/10/2021,ETHOSCOPE_141,20,male,CS,permethrin,22/09/2021,ZT0,100
07/10/2021,ETHOSCOPE_141,21,male,CS,permethrin,22/09/2021,ZT0,100
07/10/2021,ETHOSCOPE_141,22,male,CS,permethrin,22/09/2021,ZT0,100
07/10/2021,ETHOSCOPE_141,23,male,CS,permethrin,22/09/2021,ZT0,100
07/10/2021,ETHOSCOPE_141,24,male,CS,permethrin,22/09/2021,ZT0,100
15/10/2021,ETHOSCOPE_261,1,male,CS,permethrin,01/10/2021,ZT0,100
15/10/2021,ETHOSCOPE_261,2,male,CS,permethrin,01/10/2021,ZT0,100
15/10/2021,ETHOSCOPE_261,3,male,CS,permethrin,01/10/2021,ZT0,100
15/10/2021,ETHOSCOPE_261,4,male,CS,permethrin,01/10/2021,ZT0,100
15/10/2021,ETHOSCOPE_261,5,male,CS,permethrin,01/10/2021,ZT0,100
15/10/2021,ETHOSCOPE_261,6,male,CS,permethrin,01/10/2021,ZT0,100
15/10/2021,ETHOSCOPE_261,7,male,CS,permethrin,01/10/2021,ZT0,100
15/10/2021,ETHOSCOPE_261,8,male,CS,permethrin,01/10/2021,ZT0,100
15/10/2021,ETHOSCOPE_261,9,male,CS,permethrin,01/10/2021,ZT0,100
15/10/2021,ETHOSCOPE_261,10,male,CS,permethrin,01/10/2021,ZT0,100
15/10/2021,ETHOSCOPE_261,11,male,CS,permethrin,01/10/2021,ZT0,100
15/10/2021,ETHOSCOPE_261,12,male,CS,permethrin,01/10/2021,ZT0,100
15/10/2021,ETHOSCOPE_261,13,male,CS,permethrin,01/10/2021,ZT0,100
15/10/2021,ETHOSCOPE_261,14,male,CS,permethrin,01/10/2021,ZT0,100
15/10/2021,ETHOSCOPE_261,15,male,CS,permethrin,01/10/2021,ZT0,100
15/10/2021,ETHOSCOPE_261,16,male,CS,permethrin,01/10/2021,ZT0,100
15/10/2021,ETHOSCOPE_261,17,male,CS,permethrin,01/10/2021,ZT0,100
15/10/2021,ETHOSCOPE_261,18,male,CS,permethrin,01/10/2021,ZT0,100
15/10/2021,ETHOSCOPE_261,19,male,CS,permethrin,01/10/2021,ZT0,100
15/10/2021,ETHOSCOPE_261,20,male,CS,permethrin,01/10/2021,ZT0,100
15/10/2021,ETHOSCOPE_261,21,male,CS,permethrin,01/10/2021,ZT0,100
15/10/2021,ETHOSCOPE_261,22,male,CS,permethrin,01/10/2021,ZT0,100
15/10/2021,ETHOSCOPE_261,23,male,CS,permethrin,01/10/2021,ZT0,100
15/10/2021,ETHOSCOPE_261,24,male,CS,permethrin,01/10/2021,ZT0,100
29/10/2021,ETHOSCOPE_259,1,male,CS,permethrin,15/10/2021,ZT0,100
29/10/2021,ETHOSCOPE_259,2,male,CS,permethrin,15/10/2021,ZT0,100
29/10/2021,ETHOSCOPE_259,3,male,CS,permethrin,15/10/2021,ZT0,100
29/10/2021,ETHOSCOPE_259,4,male,CS,permethrin,15/10/2021,ZT0,100
29/10/2021,ETHOSCOPE_259,5,male,CS,permethrin,15/10/2021,ZT0,100
29/10/2021,ETHOSCOPE_259,6,male,CS,permethrin,15/10/2021,ZT0,100
29/10/2021,ETHOSCOPE_259,7,male,CS,permethrin,15/10/2021,ZT0,100
29/10/2021,ETHOSCOPE_259,8,male,CS,permethrin,15/10/2021,ZT0,100
29/10/2021,ETHOSCOPE_259,9,male,CS,permethrin,15/10/2021,ZT0,100
29/10/2021,ETHOSCOPE_259,10,male,CS,permethrin,15/10/2021,ZT0,100
29/10/2021,ETHOSCOPE_259,11,male,CS,permethrin,15/10/2021,ZT0,100
29/10/2021,ETHOSCOPE_259,12,male,CS,permethrin,15/10/2021,ZT0,100
29/10/2021,ETHOSCOPE_259,13,male,CS,permethrin,15/10/2021,ZT0,100
29/10/2021,ETHOSCOPE_259,14,male,CS,permethrin,15/10/2021,ZT0,100
29/10/2021,ETHOSCOPE_259,15,male,CS,permethrin,15/10/2021,ZT0,100
29/10/2021,ETHOSCOPE_259,16,male,CS,permethrin,15/10/2021,ZT0,100
29/10/2021,ETHOSCOPE_259,17,male,CS,permethrin,15/10/2021,ZT0,100
29/10/2021,ETHOSCOPE_259,18,male,CS,permethrin,15/10/2021,ZT0,100
29/10/2021,ETHOSCOPE_259,19,male,CS,permethrin,15/10/2021,ZT0,100
29/10/2021,ETHOSCOPE_259,20,male,CS,permethrin,15/10/2021,ZT0,100
29/10/2021,ETHOSCOPE_259,21,male,CS,permethrin,15/10/2021,ZT0,100
29/10/2021,ETHOSCOPE_259,22,male,CS,permethrin,15/10/2021,ZT0,100
29/10/2021,ETHOSCOPE_259,23,male,CS,permethrin,15/10/2021,ZT0,100
29/10/2021,ETHOSCOPE_259,24,male,CS,permethrin,15/10/2021,ZT0,100
07/10/2021,ETHOSCOPE_108,1,male,CS,flonicamid,22/09/2021,ZT0,100
07/10/2021,ETHOSCOPE_108,2,male,CS,flonicamid,22/09/2021,ZT0,100
07/10/2021,ETHOSCOPE_108,3,male,CS,flonicamid,22/09/2021,ZT0,100
07/10/2021,ETHOSCOPE_108,4,male,CS,flonicamid,22/09/2021,ZT0,100
07/10/2021,ETHOSCOPE_108,5,male,CS,flonicamid,22/09/2021,ZT0,100
07/10/2021,ETHOSCOPE_108,6,male,CS,flonicamid,22/09/2021,ZT0,100
07/10/2021,ETHOSCOPE_108,7,male,CS,flonicamid,22/09/2021,ZT0,100
07/10/2021,ETHOSCOPE_108,8,male,CS,flonicamid,22/09/2021,ZT0,100
07/10/2021,ETHOSCOPE_108,9,male,CS,flonicamid,22/09/2021,ZT0,100
07/10/2021,ETHOSCOPE_108,10,male,CS,flonicamid,22/09/2021,ZT0,100
07/10/2021,ETHOSCOPE_108,11,male,CS,flonicamid,22/09/2021,ZT0,100
07/10/2021,ETHOSCOPE_108,12,male,CS,flonicamid,22/09/2021,ZT0,100
07/10/2021,ETHOSCOPE_108,13,male,CS,flonicamid,22/09/2021,ZT0,100
07/10/2021,ETHOSCOPE_108,14,male,CS,flonicamid,22/09/2021,ZT0,100
07/10/2021,ETHOSCOPE_108,15,male,CS,flonicamid,22/09/2021,ZT0,100
07/10/2021,ETHOSCOPE_108,16,male,CS,flonicamid,22/09/2021,ZT0,100
07/10/2021,ETHOSCOPE_108,17,male,CS,flonicamid,22/09/2021,ZT0,100
07/10/2021,ETHOSCOPE_108,18,male,CS,flonicamid,22/09/2021,ZT0,100
07/10/2021,ETHOSCOPE_108,19,male,CS,flonicamid,22/09/2021,ZT0,100
07/10/2021,ETHOSCOPE_108,20,male,CS,flonicamid,22/09/2021,ZT0,100
07/10/2021,ETHOSCOPE_108,21,male,CS,flonicamid,22/09/2021,ZT0,100
07/10/2021,ETHOSCOPE_108,22,male,CS,flonicamid,22/09/2021,ZT0,100
07/10/2021,ETHOSCOPE_108,23,male,CS,flonicamid,22/09/2021,ZT0,100
07/10/2021,ETHOSCOPE_108,24,male,CS,flonicamid,22/09/2021,ZT0,100
15/10/2021,ETHOSCOPE_147,1,male,CS,flonicamid,01/10/2021,ZT0,100
15/10/2021,ETHOSCOPE_147,2,male,CS,flonicamid,01/10/2021,ZT0,100
15/10/2021,ETHOSCOPE_147,3,male,CS,flonicamid,01/10/2021,ZT0,100
15/10/2021,ETHOSCOPE_147,4,male,CS,flonicamid,01/10/2021,ZT0,100
15/10/2021,ETHOSCOPE_147,5,male,CS,flonicamid,01/10/2021,ZT0,100
15/10/2021,ETHOSCOPE_147,6,male,CS,flonicamid,01/10/2021,ZT0,100
15/10/2021,ETHOSCOPE_147,7,male,CS,flonicamid,01/10/2021,ZT0,100
15/10/2021,ETHOSCOPE_147,8,male,CS,flonicamid,01/10/2021,ZT0,100
15/10/2021,ETHOSCOPE_147,9,male,CS,flonicamid,01/10/2021,ZT0,100
15/10/2021,ETHOSCOPE_147,10,male,CS,flonicamid,01/10/2021,ZT0,100
15/10/2021,ETHOSCOPE_147,11,male,CS,flonicamid,01/10/2021,ZT0,100
15/10/2021,ETHOSCOPE_147,12,male,CS,flonicamid,01/10/2021,ZT0,100
15/10/2021,ETHOSCOPE_147,13,male,CS,flonicamid,01/10/2021,ZT0,100
15/10/2021,ETHOSCOPE_147,14,male,CS,flonicamid,01/10/2021,ZT0,100
15/10/2021,ETHOSCOPE_147,15,male,CS,flonicamid,01/10/2021,ZT0,100
15/10/2021,ETHOSCOPE_147,16,male,CS,flonicamid,01/10/2021,ZT0,100
15/10/2021,ETHOSCOPE_147,17,male,CS,flonicamid,01/10/2021,ZT0,100
15/10/2021,ETHOSCOPE_147,18,male,CS,flonicamid,01/10/2021,ZT0,100
15/10/2021,ETHOSCOPE_147,19,male,CS,flonicamid,01/10/2021,ZT0,100
15/10/2021,ETHOSCOPE_147,20,male,CS,flonicamid,01/10/2021,ZT0,100
15/10/2021,ETHOSCOPE_147,21,male,CS,flonicamid,01/10/2021,ZT0,100
15/10/2021,ETHOSCOPE_147,22,male,CS,flonicamid,01/10/2021,ZT0,100
15/10/2021,ETHOSCOPE_147,23,male,CS,flonicamid,01/10/2021,ZT0,100
15/10/2021,ETHOSCOPE_147,24,male,CS,flonicamid,01/10/2021,ZT0,100
29/10/2021,ETHOSCOPE_218,1,male,CS,flonicamid,15/10/2021,ZT0,100
29/10/2021,ETHOSCOPE_218,2,male,CS,flonicamid,15/10/2021,ZT0,100
29/10/2021,ETHOSCOPE_218,3,male,CS,flonicamid,15/10/2021,ZT0,100
29/10/2021,ETHOSCOPE_218,4,male,CS,flonicamid,15/10/2021,ZT0,100
29/10/2021,ETHOSCOPE_218,5,male,CS,flonicamid,15/10/2021,ZT0,100
29/10/2021,ETHOSCOPE_218,6,male,CS,flonicamid,15/10/2021,ZT0,100
29/10/2021,ETHOSCOPE_218,7,male,CS,flonicamid,15/10/2021,ZT0,100
29/10/2021,ETHOSCOPE_218,8,male,CS,flonicamid,15/10/2021,ZT0,100
29/10/2021,ETHOSCOPE_218,9,male,CS,flonicamid,15/10/2021,ZT0,100
29/10/2021,ETHOSCOPE_218,10,male,CS,flonicamid,15/10/2021,ZT0,100
29/10/2021,ETHOSCOPE_218,11,male,CS,flonicamid,15/10/2021,ZT0,100
29/10/2021,ETHOSCOPE_218,12,male,CS,flonicamid,15/10/2021,ZT0,100
29/10/2021,ETHOSCOPE_218,13,male,CS,flonicamid,15/10/2021,ZT0,100
29/10/2021,ETHOSCOPE_218,14,male,CS,flonicamid,15/10/2021,ZT0,100
29/10/2021,ETHOSCOPE_218,15,male,CS,flonicamid,15/10/2021,ZT0,100
29/10/2021,ETHOSCOPE_218,16,male,CS,flonicamid,15/10/2021,ZT0,100
29/10/2021,ETHOSCOPE_218,17,male,CS,flonicamid,15/10/2021,ZT0,100
29/10/2021,ETHOSCOPE_218,18,male,CS,flonicamid,15/10/2021,ZT0,100
29/10/2021,ETHOSCOPE_218,19,male,CS,flonicamid,15/10/2021,ZT0,100
29/10/2021,ETHOSCOPE_218,20,male,CS,flonicamid,15/10/2021,ZT0,100
29/10/2021,ETHOSCOPE_218,21,male,CS,flonicamid,15/10/2021,ZT0,100
29/10/2021,ETHOSCOPE_218,22,male,CS,flonicamid,15/10/2021,ZT0,100
29/10/2021,ETHOSCOPE_218,23,male,CS,flonicamid,15/10/2021,ZT0,100
29/10/2021,ETHOSCOPE_218,24,male,CS,flonicamid,15/10/2021,ZT0,100
07/10/2021,ETHOSCOPE_238,1,male,CS,lufenuron,22/09/2021,ZT0,100
07/10/2021,ETHOSCOPE_238,2,male,CS,lufenuron,22/09/2021,ZT0,100
07/10/2021,ETHOSCOPE_238,3,male,CS,lufenuron,22/09/2021,ZT0,100
07/10/2021,ETHOSCOPE_238,4,male,CS,lufenuron,22/09/2021,ZT0,100
07/10/2021,ETHOSCOPE_238,5,male,CS,lufenuron,22/09/2021,ZT0,100
07/10/2021,ETHOSCOPE_238,6,male,CS,lufenuron,22/09/2021,ZT0,100
07/10/2021,ETHOSCOPE_238,7,male,CS,lufenuron,22/09/2021,ZT0,100
07/10/2021,ETHOSCOPE_238,8,male,CS,lufenuron,22/09/2021,ZT0,100
07/10/2021,ETHOSCOPE_238,9,male,CS,lufenuron,22/09/2021,ZT0,100
07/10/2021,ETHOSCOPE_238,10,male,CS,lufenuron,22/09/2021,ZT0,100
07/10/2021,ETHOSCOPE_238,11,male,CS,lufenuron,22/09/2021,ZT0,100
07/10/2021,ETHOSCOPE_238,12,male,CS,lufenuron,22/09/2021,ZT0,100
07/10/2021,ETHOSCOPE_238,13,male,CS,lufenuron,22/09/2021,ZT0,100
07/10/2021,ETHOSCOPE_238,14,male,CS,lufenuron,22/09/2021,ZT0,100
07/10/2021,ETHOSCOPE_238,15,male,CS,lufenuron,22/09/2021,ZT0,100
07/10/2021,ETHOSCOPE_238,16,male,CS,lufenuron,22/09/2021,ZT0,100
07/10/2021,ETHOSCOPE_238,17,male,CS,lufenuron,22/09/2021,ZT0,100
07/10/2021,ETHOSCOPE_238,18,male,CS,lufenuron,22/09/2021,ZT0,100
07/10/2021,ETHOSCOPE_238,19,male,CS,lufenuron,22/09/2021,ZT0,100
07/10/2021,ETHOSCOPE_238,20,male,CS,lufenuron,22/09/2021,ZT0,100
07/10/2021,ETHOSCOPE_238,21,male,CS,lufenuron,22/09/2021,ZT0,100
07/10/2021,ETHOSCOPE_238,22,male,CS,lufenuron,22/09/2021,ZT0,100
07/10/2021,ETHOSCOPE_238,23,male,CS,lufenuron,22/09/2021,ZT0,100
07/10/2021,ETHOSCOPE_238,24,male,CS,lufenuron,22/09/2021,ZT0,100
15/10/2021,ETHOSCOPE_148,1,male,CS,lufenuron,01/10/2021,ZT0,100
15/10/2021,ETHOSCOPE_148,2,male,CS,lufenuron,01/10/2021,ZT0,100
15/10/2021,ETHOSCOPE_148,3,male,CS,lufenuron,01/10/2021,ZT0,100
15/10/2021,ETHOSCOPE_148,4,male,CS,lufenuron,01/10/2021,ZT0,100
15/10/2021,ETHOSCOPE_148,5,male,CS,lufenuron,01/10/2021,ZT0,100
15/10/2021,ETHOSCOPE_148,6,male,CS,lufenuron,01/10/2021,ZT0,100
15/10/2021,ETHOSCOPE_148,7,male,CS,lufenuron,01/10/2021,ZT0,100
15/10/2021,ETHOSCOPE_148,8,male,CS,lufenuron,01/10/2021,ZT0,100
15/10/2021,ETHOSCOPE_148,9,male,CS,lufenuron,01/10/2021,ZT0,100
15/10/2021,ETHOSCOPE_148,10,male,CS,lufenuron,01/10/2021,ZT0,100
15/10/2021,ETHOSCOPE_148,11,male,CS,lufenuron,01/10/2021,ZT0,100
15/10/2021,ETHOSCOPE_148,12,male,CS,lufenuron,01/10/2021,ZT0,100
15/10/2021,ETHOSCOPE_148,13,male,CS,lufenuron,01/10/2021,ZT0,100
15/10/2021,ETHOSCOPE_148,14,male,CS,lufenuron,01/10/2021,ZT0,100
15/10/2021,ETHOSCOPE_148,15,male,CS,lufenuron,01/10/2021,ZT0,100
15/10/2021,ETHOSCOPE_148,16,male,CS,lufenuron,01/10/2021,ZT0,100
15/10/2021,ETHOSCOPE_148,17,male,CS,lufenuron,01/10/2021,ZT0,100
15/10/2021,ETHOSCOPE_148,18,male,CS,lufenuron,01/10/2021,ZT0,100
15/10/2021,ETHOSCOPE_148,19,male,CS,lufenuron,01/10/2021,ZT0,100
15/10/2021,ETHOSCOPE_148,20,male,CS,lufenuron,01/10/2021,ZT0,100
15/10/2021,ETHOSCOPE_148,21,male,CS,lufenuron,01/10/2021,ZT0,100
15/10/2021,ETHOSCOPE_148,22,male,CS,lufenuron,01/10/2021,ZT0,100
15/10/2021,ETHOSCOPE_148,23,male,CS,lufenuron,01/10/2021,ZT0,100
15/10/2021,ETHOSCOPE_148,24,male,CS,lufenuron,01/10/2021,ZT0,100
29/10/2021,ETHOSCOPE_139,1,male,CS,lufenuron,15/10/2021,ZT0,100
29/10/2021,ETHOSCOPE_139,2,male,CS,lufenuron,15/10/2021,ZT0,100
29/10/2021,ETHOSCOPE_139,3,male,CS,lufenuron,15/10/2021,ZT0,100
29/10/2021,ETHOSCOPE_139,4,male,CS,lufenuron,15/10/2021,ZT0,100
29/10/2021,ETHOSCOPE_139,5,male,CS,lufenuron,15/10/2021,ZT0,100
29/10/2021,ETHOSCOPE_139,6,male,CS,lufenuron,15/10/2021,ZT0,100
29/10/2021,ETHOSCOPE_139,7,male,CS,lufenuron,15/10/2021,ZT0,100
29/10/2021,ETHOSCOPE_139,8,male,CS,lufenuron,15/10/2021,ZT0,100
29/10/2021,ETHOSCOPE_139,9,male,CS,lufenuron,15/10/2021,ZT0,100
29/10/2021,ETHOSCOPE_139,10,male,CS,lufenuron,15/10/2021,ZT0,100
29/10/2021,ETHOSCOPE_139,11,male,CS,lufenuron,15/10/2021,ZT0,100
29/10/2021,ETHOSCOPE_139,12,male,CS,lufenuron,15/10/2021,ZT0,100
29/10/2021,ETHOSCOPE_139,13,male,CS,lufenuron,15/10/2021,ZT0,100
29/10/2021,ETHOSCOPE_139,14,male,CS,lufenuron,15/10/2021,ZT0,100
29/10/2021,ETHOSCOPE_139,15,male,CS,lufenuron,15/10/2021,ZT0,100
29/10/2021,ETHOSCOPE_139,16,male,CS,lufenuron,15/10/2021,ZT0,100
29/10/2021,ETHOSCOPE_139,17,male,CS,lufenuron,15/10/2021,ZT0,100
29/10/2021,ETHOSCOPE_139,18,male,CS,lufenuron,15/10/2021,ZT0,100
29/10/2021,ETHOSCOPE_139,19,male,CS,lufenuron,15/10/2021,ZT0,100
29/10/2021,ETHOSCOPE_139,20,male,CS,lufenuron,15/10/2021,ZT0,100
29/10/2021,ETHOSCOPE_139,21,male,CS,lufenuron,15/10/2021,ZT0,100
29/10/2021,ETHOSCOPE_139,22,male,CS,lufenuron,15/10/2021,ZT0,100
29/10/2021,ETHOSCOPE_139,23,male,CS,lufenuron,15/10/2021,ZT0,100
29/10/2021,ETHOSCOPE_139,24,male,CS,lufenuron,15/10/2021,ZT0,100
07/10/2021,ETHOSCOPE_259,1,male,CS,DDT,22/09/2021,ZT0,100
07/10/2021,ETHOSCOPE_259,2,male,CS,DDT,22/09/2021,ZT0,100
07/10/2021,ETHOSCOPE_259,3,male,CS,DDT,22/09/2021,ZT0,100
07/10/2021,ETHOSCOPE_259,4,male,CS,DDT,22/09/2021,ZT0,100
07/10/2021,ETHOSCOPE_259,5,male,CS,DDT,22/09/2021,ZT0,100
07/10/2021,ETHOSCOPE_259,6,male,CS,DDT,22/09/2021,ZT0,100
07/10/2021,ETHOSCOPE_259,7,male,CS,DDT,22/09/2021,ZT0,100
07/10/2021,ETHOSCOPE_259,8,male,CS,DDT,22/09/2021,ZT0,100
07/10/2021,ETHOSCOPE_259,9,male,CS,DDT,22/09/2021,ZT0,100
07/10/2021,ETHOSCOPE_259,10,male,CS,DDT,22/09/2021,ZT0,100
07/10/2021,ETHOSCOPE_259,11,male,CS,DDT,22/09/2021,ZT0,100
07/10/2021,ETHOSCOPE_259,12,male,CS,DDT,22/09/2021,ZT0,100
07/10/2021,ETHOSCOPE_259,13,male,CS,DDT,22/09/2021,ZT0,100
07/10/2021,ETHOSCOPE_259,14,male,CS,DDT,22/09/2021,ZT0,100
07/10/2021,ETHOSCOPE_259,15,male,CS,DDT,22/09/2021,ZT0,100
07/10/2021,ETHOSCOPE_259,16,male,CS,DDT,22/09/2021,ZT0,100
07/10/2021,ETHOSCOPE_259,17,male,CS,DDT,22/09/2021,ZT0,100
07/10/2021,ETHOSCOPE_259,18,male,CS,DDT,22/09/2021,ZT0,100
07/10/2021,ETHOSCOPE_259,19,male,CS,DDT,22/09/2021,ZT0,100
07/10/2021,ETHOSCOPE_259,20,male,CS,DDT,22/09/2021,ZT0,100
07/10/2021,ETHOSCOPE_259,21,male,CS,DDT,22/09/2021,ZT0,100
07/10/2021,ETHOSCOPE_259,22,male,CS,DDT,22/09/2021,ZT0,100
07/10/2021,ETHOSCOPE_259,23,male,CS,DDT,22/09/2021,ZT0,100
07/10/2021,ETHOSCOPE_259,24,male,CS,DDT,22/09/2021,ZT0,100
15/10/2021,ETHOSCOPE_141,1,male,CS,DDT,01/10/2021,ZT0,100
15/10/2021,ETHOSCOPE_141,2,male,CS,DDT,01/10/2021,ZT0,100
15/10/2021,ETHOSCOPE_141,3,male,CS,DDT,01/10/2021,ZT0,100
15/10/2021,ETHOSCOPE_141,4,male,CS,DDT,01/10/2021,ZT0,100
15/10/2021,ETHOSCOPE_141,5,male,CS,DDT,01/10/2021,ZT0,100
15/10/2021,ETHOSCOPE_141,6,male,CS,DDT,01/10/2021,ZT0,100
15/10/2021,ETHOSCOPE_141,7,male,CS,DDT,01/10/2021,ZT0,100
15/10/2021,ETHOSCOPE_141,8,male,CS,DDT,01/10/2021,ZT0,100
15/10/2021,ETHOSCOPE_141,9,male,CS,DDT,01/10/2021,ZT0,100
15/10/2021,ETHOSCOPE_141,10,male,CS,DDT,01/10/2021,ZT0,100
15/10/2021,ETHOSCOPE_141,11,male,CS,DDT,01/10/2021,ZT0,100
15/10/2021,ETHOSCOPE_141,12,male,CS,DDT,01/10/2021,ZT0,100
15/10/2021,ETHOSCOPE_141,13,male,CS,DDT,01/10/2021,ZT0,100
15/10/2021,ETHOSCOPE_141,14,male,CS,DDT,01/10/2021,ZT0,100
15/10/2021,ETHOSCOPE_141,15,male,CS,DDT,01/10/2021,ZT0,100
15/10/2021,ETHOSCOPE_141,16,male,CS,DDT,01/10/2021,ZT0,100
15/10/2021,ETHOSCOPE_141,17,male,CS,DDT,01/10/2021,ZT0,100
15/10/2021,ETHOSCOPE_141,18,male,CS,DDT,01/10/2021,ZT0,100
15/10/2021,ETHOSCOPE_141,19,male,CS,DDT,01/10/2021,ZT0,100
15/10/2021,ETHOSCOPE_141,20,male,CS,DDT,01/10/2021,ZT0,100
15/10/2021,ETHOSCOPE_141,21,male,CS,DDT,01/10/2021,ZT0,100
15/10/2021,ETHOSCOPE_141,22,male,CS,DDT,01/10/2021,ZT0,100
15/10/2021,ETHOSCOPE_141,23,male,CS,DDT,01/10/2021,ZT0,100
15/10/2021,ETHOSCOPE_141,24,male,CS,DDT,01/10/2021,ZT0,100
